ID,Name,Category,Description,Nature_Type,Nature_Label,Mosleh,Calories,CookTime,Difficulty,Nationality,Ingredients_List,Recipe_Steps
"dish-0-1766794336335","آش اماج","ash","آش اماج یکی از آش‌های اصیل و سنتی ایرانی است که با استفاده از دانه‌های دست‌ساز خمیر آرد، عدس و سبزیجات معطر تهیه می‌شود. این آش به دلیل بافت خاص اماج و طعم دلپذیر پیازداغ و نعناع‌داغ، گزینه‌ای بسیار مقوی و لذیذ برای وعده‌های خانوادگی است.","hot","گرم و خشک","سرکه یا آب انار","380","75","متوسط","ایران","آرد گندم:200:گرم | عدس:200:پیمانه | سبزی آش (تره، جعفری، اسفناج):500:گرم | پیاز بزرگ:3:عدد | آب گوشت یا عصاره مرغ:960:میلی‌لیتر | روغن زیتون:60:قاشق | نعناع خشک:10:قاشق | نمک و فلفل و زردچوبه:1:به میزان لازم | نمک و فلفل سیاه:1:به میزان لازم | نمک و فلفل و زردچوبه:1:به میزان لازم","ابتدا عدس را به خوبی شسته و به همراه آب گوشت یا عصاره مرغ در یک قابلمه بزرگ بریزید. قابلمه را روی حرارت قرار دهید تا عدس‌ها کاملاً پخته و نرم شوند. | در حین پخت عدس، آرد را با کمی نمک مخلوط کنید. سپس به آرامی روی آرد کمی آب بپاشید و با نوک انگشتان دست به صورت دورانی مالش دهید تا آرد به شکل دانه‌های بسیار ریز خمیری (اماج) درآید. اماج‌ها را در یک سینی پهن کنید تا کمی در هوای آزاد خشک شوند. | پیازها را به صورت خلالی خرد کرده و در یک تابه با روغن سرخ کنید تا کاملاً طلایی و سبک شوند. در اواخر سرخ شدن، زردچوبه و فلفل سیاه را اضافه کرده و تفت دهید تا عطر ادویه‌ها خارج شود. | سبزی آش خرد شده را به قابلمه عدس‌های پخته شده اضافه کنید و اجازه دهید حدود ۱۵ تا ۲۰ دقیقه با هم بجوشند تا سبزیجات پخته شوند. | بعد از پخت سبزی، اماج‌های آماده شده را به آرامی و به صورت پراکنده به آش اضافه کنید. بلافاصله و به طور مداوم هم بزنید تا دانه‌های اماج به هم نچسبند. اجازه دهید آش حدود ۱۵ دقیقه بجوشد تا اماج‌ها پخته شده و آش کاملاً لعاب بیندازد. | در مرحله نهایی، نیمی از پیاز داغ را به همراه نعناع خشک (که در کمی روغن تفت داده‌اید) به آش اضافه کنید. میزان نمک را تست کرده و پس از اینکه آش جا افتاد، آن را در ظرف سرو ریخته و با باقی‌مانده پیاز داغ و نعناع داغ تزئین کنید."
"dish-0-1766799342395","شوید پلو با تن ماهی ","polo","یک غذای فوری، خوشمزه و دانشجویی که با شوید خشک یا تازه تهیه می‌شود و عطر شوید بوی زهم تن ماهی را کاملاً می‌گیرد.","balanced","معتدل (تقابل شوید گرم و ماهی سرد)","سیر، فلفل قرمز، زنجبیل، زیتون","450","45","آسان","ایران","برنج:4:پیمانه | کنسرو تن ماهی:2:قوطی | شوید خشک:4:قاشق | پیاز:1:عدد | سیر:2:حبه | زعفران دم‌کرده:1:به میزان لازم","کنسروهای تن ماهی را ۲۰ دقیقه بجوشانید. | پیاز را نگینی خرد کرده و در تابه تفت دهید تا طلایی شود. | سیر له شده و ادویه‌ها را به پیاز اضافه کنید. | روغن تن ماهی را گرفته و گوشت ماهی را به پیاز اضافه کنید و کمی تفت دهید. | شوید را اضافه کرده و تفت مختصری دهید. | برنج را آبکش کنید. | مایه تن ماهی و شوید را لابلای برنج آبکش شده در قابلمه بریزید. | اجازه دهید برنج ۳۰ تا ۴۰ دقیقه دم بکشد."
"dish-0-1766876956936","آبگوشت ساده","khorak","آبگوشت یکی از اصیل‌ترین و مقوی‌ترین غذاهای سنتی ایران است که از ترکیب گوشت گوسفندی، حبوبات و سیب‌زمینی تهیه می‌شود. این غذا به دلیل پخت طولانی با حرارت ملایم، طعمی بسیار لذیذ و جا افتاده دارد و معمولاً در دو مرحله (تلیت آب و گوشت کوبیده) سرو می‌شود.","balanced","معتدل مایل به گرم","زیره سبز، دارچین، ترشیجات، آب‌لیمو","2100","240","متوسط","ایران","گوشت گوسفندی با استخوان:500:گرم | سیب‌زمینی متوسط:4:عدد | پیاز متوسط:2:عدد | نخود (اختیاری):100:گرم | نمک و فلفل و زردچوبه:1:به میزان لازم | نمک و فلفل و زردچوبه:1:به میزان لازم | نمک و فلفل سیاه:1:به میزان لازم | آب:1000:میلیلیتر","نخود را از شب قبل خیس کرده و چند بار آب آن را عوض کنید تا نفخ آن به طور کامل گرفته شود. | گوشت گوسفندی را شسته و به همراه پیازهای پوست گرفته و دو نیم شده، نخود خیس خورده و ۱۰۰۰ میلی‌لیتر آب در قابلمه بریزید. | قابلمه را روی حرارت زیاد قرار دهید تا به جوش بیاید، سپس کف روی آب را با قاشق بگیرید تا آبگوشت در نهایت شفاف شود. | زردچوبه و فلفل سیاه را اضافه کرده، درب قابلمه را ببندید و اجازه دهید با حرارت بسیار ملایم به مدت ۳ ساعت بپزد. | سیب‌زمینی‌ها را پوست بگیرید و به صورت درسته به همراه نمک به قابلمه اضافه کنید و اجازه دهید ۱ ساعت دیگر پخت ادامه یابد تا سیب‌زمینی‌ها کاملاً نرم شوند. | پس از پخت کامل، پیازها را خارج کنید. آب را در ظرفی جداگانه برای تلیت کردن نان سرو کنید. | استخوان‌های گوشت را جدا کرده و باقی مواد (گوشت، نخود و سیب‌زمینی) را با گوشت‌کوب کاملاً بکوبید تا یکدست شود و در کنار تلیت سرو نمایید."
"dish-0-1766877137844","خوراک مرغ و سبزیجات","khorak","یک غذای سالم و رژیمی که ترکیبی از فیله مرغ و انواع سبزیجات بخارپز یا تفت داده شده است و هضم آسانی دارد.","cold","سرد و تر (به دلیل مرغ و اکثر سبزیجات)","ادویه‌های گرم مانند فلفل سیاه، زنجبیل، آویشن و زعفران","350","45","آسان","بین‌المللی","سینه مرغ:500:گرم | هویج:200:گرم | کدو سبز:2:گرم | کلم بروکلی:200:گرم | فلفل دلمه‌ای:1:عدد | پیاز:1:عدد | سیر:2:حبه | روغن زیتون:3:قاشق | نمک و فلفل و زردچوبه:1:به میزان لازم | ابلیموی ترش و تازه:2:قاشق","ابتدا سینه مرغ را به قطعات مکعبی خرد کرده و با پیاز خرد شده و کمی روغن تفت دهید تا تغییر رنگ دهد. | سیر رنده شده و ادویه‌ها (زردچوبه و فلفل) را اضافه کنید و تفت دهید. | هویج‌ها را حلقه‌ای خرد کرده و به مرغ اضافه کنید و با کمی آب بگذارید نیم‌پز شود. | کدو سبز، فلفل دلمه‌ای و کلم بروکلی خرد شده را اضافه کنید. | درب تابه را بگذارید تا سبزیجات با بخار و آب مرغ پخته و نرم شوند (حدود ۱۵ دقیقه). | در آخر نمک و آب لیموترش را اضافه کرده و سرو کنید."
"dish-0-1766881812357","سالاد ماکارونی با تن ماهی","khorak","یک سالاد سرد، مقوی و پرطرفدار که ترکیبی از پاستای فرمی، تن ماهی و سبزیجات تازه است. این غذا به عنوان وعده اصلی سبک یا پیش‌غذا در مهمانی‌ها سرو می‌شود.","cold","سرد و تر","آویشن، فلفل سیاه، روغن زیتون، سیاه دانه","480","45","آسان","ایران","ماکارونی فرمی:400:گرم | تن ماهی:360:گرم | خیارشور خرد شده:200:عدد | ذرت پخته شده:160:گرم | فلفل دلمه‌ای رنگی:1:عدد | سس مایونز:240:میلیلیتر | ماست چکیده:120:پیمانه | ابلیموی ترش و تازه:30:قاشق | نمک و فلفل و زردچوبه:1:به میزان لازم | نمک و فلفل سیاه:1:به میزان لازم | آویشن:0:به میزان لازم","ابتدا در یک قابلمه بزرگ آب را به همراه کمی نمک و روغن به جوش می‌آوریم. ماکارونی‌های فرمی را اضافه کرده و طبق دستور روی بسته‌بندی (حدود ۸ تا ۱۰ دقیقه) می‌پزیم تا کاملاً نرم شوند، سپس آبکش کرده و با آب سرد می‌شوییم تا حرارت آن گرفته شود و کنار می‌گذاریم تا کاملاً خشک و خنک شوند. | قوطی‌های تن ماهی را به مدت ۲۰ دقیقه در آب در حال جوش می‌جوشانیم. پس از خنک شدن، درب قوطی را باز کرده، روغن آن را کاملاً جدا می‌کنیم و گوشت ماهی را با چنگال به تکه‌های کوچک تقسیم (ریش‌ریش) می‌کنیم. | فلفل دلمه‌ای را به صورت نگینی ریز خرد می‌کنیم. در یک کاسه بزرگ، ماکارونی سرد شده، تن ماهی آماده، خیارشور خرد شده، ذرت پخته و فلفل دلمه‌ای را با هم مخلوط می‌کنیم. | در یک ظرف جداگانه برای تهیه سس، سس مایونز را با ماست چکیده، آبلیمو، نمک، فلفل سیاه و آویشن ترکیب کرده و به خوبی هم می‌زنیم تا بافتی یکدست و کرمی به دست آید. | سس آماده شده را روی مواد سالاد ریخته و با دو قاشق بزرگ به آرامی مواد را زیر و رو می‌کنیم تا تمام اجزا به طور یکنواخت به سس آغشته شوند بدون اینکه ماکارونی‌ها له شوند. | روی ظرف را با سلفون پوشانده و حداقل به مدت ۲ ساعت در یخچال قرار می‌دهیم تا مزه‌ها کاملاً به خورد هم بروند. این سالاد به صورت سرد سرو می‌شود."
"dish-0-1766883317766","خورش قیمه بادمجان مجلسی","stew","یکی از اصیل‌ترین و لذیذترین خورش‌های سفره ایرانی که از ترکیب گوشت گوسفندی، لپه و بادمجان سرخ‌شده تهیه می‌شود و با عطر زعفران و لیمو عمانی طعمی بی‌نظیر می‌یابد.","hot","گرم و خشک","آبغوره، کشک، گوشت گوسفند (برای تعدیل خشکی بادمجان)","480","180","متوسط","Iran","گوشت گوسفندی (ران یا سردست):400:گرم | لپه:150:پیمانه | بادمجان قلمی:4:عدد | پیاز بزرگ:1:عدد | رب گوجه فرنگی:70:قاشق | لیمو عمانی:0:به میزان لازم | زعفران دم‌کرده:0:به میزان لازم | آبغوره یا گرد لیمو:0:به میزان لازم | نمک و فلفل سیاه و زرد چوبه:1:به میزان لازم | روغن مایع:0:به میزان لازم | گوجه‌فرنگی ریز (گیلاسی):100:گرم","پیاز را به صورت نگینی خرد کرده و در قابلمه با مقداری روغن مایع تفت دهید تا سبک و طلایی شود. | گوشت گوسفندی خرد شده را به پیاز اضافه کرده و به خوبی تفت دهید تا تغییر رنگ دهد، سپس زردچوبه و فلفل سیاه را برای عطر بهتر بیافزایید. | لپه‌هایی که از قبل خیس کرده‌اید را به قابلمه اضافه کنید و حدود ۳ دقیقه تفت دهید تا بوی خامی آن‌ها گرفته شده و در حین پخت وا نروند. | رب گوجه‌فرنگی را افزوده و تفت دهید تا کاملاً رنگ باز کند و بوی خامی آن از بین برود. | مقدار کافی آب جوش به قابلمه اضافه کنید و اجازه دهید خورش با حرارت ملایم به مدت ۲ تا ۳ ساعت بپزد تا گوشت و لپه کاملاً مغزپخت شوند. | لیمو عمانی‌ها را با چنگال سوراخ کرده و در ۳۰ دقیقه پایانی پخت به خورش اضافه کنید تا طعم آن‌ها خارج شده اما تلخی ایجاد نکنند. | بادمجان‌ها را پوست بگیرید، نمک بزنید و پس از ۳۰ دقیقه بشویید و خشک کنید، سپس در روغن تفت دهید تا کاملاً سرخ شوند. | در ۱۵ دقیقه آخر پخت، زعفران دم‌کرده و آبغوره (یا گرد لیمو) را برای تنظیم طعم و عطر به خورش اضافه کنید و نمک را اندازه نمایید. | در مرحله نهایی، بادمجان‌های سرخ‌شده و گوجه‌فرنگی‌های گیلاسی را روی خورش بچینید تا به مدت ۱۰ دقیقه با بخار خورش نرم شده و طعم سس را به خود بگیرند."
"dish-0-1766883592583","خورش ماش و کدو","stew","یک خورش اصیل و رژیمی ایرانی که با ترکیب ماش، کدو سبز و سبزیجات معطر تهیه می‌شود. این خورش به دلیل داشتن پروتئین گیاهی و فیبر بالا، گزینه‌ای بسیار سالم و مغذی برای وعده ناهار یا شام است.","cold","سرد و تر","زیره سبز، فلفل سیاه و نعنا داغ","240","50","آسان","ir","ماش:200:پیمانه | کدو سبز متوسط:800:گرم | پیاز درشت:1:عدد | سیر:3:حبه | نمک و فلفل و زردچوبه:1:به میزان لازم | شوید خشک (اختیاری):8:قاشق | نمک و فلفل سیاه و زرد چوبه:1:به میزان لازم | آبلیمو تازه:30:میلی‌لیتر | روغن زیتون:45:قاشق | آب:400:میلیلیتر","ماش را از چند ساعت قبل خیس کرده و سپس با مقدار کافی آب بپزید تا کاملاً نرم شود اما بافت آن له نشود. | پیاز را به صورت نگینی خرد کرده و در روغن زیتون تفت دهید تا طلایی و سبک شود. | سیر خرد شده را به پیاز اضافه کرده و پس از چند ثانیه تفت دادن، زردچوبه را اضافه نمایید. | کدوها را به صورت حلقه‌ای یا نگینی خرد کرده و به تابه اضافه کنید و کمی تفت دهید تا رنگ بگیرند. | ماش پخته شده را به همراه ۴۰۰ میلی‌لیتر آب به مخلوط کدو و پیاز اضافه کنید. | شوید خشک، نمک و فلفل سیاه را به خورش بیفزایید و درب ظرف را بگذارید تا با حرارت ملایم کدوها بپزند و خورش کاملاً جا بیفتد. | در ۵ دقیقه پایانی پخت، آبلیمو تازه را اضافه کرده و طعم خورش را تنظیم کنید. | در صورت تمایل می‌توانید در انتها مقداری نعنا داغ برای عطر و طعم بهتر روی خورش بریزید."
"dish-0-1766883843657","خورش به آلو کلاسیک","stew","یک خورش اصیل و مجلسی ایرانی با طعم ملس که از ترکیب به، آلو بخارا و گوشت گوسفندی تهیه می‌شود. این غذا به دلیل عطر بی‌نظیر به و خواص فراوان آن، یکی از محبوب‌ترین غذاهای فصل پاییز است.","balanced","معتدل (مایل به گرمی اگر شیرین باشد)","سکنجبین (اگر شیرین باشد)، عسل یا دارچین (اگر ترش باشد)","480","150","متوسط","ir","گوشت ماهیچه یا خورشتی:500:گرم | به درشت:500:عدد | آلو بخارا:150:عدد | پیاز:1:عدد | شکر:30:به میزان لازم | ابلیموی ترش و تازه:15:قاشق | زعفران دم‌کرده غلیظ:1:به میزان لازم | رب گوجه فرنگی:45:قاشق | روغن و کره:50:گرم | نمک، فلفل، زردچوبه و دارچین:0:به میزان لازم","پیاز را نگینی خرد کرده و با روغن در قابلمه تفت دهید تا سبک و طلایی شود. سپس گوشت را اضافه کرده و همراه با زردچوبه و فلفل سرخ کنید تا تغییر رنگ دهد. | رب گوجه فرنگی را به گوشت اضافه کرده و تفت دهید تا بوی خامی آن گرفته شود، سپس مقداری آب جوش اضافه کرده و اجازه دهید گوشت با حرارت ملایم نیم‌پز شود. | به‌ها را شسته، هسته بگیرید و به صورت مکعبی درشت (حبه قندی) خرد کنید. آن‌ها را در کمی کره یا روغن تفت دهید تا در حین پخت له نشوند و شکل خود را حفظ کنند. | آلوها را شسته و خیس کنید؛ سپس در یک ساعت پایانی پخت گوشت، به همراه به‌های تفت داده شده به خورش اضافه کنید. | شکر، آبلیمو، زعفران دم‌کرده و پودر دارچین را در نیم ساعت آخر برای ایجاد طعم ملس و عطر بهتر به خورش بیفزایید. | حرارت را بسیار ملایم کنید تا خورش کاملاً جا افتاده و روغن بیندازد، دقت کنید که به‌ها نباید بیش از حد له شوند."
"dish-0-1766884212692","خورش شش‌انداز بادمجان","stew","یک خورش اصیل و سنتی گیلانی که به دلیل استفاده از گردو و رب انار، طعمی شبیه به فسنجان دارد اما با بادمجان سرخ‌شده تهیه می‌شود و انتخابی عالی برای علاقه‌مندان به غذاهای گیاهی است.","hot","گرم و خشک","رب انار، ماست، کشک","480","150","متوسط","ir","بادمجان قلمی:600:عدد | گردوی آسیاب شده:200:گرم | رب انار:45:قاشق | پیاز:1:عدد | نمک و فلفل و زردچوبه:1:به میزان لازم | نمک و فلفل سیاه:1:به میزان لازم | نمک و فلفل و زردچوبه:1:به میزان لازم | روغن زیتون:60:قاشق | آب سرد:600:لیتر","پیاز را پوست گرفته و رنده کنید، سپس آن را در قابلمه ریخته و به همراه گردوی آسیاب شده روی حرارت ملایم کمی تفت دهید تا بوی خامی گردو گرفته شود. | آب سرد را به قابلمه اضافه کرده و حرارت را زیاد کنید تا به جوش بیاید، سپس شعله را بسیار کم کرده و اجازه دهید گردو به مدت ۲ تا ۳ ساعت به آرامی بجوشد و روغن بیندازد. | در این فاصله بادمجان‌ها را پوست بگیرید و به صورت مکعبی درشت خرد کنید. در یک تابه مقداری روغن ریخته و بادمجان‌ها را سرخ کنید تا کاملاً طلایی شوند. | پس از اینکه گردو به روغن افتاد، رب انار، نمک، فلفل سیاه و زردچوبه را به خورش اضافه کنید و هم بزنید تا رنگ رب انار باز شود. | در ۲۰ دقیقه پایانی پخت، بادمجان‌های سرخ شده را به آرامی به خورش اضافه کنید تا طعم‌ها با هم ترکیب شوند و بادمجان‌ها نرم شوند اما له نشوند. | اجازه دهید خورش کاملاً غلیظ شود و جا بیفتد، سپس آن را در ظرف مناسب کشیده و همراه با کته زعفرانی سرو کنید."
"dish-0-1766956020736","کله جوش کرمانی","soup","کله‌جوش یکی از غذاهای سنتی و اصیل ایرانی و به‌ویژه استان کرمان است که به دلیل داشتن کشک و گردو، منبع غنی از کلسیم و فسفر محسوب می‌شود و معمولاً با نان خشک ترید می‌گردد.","balanced","undefined","خرما، ترب، مغز گردو","420","30","آسان","ir","کشک ساییده شده محلی:400:میلیلیتر | مغز گردو خرد شده:200:پیمانه | پیاز متوسط:3:عدد | نعنا خشک:15:گرم | روغن حیوانی:30:میلی‌لیتر | نمک و فلفل و زردچوبه:1:به میزان لازم | نمک و فلفل سیاه و زرد چوبه:1:به میزان لازم | آب:480:میلیلیتر","پیازها را به صورت خلالی و یکدست خرد کرده و در قابلمه مناسب با روغن حیوانی تفت دهید تا کاملاً طلایی و سبک شوند. | مغز گردوی خرد شده را به پیاز داغ اضافه کنید و حدود دو دقیقه تفت دهید تا گردو کمی روغن پس داده و عطر آن خارج شود. | زردچوبه، فلفل سیاه و نعنا خشک را اضافه کنید و سریعاً هم بزنید تا مواد با هم مخلوط شوند؛ دقت کنید که نعنا نباید زیاد حرارت ببیند چون تلخ می‌شود. | کشک را با ۴۸۰ میلی‌لیتر آب رقیق کرده و به مواد تفت داده شده در قابلمه اضافه کنید. | حرارت را ملایم کرده و مدام هم بزنید تا کشک داغ شده و بخار از آن بلند شود؛ توجه داشته باشید که غذا نباید به نقطه جوش برسد چون باعث بریدن کشک می‌شود. | به محض داغ شدن، شعله را خاموش کرده، نمک را اندازه کنید (با احتیاط به دلیل شور بودن کشک) و غذا را با نان سنگک خشک ترید کرده و سرو نمایید."
"dish-0-1766956416037","کالباس مرغ خانگی","fastfood","کالباس مرغ خانگی یک فرآورده گوشتی سالم، خوشمزه و فاقد مواد نگهدارنده است که با استفاده از گوشت مرغ تازه و ادویه‌جات معطر تهیه می‌شود و انتخابی ایده‌آل برای وعده‌های غذایی کودکان و ساندویچ‌های خانگی می‌باشد.","cold","سرد و تر","سیاه دانه یا زنجبیل","245","120","متوسط","ایران","سینه مرغ چرخ شده:700:گرم | سیر:4:حبه | شیر خشک:40:پیمانه | نشاسته ذرت:45:گرم | تخم مرغ:1:عدد | روغن مایع:1:به میزان لازم | نمک و فلفل سیاه:1:به میزان لازم | جوز هندی:0:به میزان لازم | پودر سیر:0:حبه | هویج پخته و نگینی شده:80:گرم | پسته خام:40:گرم","سینه مرغ چرخ شده را همراه با حبه‌های سیر، فلفل سیاه، جوز هندی و پودر سیر درون دستگاه غذاساز بریزید و به خوبی میکس کنید تا بافتی کاملاً چسبناک و یکدست پیدا کند. | نشاسته ذرت، شیر خشک، تخم مرغ و روغن مایع را به مخلوط مرغ اضافه کرده و مجدداً دستگاه را روشن کنید تا خمیری کاملاً نرم، منعطف و همگن حاصل شود. | مایه کالباس را از غذاساز به یک کاسه بزرگ منتقل کنید. هویج‌های پخته و نگینی شده را به همراه پسته خام اضافه کرده و با قاشق کاملاً مخلوط کنید تا مواد به صورت یکنواخت در کل خمیر پخش شوند. | یک لایه سلفون مخصوص پخت یا فویل آلومینیوم پهن کنید. مواد را در مرکز آن قرار داده و با دقت به شکل یک استوانه فشرده بپیچید؛ سپس دو طرف سلفون را مانند شکلات پیچیده و با نخ محکم گره بزنید تا هیچ هوایی نفوذ نکند. | استوانه کالباس را درون بخارپز یا یک قابلمه حاوی آب جوش قرار دهید و اجازه دهید به مدت ۹۰ الی ۱۲۰ دقیقه با حرارت ملایم و یکنواخت کاملاً بپزد. | پس از اتمام زمان پخت، کالباس را از قابلمه خارج کرده و در دمای محیط قرار دهید تا خنک شود. سپس آن را به مدت ۲۴ ساعت در یخچال بگذارید تا بافت آن کاملاً منسجم شود و در نهایت به صورت حلقه‌ای برش بزنید."
"dish-0-1766956905813","کته کباب شمالی","kabab","تکه‌های گوشت راسته گوسفندی یا گوساله که در مواد معطر محلی خوابانده شده و کباب می‌شوند، سرو شده در کنار کته نرم شمالی.","hot","گرم و تر (در صورت استفاده از گوشت گوسفند)","زیتون پرورده، ماست محلی، نارنج","650","90","متوسط","ایران","برنج محلی:4:پیمانه | گوشت راسته گوسفندی یا گوساله:500:گرم | گردوی آسیاب شده:3:گرم | پیاز:1:عدد | رب انار:1:قاشق | روغن زیتون:3:قاشق | ماست:2:میلیلیتر | نمک و فلفل سیاه و زرد چوبه:1:به میزان لازم | گوجه‌فرنگی کبابی:4:عدد","گوشت را به قطعات منظم (چنجه) برش دهید. | پیاز را رنده کرده و با گردو، رب انار، روغن زیتون، ماست و فلفل سیاه مخلوط کنید. | تکه‌های گوشت را در این سس خوابانده و حداقل ۲ ساعت در یخچال استراحت دهید تا ترد شود. | برنج را به روش کته دمی شمالی (نرم‌تر از حد معمول) با کمی روغن و نمک بپزید. | گوشت‌ها را به سیخ کشیده و روی ذغال یا در تابه چدنی کباب کنید (نمک را در اواخر پخت بزنید). | کباب را به همراه گوجه کبابی، کته و مخلفات شمالی (اشپل، گردو، باقلا) سرو کنید."
"dish-0-1766958808660","آلو پاراتا (آلو پاراتا - هند)","international","آلو پاراتا یکی از محبوب‌ترین نان‌های شکم‌پر و سنتی هندی است که از ترکیب خمیر گندم و مغز سیب‌زمینی تند و معطر تهیه می‌شود. این غذا معمولاً در وعده صبحانه یا ناهار همراه با ماست، کره یا انواع ترشیجات سرو می‌گردد.","balanced","معتدل و تر","ماست یا ترشی","380","45","متوسط","هند","آرد گندم:400:گرم | نمک (برای خمیر):0:به میزان لازم | آب:250:میلیلیتر | روغن (برای ورز دادن خمیر):30:میلی‌لیتر | سیب‌زمینی آب‌پز و له شده:500:عدد | پیاز کوچک (ریز خرد شده):1:عدد | گشنیز تازه (خرد شده):30:گرم | فلفل سبز تند (ریز خرد شده):2:عدد | پودر انبه خشک (آمچور):0:به میزان لازم | پودر زیره:0:به میزان لازم | پودر گشنیز:0:به میزان لازم | گرم ماسالا:0:به میزان لازم | نمک (برای مواد داخلی):0:به میزان لازم | روغن یا کره حیوانی برای پخت پاراتا:60:گرم","برای تهیه خمیر: آرد گندم و نمک را در یک کاسه بزرگ با هم مخلوط کنید. آب را به آرامی اضافه کرده و ورز دهید تا خمیری نرم به دست آید. سپس روغن را اضافه کرده و ۱۰ دقیقه دیگر ورز دهید تا خمیر کاملاً یکدست شود. روی آن را پوشانده و ۳۰ دقیقه استراحت دهید. | برای تهیه مواد داخلی: سیب‌زمینی‌های آب‌پز و له شده را با پیاز خرد شده، گشنیز تازه، فلفل سبز، پودر انبه خشک، پودر زیره، پودر گشنیز، گرم ماسالا و نمک مخلوط کرده و به خوبی ورز دهید تا مواد میانی کاملاً منسجم شوند. | خمیر استراحت کرده را به ۸ تا ۱۰ توپ مساوی تقسیم کنید. مخلوط سیب‌زمینی را نیز به همان تعداد توپ‌های کوچک‌تر تقسیم نمایید. | یک توپ خمیر را کمی با دست باز کرده، یک توپ سیب‌زمینی را در مرکز آن قرار دهید و لبه‌های خمیر را به سمت بالا جمع کنید تا مواد کاملاً پوشانده شوند. خمیر را ببندید و دوباره به شکل توپ درآورید. | روی سطح آردپاشی شده، خمیر پر شده را به آرامی با وردنه به شکل دایره‌ای به قطر ۱۵ تا ۲۰ سانتی‌متر باز کنید. دقت کنید که فشار وردنه زیاد نباشد تا مواد داخلی بیرون نریزد. | یک تابه نچسب را روی حرارت متوسط داغ کنید. پاراتا را در تابه قرار داده و وقتی حباب‌هایی روی آن ظاهر شد، آن را برگردانید. مقداری روغن یا کره حیوانی روی پاراتا بمالید و هر دو طرف را سرخ کنید تا طلایی و ترد شود. | آلو پاراتا را به صورت گرم همراه با ماست ساده، چاتنی گشنیز یا انواع ترشیجات هندی سرو کنید."
"dish-0-1766959134379","دال تادکا ماسالا (دال تادکا ماسالا - هند)","international","دال تادکا یکی از اصیل‌ترین و محبوب‌ترین غذاهای گیاهی هند است که از عدس زرد پخته شده و یک سس معطر از ادویه‌های تفت داده شده در روغن یا کره (تادکا) تهیه می‌شود.","balanced","معتدل و خشک","آبلیمو یا گشنیز","285","45","متوسط","هند","عدس زرد (شسته شده):250:پیمانه | گوجه‌فرنگی متوسط (خرد شده):150:عدد | پودر زردچوبه:0:به میزان لازم | آب:800:میلیلیتر | نمک به مقدار لازم:0:به میزان لازم | روغن مایع:1:به میزان لازم | دانه زیره:5:گرم | دانه خردل (اختیاری):3:گرم | حبه سیر (ریز خرد شده):3:حبه | زنجبیل رنده شده:15:به میزان لازم | فلفل سبز تند (ریز خرد شده، اختیاری):2:عدد | پودر فلفل قرمز یا پاپریکا:0:به میزان لازم | برگ گشنیز تازه برای تزیین:20:گرم","عدس زرد شسته شده را به همراه ۸۰۰ میلی‌لیتر آب و گوجه‌فرنگی خرد شده در یک قابلمه بریزید. | پودر زردچوبه را اضافه کرده و اجازه دهید آب به جوش بیاید، سپس حرارت را ملایم کنید. | درب قابلمه را بگذارید و به مدت ۲۵ تا ۳۰ دقیقه زمان دهید تا عدس‌ها کاملاً پخته و نرم شوند. در انتها نمک را اضافه کنید. | برای تهیه تادکا، روغن مایع یا کره حیوانی را در یک تابه کوچک گرم کنید. | دانه زیره و دانه خردل را اضافه کرده و اجازه دهید تا دانه‌ها شروع به ترک خوردن کنند و عطر آن‌ها آزاد شود. | سیر ریز خرد شده، زنجبیل رنده شده و فلفل سبز تند را اضافه کرده و به مدت ۱ تا ۲ دقیقه تفت دهید تا طلایی و معطر شوند. | پودر فلفل قرمز یا پاپریکا را به تابه اضافه کرده و پس از ۳۰ ثانیه تفت دادن، بلافاصله تابه را از روی حرارت بردارید. | تادکای داغ را مستقیماً روی دال (عدس پخته شده) بریزید و سریع درب قابلمه را ببندید تا عطر ادویه‌ها در دال نفوذ کند. | پس از چند دقیقه دال تادکا را در ظرف مورد نظر بکشید و با برگ گشنیز تازه تزیین و در کنار برنج باسماتی یا نان سرو کنید."
"dish-0-1766961078329","کورو فاسولیه (کورو فاسولیه - خوراک لوبیا ترکی)","international","کورو فاسولیه یکی از محبوب‌ترین و اصیل‌ترین غذاهای کشور ترکیه است که از ترکیب لوبیا سفید، گوشت گوساله و سس غلیظ گوجه‌فرنگی تهیه می‌شود. این خوراک لذیذ معمولاً در کنار برنج (پلو) و به عنوان یک وعده غذایی کامل و مقوی سرو می‌گردد.","hot","گرم و خشک","زیره یا آویشن","425","150","متوسط","ترکیه","لوبیا سفید:250:پیمانه | گوشت گوساله خرد شده (یا سوسیس ترکی/سوجوک):200:گرم | پیاز بزرگ:1:عدد | سیر:2:حبه | رب گوجه فرنگی:40:قاشق | رب فلفل:10:گرم | رب گوجه فرنگی:1:قاشق | روغن مایع:1:به میزان لازم | فلفل قرمز پرک شده (پول بیبر):0:به میزان لازم | نمک و فلفل سیاه و زرد چوبه:1:به میزان لازم | آب یا آب گوشت:960:میلی‌لیتر","لوبیاهای خیسانده شده را آبکش کرده و در قابلمه‌ای با آب تازه به مدت ۴۵ تا ۶۰ دقیقه بپزید تا نیم‌پز شوند، سپس دوباره آبکش نمایید. | در یک قابلمه مناسب، روغن مایع یا کره را گرم کنید و پیاز خرد شده را در آن تفت دهید تا سبک و طلایی شود. | گوشت خرد شده را به پیازها اضافه کرده و تفت دهید تا رنگ گوشت تغییر کند و قهوه‌ای شود. سپس سیر له شده را افزوده و ۱ دقیقه دیگر تفت دهید. | رب گوجه‌فرنگی و رب فلفل را اضافه کرده و به مدت ۲ تا ۳ دقیقه تفت دهید تا بوی خامی آن‌ها گرفته شده و رنگ سس در روغن باز شود. | گوجه‌فرنگی رنده شده، فلفل قرمز پرک شده (پول بیبر)، نمک و فلفل سیاه را به مواد بیفزایید. هم بزنید و اجازه دهید ۵ دقیقه دیگر با هم بپزند. | لوبیاهای نیم‌پز شده را به قابلمه اضافه کنید و آب یا آب گوشت را روی تمامی مواد بریزید و اجازه دهید به جوش بیاید. | حرارت را به حداقل برسانید، درب قابلمه را بگذارید و اجازه دهید خوراک به مدت ۱.۵ تا ۲ ساعت روی حرارت ملایم بپزد تا لوبیاها کاملاً نرم و سس غلیظ و جاافتاده شود. | خوراک آماده شده را در ظرف مورد نظر بکشید و همراه با پلو یا نان تازه میل کنید."
"dish-0-1766961391028","Osh-i-Plov (پلوی تاجیکی)","international","یک غذای اصیل و مجلسی از منطقه آسیای میانه و تاجیکستان که با ترکیب برنج، گوشت، هویج فراوان و ادویه‌های معطر تهیه می‌شود. این پلو به دلیل پخت همزمان مواد، طعمی بسیار غنی و لذیذ دارد.","hot","گرم و خشک","زیره سیاه|سماق","780","150","متوسط","تاجیکستان","برنج باسماتی یا محلی:600:پیمانه | گوشت گوسفند یا گاو:600:گرم | پیاز بزرگ:2:عدد | هویج:400:گرم | نخود (از قبل خیس و پخته شده):200:گرم | روغن نباتی:180:میلی‌لیتر | نمک و فلفل و زردچوبه:1:به میزان لازم | نمک و فلفل سیاه:1:به میزان لازم | زیره سیاه:0:به میزان لازم | گشنیز پودر شده:0:به میزان لازم | سیر:1:حبه | آب:1200:میلیلیتر","۱. برنج را شسته و به مدت حداقل ۱ ساعت در آب نمک خیس کنید. گوشت را به قطعات متوسط ۳-۴ سانتی‌متری خرد کنید و هویج‌ها را به صورت خلالی درشت برش بزنید. | ۲. در یک دیگ بزرگ و با دیواره ضخیم، روغن را داغ کرده و پیازهای خلالی را در آن سرخ کنید تا طلایی تیره و کاراملی شوند. سپس پیازها را از روغن خارج کنید. | ۳. گوشت را در همان روغن سرخ کنید تا از همه طرف قهوه‌ای شود. نمک، فلفل سیاه، زیره و پودر گشنیز را به گوشت اضافه کرده و تفت دهید. | ۴. هویج‌های خلالی شده را روی گوشت بریزید و بدون هم زدن، اجازه دهید ۱۰ دقیقه با بخار گوشت و روغن تفت بخورند. سپس پیازهای سرخ شده و نخود پخته را اضافه کنید. | ۵. حدود ۶۰۰ میلی‌لیتر آب داغ را روی مواد بریزید و اجازه دهید با حرارت ملایم به مدت ۱.۵ ساعت بپزد تا گوشت کاملاً نرم شود. | ۶. برنج خیس خورده را آبکش کرده و به آرامی روی مواد داخل دیگ پخش کنید. بوته سیر را در وسط برنج فرو کنید. باقی‌مانده آب داغ (حدود ۶۰۰ میلی‌لیتر) را طوری اضافه کنید که حدود ۱ سانتی‌متر روی برنج را بپوشاند. حرارت را زیاد کنید تا آب تبخیر شود. | ۷. پس از کشیده شدن آب، حرارت را کم کرده، برنج را به شکل تپه در وسط جمع کنید و درب دیگ را با دم‌کنی بپوشانید. اجازه دهید پلو به مدت ۴۰ تا ۵۰ دقیقه دم بکشد. موقع سرو، بوته سیر را خارج کرده، مواد را با هم مخلوط کرده و در دیس بکشید."
"dish-0-1766963128330","پلوف (پلو ازبکی)","international","پلوف یا پلو ازبکی یکی از اصیل‌ترین و لذیذترین غذاهای آسیای مرکزی است که از ترکیب برنج، گوشت و هویج فراوان تهیه شده و با ادویه‌های خاصی مانند زیره طعم‌دار می‌شود.","hot","گرم و تر","سماق یا پیاز ترشی","650","120","متوسط","ازبکستان","برنج (لازر یا باسماتی):500:پیمانه | گوشت گوسفند یا گوساله (مکعبی):500:گرم | پیاز بزرگ (خلالی):2:عدد | هویج بزرگ (نواری):300:گرم | روغن نباتی:240:میلی‌لیتر | نخود (پخته):100:گرم | کشمش پلویی:45:گرم | دانه زیره:15:گرم | پودر زیره:5:به میزان لازم | سیر کامل:1:حبه | نمک و فلفل سیاه و زرد چوبه:1:به میزان لازم | آب گرم:960:میلی‌لیتر","برنج را به خوبی شسته و به مدت ۳۰ تا ۶۰ دقیقه در آب ولرم خیس کنید، سپس در زمان لازم آبکش نمایید. | در یک قابلمه بزرگ و سنگین (مانند کازان یا قابلمه چدنی)، روغن نباتی را روی حرارت بالا گرم کنید. گوشت‌های مکعبی را اضافه کرده و تفت دهید تا تمامی سطوح آن‌ها قهوه‌ای و سرخ شود. سپس گوشت‌ها را موقتاً از قابلمه خارج کنید. | پیازهای خلالی را به همان روغن اضافه کرده و تفت دهید تا رنگ طلایی تیره پیدا کنند. سپس هویج‌های نواری را افزوده و ۱۰ تا ۱۵ دقیقه تفت دهید تا نرم شوند و رنگ نارنجی خود را به روغن بدهند. در انتها دانه زیره را اضافه کرده و ۱ دقیقه تفت دهید. | گوشت سرخ شده را مجدداً به قابلمه بازگردانید. نخود پخته، پودر زیره، نمک و فلفل سیاه را اضافه کنید. آب گرم را روی مواد بریزید تا سطح آن‌ها را بپوشاند. اجازه دهید مخلوط به مدت ۳۰ دقیقه با حرارت ملایم بپزد که به این مرحله تهیه 'زیرواک' می‌گویند. | برنج خیس خورده و آبکش شده را به آرامی و به صورت یکنواخت روی مخلوط زیرواک پخش کنید (مواد را هم نزنید). بوته سیر کامل را در مرکز برنج فرو کرده و کشمش‌ها را روی سطح برنج بپاشید. | درب قابلمه را با دم‌کنی محکم ببندید و اجازه دهید پلوف با حرارت بسیار کم به مدت ۴۵ تا ۶۰ دقیقه دم بکشد تا برنج کاملاً پخته و آب آن جذب شود. | پس از اتمام زمان پخت، بوته سیر را خارج کرده و پلوف را به آرامی با کفگیر هم بزنید تا گوشت و هویج با برنج مخلوط شوند، سپس در ظرف مورد نظر سرو کنید."
"dish-0-1766972486974","Spring Rolls (اسپرینگ رول)","international","اسپرینگ رول یک پیش‌غذای ترد و خوشمزه آسیایی است که با ترکیبی از گوشت چرخ‌کرده، سبزیجات تازه و ادویه‌های معطر تهیه می‌شود. این رول‌ها پس از پیچیده شدن در خمیر مخصوص، سرخ شده و با سس‌های مختلف سرو می‌شوند.","balanced","undefined","زنجبیل و سرکه","320","45","متوسط","چین | ویتنام","خمیر اسپرینگ رول:15:عدد | گوشت چرخ کرده:250:گرم | کلم سفید خرد شده:140:گرم | هویج رنده شده:120:گرم | قارچ خرد شده:50:گرم | جوانه ماش:50:پیمانه | سیر:2:حبه | زنجبیل تازه:5:به میزان لازم | سس سویا:30:میلی‌لیتر | روغن کنجد:15:به میزان لازم | روغن نباتی برای سرخ کردن:500:میلی‌لیتر | نمک و فلفل سیاه و زرد چوبه:1:به میزان لازم","در یک ووک یا تابه بزرگ، مقداری روغن نباتی داغ کنید. سیر رنده شده و زنجبیل را اضافه کرده و تفت دهید تا عطر آن‌ها آزاد شود. گوشت چرخ کرده را اضافه کنید و تا زمانی که رنگ آن تغییر کرده و کاملاً پخته شود، تفت دهید. سپس گوشت را از تابه خارج کرده و کنار بگذارید. | در همان تابه، کلم سفید خرد شده، هویج رنده شده و قارچ را اضافه کنید. سبزیجات را روی حرارت بالا تفت دهید تا کمی نرم شوند اما تردی خود را حفظ کنند. در مرحله آخر جوانه ماش را اضافه کرده و ۱ تا ۲ دقیقه دیگر تفت دهید. | گوشت پخته شده را به تابه سبزیجات برگردانید. سس سویا، روغن کنجد، نمک و فلفل را اضافه کنید و مواد را خوب با هم مخلوط کنید. تابه را از روی حرارت بردارید و اجازه دهید مواد میانی کاملاً خنک شوند تا باعث پاره شدن خمیر نشوند. | یک ورق خمیر اسپرینگ رول را به صورت لوزی روی سطح کار قرار دهید. مقداری از مواد میانی را در گوشه پایینی خمیر قرار دهید. گوشه پایین را روی مواد تا کنید، سپس گوشه‌های چپ و راست را به سمت مرکز جمع کرده و خمیر را محکم رول کنید. لبه نهایی را با کمی آب یا سفیده تخم‌مرغ مرطوب کنید تا کاملاً بچسبد. | در یک قابلمه گود، روغن نباتی را داغ کنید (روغن باید به اندازه‌ای باشد که رول‌ها در آن شناور شوند). اسپرینگ رول‌ها را به آرامی در روغن قرار دهید و سرخ کنید تا تمام سطوح آن‌ها طلایی و برشته شود. سپس آن‌ها را روی دستمال حوله‌ای قرار دهید تا روغن اضافی گرفته شود و با سس دلخواه سرو کنید."
"dish-0-1766973887872","ماکارونی بدون گوشت با سس مخصوص","khorak","یک پاستای گیاهی فوق‌العاده لذیذ با سس خامه‌ای غلیظ، قارچ و پنیر که طعمی رستورانی و بافتی بسیار نرم و جذاب دارد.","cold","سرد و تر (به دلیل قارچ و خامه)","fلفل سیاه فراوان، آویشن و پودر سیر","850","30","آسان","ایران","پاستا فرمی (پنه یا شلز):500:گرم | قارچ دگمه ای:400:گرم | شیر:500:پیمانه | خامه صبحانه:200:گرم | سیر:4:حبه | جعفری خرد شده:50:گرم | کره:50:گرم | پنیر پیتزا یا موزارلا:150:گرم | نمک، fلفل سیاه و جوز هندی:0:به میزان لازم","قارچ‌ها را ورقه‌ای خرد کرده و با حرارت بالا در کره تفت دهید تا آب نیندازند و رنگ آن‌ها طلایی شود. | سیر رنده‌شده را به قارچ اضافه کرده و حدود یک دقیقه تفت دهید تا عطر آن بلند شود. | خامه را با شیر کاملا مخلوط و یکدست کرده، سپس به تابه اضافه کنید و حرارت را کم کنید تا سس شروع به غلیظ شدن کند. | نمک، fلفل سیاه و کمی جوز هندی رنده‌شده را به سس اضافه کرده و هم بزنید. | پاستا را در آب جوش پخته، آبکش کنید و به تابه سس اضافه نمایید تا کاملا با سس مخلوط و آغشته شود. | در آخر پنیر پیتزا و جعفری خرد شده را اضافه کنید و هم بزنید تا پنیر کاملا ذوب شود، سپس به صورت داغ سرو کنید."
"dish-0-1766974127134","پیتزا مخلوط مخصوص","fastfood","پیتزا مخلوط مخصوص یکی از محبوب‌ترین و پرطرفدارترین پیتزاهای کلاسیک است که با ترکیبی از گوشت چرخ‌کرده، ژامبون، قارچ و سبزیجات معطر تهیه می‌شود. این پیتزا به دلیل داشتن لایه‌های متنوع از مواد پروتئینی و پنیر فراوان، بافتی لذیذ و طعمی غنی دارد که برای وعده‌های خانوادگی بسیار مناسب است.","hot","گرم و تر","فلفل سیاه و سرکه","820","45","متوسط","ایران","خمیر پیتزا بزرگ:4:عدد | گوشت چرخ کرده:400:گرم | ژامبون مرغ یا گوشت:200:گرم | قارچ اسلایس شده:200:گرم | فلفل دلمه‌ای رنگی:1:عدد | ذرت پخته شده:80:گرم | پنیر پیتزا کشسان:600:گرم | پیاز متوسط:1:عدد | رب گوجه فرنگی:60:قاشق | نمک و فلفل و زردچوبه:1:به میزان لازم | پودر آویشن:0:به میزان لازم","ابتدا پیاز را به صورت نگینی ریز خرد کرده و در تابه با مقدار کمی روغن تفت دهید تا سبک و شفاف شود، سپس گوشت چرخ‌کرده را به همراه نمک، فلفل و زردچوبه اضافه کرده و تا زمان پخت کامل و تبخیر شدن آب گوشت، آن را سرخ کنید. | قارچ‌های اسلایس شده را در تابه جداگانه با حرارت بالا تفت دهید تا آب نیندازند و رنگ آن‌ها تیره نشود؛ پس از کشیده شدن آب قارچ، تابه را از روی حرارت بردارید. | برای تهیه سس مخصوص، رب گوجه‌فرنگی را در مقدار کمی روغن تفت دهید تا بوی خامی آن گرفته شود، سپس مقداری پودر آویشن و فلفل به آن اضافه کرده و با مقدار بسیار کمی آب رقیق کنید. | خمیرهای پیتزا را روی سینی فر قرار داده و سطح آن‌ها را به صورت یکنواخت با سس مخصوص بپوشانید. | ابتدا مقداری از پنیر پیتزا را روی خمیر بپاشید، سپس لایه‌ای از گوشت چرخ‌کرده پخته شده و ژامبون خرد شده را روی آن پخش کنید. | در مرحله بعد، قارچ‌های تفت داده شده، فلفل دلمه‌ای نگینی شده و ذرت پخته را روی مواد قرار دهید. | باقیمانده پنیر پیتزا را به طور کامل روی تمامی مواد بریزید تا سطح پیتزا را بپوشاند و در نهایت کمی پودر آویشن روی پنیر بپاشید. | سینی را در فری که از قبل با دمای ۱۸۰ درجه سانتی‌گراد گرم شده است، به مدت ۳۰ دقیقه قرار دهید تا نان پیتزا پخته و پنیر روی آن طلایی و برشته شود."
"dish-0-1769808192408","تانتونی گوشت کلاسیک مرسین (tantuni )","international","تانتونی یکی از لذیذترین و معروف‌ترین غذاهای خیابانی ترکیه متعلق به شهر مرسین است که از گوشت گاو بسیار ریز خرد شده و طعم‌دار شده با ادویه‌های مخصوص تهیه می‌شود و معمولاً در نان لواش یا دوروم سرو می‌گردد.","گرم","undefined","سماق و آب لیمو ترش","750","45","متوسط","ترکیه","گوشت گاو بدون چربی:500:گرم | نان لواش یا دوروم:4:عدد | پیاز قرمز:2:عدد | رب گوجه فرنگی:3:قاشق | جعفری خرد شده:50:گرم | روغن مایع:1:به میزان لازم | پولبیبر (فلفل قرمز ترکی):15:گرم | سماق:10:قاشق | نمک و فلفل و زردچوبه:1:به میزان لازم | نمک و فلفل سیاه:1:به میزان لازم | آب:120:میلیلیتر","گوشت گاو را به صورت مکعب‌های بسیار ریز و یکنواخت (در ابعاد حبه قندی بسیار کوچک) خرد کنید. | گوشت‌های خرد شده را در یک قابلمه با مقداری آب بپزید تا کاملاً نرم شوند و صبر کنید تا آب آن کاملاً کشیده شود. | در یک تابه بزرگ یا ساج، روغن مایع را داغ کرده و گوشت‌های پخته شده را به آن اضافه کرده و تفت دهید. | پولبیبر، نمک و فلفل سیاه را به گوشت در حال تفت اضافه کنید و مدام هم بزنید تا عطر و رنگ فلفل به خورد گوشت برود. | مقدار کمی آب روی گوشت بپاشید تا بخار کند، سپس نان لواش یا دوروم را برای چند لحظه روی گوشت‌ها قرار دهید تا با بخار آب نرم و طعم‌دار شود. | پیازهای قرمز را به صورت خلالی نازک خرد کرده و با سماق و جعفری خرد شده مخلوط کنید تا سالاد پیاز آماده شود. | گوجه‌فرنگی‌ها را به صورت نگینی ریز خرد کنید. | نان را برداشته، مقداری از ترکیب گوشت، مخلوط پیاز و جعفری و گوجه‌فرنگی خرد شده را داخل آن قرار داده، رول کنید و به صورت گرم سرو نمایید."
"dish-0-1769901425087","خاگینه ساده (قیقاناق)","dessert","خاگینه ساده یا قیقاناق یکی از دسرهای اصیل و سنتی ایرانی است که معمولاً در وعده صبحانه یا به عنوان دسر پس از غذای اصلی سرو می‌شود. این غذا با بافتی لطیف و شربتی معطر، بسیار مقوی و محبوب است.","گرم","undefined","دارچین و عرق هل","1450","35","متوسط","ir","تخم‌مرغ:4:عدد | آرد نخودچی:60:قاشق | ماست سفت:60:گرم | بکینگ پودر:5:گرم | زعفران دم‌کرده:0:به میزان لازم | شکر:200:به میزان لازم | آب:120:میلیلیتر | گلاب:30:قاشق","برای تهیه شربت، ابتدا شکر و آب را در یک قابلمه کوچک مخلوط کرده و روی حرارت ملایم قرار دهید تا شکر کاملاً حل شده و شربت کمی غلیظ شود. | در اواخر پخت شربت، زعفران دم‌کرده و گلاب را اضافه کنید، سپس شربت را از روی حرارت بردارید و در محیط قرار دهید تا کاملاً خنک شود. | در یک ظرف جداگانه، تخم‌مرغ‌ها را با چنگال یا همزن دستی بزنید تا لختگی آن‌ها از بین رفته و کمی پف کنند. | ماست سفت را به تخم‌مرغ‌ها اضافه کرده و خوب مخلوط کنید تا یکدست شوند. | آرد و بکینگ پودر را با هم الک کرده و طی دو مرحله به مایه اضافه کنید و هم بزنید تا گلوله‌های آرد کاملاً باز شود. | یک تابه نچسب را با کمی روغن چرب کرده و روی حرارت ملایم قرار دهید تا داغ شود، سپس مایه خاگینه را داخل تابه بریزید و درب تابه را بگذارید. | بعد از اینکه یک طرف خاگینه سرخ شد و خود را گرفت، آن را برگردانید تا طرف دیگر هم طلایی شود. | در نهایت، شربت کاملاً سرد را روی خاگینه داغ داخل تابه بریزید و چند دقیقه اجازه دهید تا شربت به خورد خاگینه برود، سپس برش زده و سرو کنید."
"dish-0-1769902135930","کاچی سنتی با آرد گندم","dessert","کاچی یک دسر اصیل، مقوی و سنتی ایرانی است که با آرد گندم، کره و زعفران تهیه می‌شود. این دسر به دلیل طبع گرم و کالری بالا، یکی از بهترین گزینه‌ها برای تقویت بنیه بدن و دوران نقاهت است.","گرم","undefined","عرق کاسنی یا شربت سکنجبین","485","45","متوسط","ir","آرد گندم:125:گرم | کره یا روغن حیوانی:100:گرم | شکر یا نبات کوبیده:300:به میزان لازم | آب:960:میلیلیتر | زعفران دم‌کرده:0:به میزان لازم | گلاب:120:قاشق | هل:0:به میزان لازم","ابتدا شربت کاچی را آماده کنید: آب و شکر را در یک قابلمه مخلوط کرده و روی حرارت قرار دهید تا شکر کاملاً حل شود. سپس زعفران دم‌کرده و هل را به آن اضافه کرده و پس از یک جوش کوتاه، حرارت را خاموش کنید. | آرد گندم را الک کرده و در یک قابلمه مناسب روی حرارت ملایم تفت دهید تا بوی خامی آن گرفته شود، اما دقت کنید که رنگ آن نباید بیش از حد تیره شود. | کره یا روغن حیوانی را به آرد تفت داده شده اضافه کنید و به خوبی هم بزنید تا آرد در روغن سرخ شده و رنگ آن طلایی شود. | شربت آماده شده را به تدریج و در چند مرحله به مخلوط آرد و روغن اضافه کنید. در این مرحله باید سریع و مداوم مواد را هم بزنید تا آرد گلوله نشود و بافت کاچی کاملاً یکدست شود. | در مرحله آخر گلاب را اضافه کرده و مواد را هم بزنید. سپس درب قابلمه را با دم‌کنی بپوشانید و اجازه دهید کاچی روی حرارت بسیار ملایم به مدت ۱۵ تا ۲۰ دقیقه دم بکشد تا به روغن بیفتد و جا بیفتد."
"dish-0-1769902867207","سالاد اندونزی کلاسیک","international","یک سالاد مجلسی و پرطرفدار که از ترکیب کلم‌های رنگی، کالباس مرغ و سبزیجات تهیه می‌شود و با سس مایونز طعم‌دار می‌گردد.","سرد","undefined","آویشن و فلفل سیاه","320","30","آسان","اندونزی","کلم سفید:150:گرم | کلم قرمز:75:گرم | کالباس مرغ:200:گرم | ذرت پخته:100:گرم | نخود فرنگی:100:گرم | هویج:200:گرم | خیارشور:4:عدد | سس مایونز:240:میلیلیتر | نمک و فلفل و زردچوبه:1:به میزان لازم","کلم سفید و کلم قرمز را به صورت رشته‌های بسیار نازک و یکدست خرد کنید. | هویج را آبپز کرده و پس از خنک شدن، با رنده درشت رنده کنید. | کالباس مرغ و خیارشور را به صورت خلالی و ظریف برش بزنید. | در یک کاسه بزرگ، کلم‌ها، هویج، کالباس، خیارشور، ذرت پخته و نخود فرنگی را با هم مخلوط نمایید. | سس مایونز را در ظرفی جداگانه با نمک و فلفل سیاه ترکیب کرده و به مواد سالاد اضافه کنید. | تمام مواد را به آرامی هم بزنید تا سس به طور کامل به خورد مواد برود. | سالاد را در ظرف دردار ریخته و حداقل به مدت ۲ ساعت در یخچال قرار دهید تا طعم‌ها با هم ترکیب شده و سالاد کاملاً خنک شود."
"dish-0-1769975411817","مرغ سوخاری کلاسیک آمریکایی","international","این دستور پخت مرغ سوخاری کلاسیک آمریکایی، روشی اصیل برای دستیابی به مرغی با لایه بیرونی فوق‌العاده ترد و داخل کاملاً آبدار است. استفاده از ترکیب شیر و تخم‌مرغ به همراه آرد طعم‌دار شده با سیر و پیاز، تجربه‌ای لذیذ از یک غذای فست‌فودی خانگی را رقم می‌زند.","گرم","undefined","سماق و آب لیمو ترش","480","40","متوسط","آمریکا","سینه و ران مرغ ۸ تکه:1200:گرم | آرد سفید ۲ پیمانه:250:گرم | تخم مرغ ۲ عدد:2:عدد | شیر ۱ پیمانه:240:پیمانه | پودر سیر ۱ قاشق چایخوری:1:حبه | پودر پیاز ۱ قاشق چایخوری:1:عدد | نمک و فلفل سیاه و زرد چوبه:1:به میزان لازم | روغن مخصوص سرخ کردنی:1:به میزان لازم","تکه‌های مرغ را پس از شستن کاملاً با دستمال کاغذی خشک کنید و سپس با نمک و فلفل سیاه مزه‌دار نمایید. | در یک کاسه بزرگ، تخم‌مرغ‌ها را به همراه شیر ریخته و با چنگال بزنید تا کاملاً یکنواخت شوند. | در ظرف دیگری، آرد سفید را با پودر سیر و پودر پیاز مخلوط کنید تا ادویه‌ها کاملاً با آرد ترکیب شوند. | هر قطعه مرغ را ابتدا در مخلوط آرد بغلتانید، سپس در مایه تخم‌مرغ و شیر فرو ببرید و در نهایت دوباره در ظرف آرد بغلتانید تا پوشش کامل و ضخیمی ایجاد شود. | روغن را در یک قابلمه عمیق داغ کنید تا به دمای ۱۷۵ درجه سانتی‌گراد برسد و سپس مرغ‌ها را به آرامی در روغن قرار دهید تا به مدت ۱۲ تا ۱۵ دقیقه سرخ و طلایی شوند. | مرغ‌های آماده را روی یک توری سیمی قرار دهید تا روغن اضافی آن‌ها خارج شده و تردی خود را حفظ کنند، سپس به صورت گرم سرو کنید."
"dish-0-1769975438099","شنیتسل مرغ کلاسیک","international","یک غذای ترد و لذیذ بین‌المللی که از سینه مرغ کوبیده شده تهیه می‌شود و پس از آغشته شدن به لایه‌های آرد و پودر سوخاری، در روغن سرخ شده تا بافتی کرانچی و طعمی عالی پیدا کند.","گرم","undefined","سماق و آبلیمو","420","35","متوسط","اتریش","سینه مرغ:800:گرم | تخم‌مرغ:2:عدد | آرد سفید:125:گرم | پودر سوخاری:200:گرم | نمک و فلفل سیاه و زرد چوبه:1:به میزان لازم | پودر سیر:1:حبه | روغن سرخ‌کردنی:150:میلیلیتر","سینه‌های مرغ را به صورت لایه‌های نازک برش داده و بین دو لایه پلاستیک فریزر با بیفتک‌کوب بکوبید تا ضخامت آن‌ها یکنواخت و حدود ۱ سانتی‌متر شود. | تخم‌مرغ‌ها را در یک ظرف گود ریخته و با نمک، فلفل سیاه و پودر سیر به خوبی هم بزنید تا کاملاً یکدست شوند. | سه ظرف جداگانه برای آرد سفید، مایه تخم‌مرغ و پودر سوخاری آماده کنید. | تکه‌های مرغ را ابتدا در آرد سفید بغلتانید تا تمام سطح آن را بپوشاند و آرد اضافی را با ضربه آرام بگیرید. | مرغ آردی را در مایه تخم‌مرغ فرو برده و سپس بلافاصله در ظرف پودر سوخاری قرار دهید و با دست کمی فشار دهید تا پودر به خوبی بچسبد. | روغن را در تابه داغ کنید و شنیتسل‌ها را با حرارت ملایم رو به متوسط به مدت حدود ۵ دقیقه برای هر طرف سرخ کنید تا طلایی و مغزپخت شوند. | شنیتسل‌های آماده را روی دستمال روغن‌گیر قرار دهید و سپس همراه با لیمو ترش و سیب‌زمینی سرخ‌کرده سرو کنید."
"dish-0-1770080337713","چیکن تندر کلاسیک سوخاری","international","چیکن تندر کلاسیک یک غذای بین‌المللی بسیار محبوب و ترد است که از فیله‌های مرغ مزه‌دار شده تهیه می‌شود. این غذا به دلیل بافت ترد بیرونی و مغز نرم و آبدار آن، همراه با سس‌های متنوع سرو می‌گردد.","گرم","undefined","سماق یا آبلیموی تازه","520","60","متوسط","آمریکا","فیله مرغ:800:گرم | آرد گندم:125:گرم | تخم مرغ:3:عدد | پودر سوخاری:200:گرم | نمک و فلفل سیاه:1:به میزان لازم | پودر سیر:0:حبه | پودر پیاز:0:عدد | روغن سرخ‌کردنی:300:میلیلیتر","ابتدا فیله‌های مرغ را شسته و کاملاً خشک کنید. سپس آن‌ها را در یک ظرف بزرگ قرار داده و با نمک، فلفل سیاه، زردچوبه، پودر سیر و پودر پیاز به خوبی مزه‌دار کنید و اجازه دهید ۳۰ دقیقه در یخچال استراحت کنند تا طعم‌ها به خورد گوشت برود. | سه ظرف گود مجزا تهیه کنید. در ظرف اول آرد گندم را بریزید. در ظرف دوم تخم‌مرغ‌ها را شکسته و با چنگال بزنید تا از لختگی خارج شوند. در ظرف سوم پودر سوخاری را بریزید. | هر تکه از فیله‌های مرغ مزه‌دار شده را ابتدا در آرد گندم بغلتانید تا تمام سطح آن را بپوشاند، سپس تکان دهید تا آرد اضافی آن جدا شود. | فیله‌های آردی را به ترتیب در ظرف تخم‌مرغ فرو ببرید به طوری که تمام سطح آن‌ها کاملاً آغشته به تخم‌مرغ شود. | در مرحله نهایی، فیله‌ها را در پودر سوخاری قرار داده و با دست کمی فشار دهید تا دانه‌های پودر سوخاری به خوبی به لایه تخم‌مرغی چسبیده و پوششی یکدست ایجاد شود. | روغن سرخ‌کردنی را در یک تابه عمیق ریخته و روی حرارت متوسط قرار دهید تا کاملاً داغ شود. فیله‌ها را با احتیاط داخل روغن قرار دهید و اجازه دهید با حرارت ملایم سرخ شوند تا مغزپخت و هر دو طرف آن‌ها طلایی و ترد شود. | چیکن تندرها را پس از سرخ شدن روی دستمال روغن‌گیر قرار دهید تا روغن اضافی آن‌ها گرفته شود، سپس در ظرف مورد نظر چیده و با سس دلخواه سرو نمایید."
"dish-0-1770080380305","فیله مرغ سوخاری رستورانی","international","فیله مرغ سوخاری ترد و خوشمزه با روکش پانکو که به روش رستورانی تهیه می‌شود. این غذا با بافتی کرانچی در بیرون و کاملاً آبدار در داخل، یک گزینه محبوب برای تمام سنین است.","گرم","undefined","سس گشنیز یا آب لیموترش","480","45","متوسط","آمریکا","فیله مرغ:500:گرم | آرد سوخاری پانکو:200:گرم | تخم مرغ:2:عدد | آرد سفید:125:گرم | پودر سیر:1:حبه | پودر پیاز:1:عدد | نمک و فلفل و زردچوبه:1:به میزان لازم | نمک و فلفل سیاه:1:به میزان لازم | روغن مخصوص سرخ کردنی:1:به میزان لازم","ابتدا فیله‌های مرغ را شسته و با دستمال مخصوص آشپزخانه کاملاً خشک کنید. | فیله‌ها را در یک کاسه ریخته و با نمک، فلفل سیاه، پودر سیر و پودر پیاز به خوبی ماساژ دهید تا طعم‌دار شوند. | سه ظرف جداگانه آماده کنید: در یکی آرد سفید، در دیگری تخم‌مرغ‌های زده شده و در سومی پودر سوخاری پانکو را بریزید. | هر تکه فیله مرغ را ابتدا به طور کامل در آرد سفید بغلطانید، سپس در تخم‌مرغ فرو برده و در نهایت با پودر پانکو بپوشانید و کمی فشار دهید تا روکش کاملاً بچسبد. | فیله‌های آماده را به مدت ۱۵ تا ۲۰ دقیقه در یخچال قرار دهید تا روکش سوخاری روی مرغ تثبیت شود. | روغن را در یک تابه عمیق داغ کنید و فیله‌ها را با حرارت ملایم و یکنواخت سرخ کنید تا هر دو طرف آن‌ها طلایی و ترد شود. | بعد از سرخ شدن، فیله‌ها را روی دستمال جاذب روغن قرار دهید تا روغن اضافی آن‌ها گرفته شود و سپس سرو کنید."
"dish-0-1770085451264","انچیلادا مرغ کلاسیک (Chicken Enchiladas)","international","انچیلادا مرغ یک غذای محبوب و خوشمزه مکزیکی است که از تورتیلاهای پر شده با مرغ طعم‌دار، سس مخصوص و پنیر فراوان تهیه شده و در فر پخته می‌شود.","گرم","undefined","ماست یا دوغ تازه","540","45","متوسط","مکزیک","سینه مرغ پخته و ریش شده:500:گرم | نان تورتیلا:8:عدد | پنیر چدار رنده شده:240:گرم | پیاز خرد شده:1:عدد | سیر له شده:2:حبه | سس قرمز انچیلادا:480:میلی‌لیتر | روغن زیتون:30:قاشق | گشنیز خرد شده برای تزیین:30:گرم","ابتدا پیاز خرد شده را در تابه با روغن زیتون تفت دهید تا نرم و شفاف شود، سپس سیر له شده را اضافه کرده و یک دقیقه دیگر تفت دهید. | سینه مرغ پخته و ریش شده را به تابه اضافه کنید و با پیاز و سیر مخلوط نمایید. | حدود ۶۰ میلی‌لیتر از سس قرمز انچیلادا را به مخلوط مرغ اضافه کرده و هم بزنید تا مواد کاملاً با سس آغشته شوند. | کف یک ظرف مناسب فر را با مقداری از سس قرمز انچیلادا بپوشانید. | روی هر نان تورتیلا مقداری از مخلوط مرغ و مقداری پنیر چدار رنده شده بریزید و نان را به صورت لوله‌ای رول کنید. | رول‌های آماده شده را در ظرف فر در کنار یکدیگر بچینید به طوری که لبه نان‌ها رو به پایین باشد. | باقی‌مانده سس قرمز انچیلادا را روی تمامی رول‌ها بریزید و سپس باقی‌مانده پنیر چدار را به صورت یکنواخت روی سطح کار پخش کنید. | ظرف را به مدت ۲۰ دقیقه در فر از پیش گرم شده با دمای ۱۸۰ درجه سانتی‌گراد قرار دهید تا سس حباب بزند و پنیر روی آن کاملاً ذوب و طلایی شود. | پس از پخت، ظرف را از فر خارج کرده و با گشنیز خرد شده تزیین و سرو کنید."
"dish-0-1770086289960","کوئسادیلا مرغ و پنیر (Chicken Quesadilla)","international","یک غذای محبوب و سریع مکزیکی که از ترکیب مرغ طعم‌دار شده، سبزیجات تازه و پنیر ذوب شده در میان نان تورتیلا تهیه و گریل می‌شود.","گرم","undefined","گشنیز و ماست","420","25","متوسط","مکزیک","سینه مرغ:500:گرم | نان تورتیلا:4:عدد | پنیر چدار رنده شده:200:گرم | فلفل دلمه ای:1:عدد | پیاز:1:عدد | روغن زیتون:30:قاشق | نمک، فلفل و پاپریکا:0:به میزان لازم","سینه مرغ را به صورت نواری خرد کرده و در تابه با مقداری روغن زیتون و ادویه‌ها (نمک، فلفل و پاپریکا) تفت دهید تا کاملاً پخته و طلایی شود. | پیاز و فلفل دلمه‌ای را به صورت خلالی خرد کرده و به مرغ اضافه کنید؛ تفت دادن را تا زمانی که سبزیجات نرم و سبک شوند ادامه دهید. | یک عدد نان تورتیلا را در تابه قرار داده و نیمی از سطح آن را با پنیر چدار بپوشانید، سپس مخلوط مرغ و سبزیجات را روی پنیر بریزید. | مجدداً مقداری پنیر روی مواد ریخته و نیمه دیگر نان را روی آن برگردانید تا به شکل نیم‌دایره بسته شود. | دو طرف نان را در تابه یا روی گریل حرارت دهید تا نان ترد شده و پنیر داخل آن کاملاً ذوب شود؛ سپس هر نان را به دو یا سه مثلث تقسیم و سرو کنید."
"dish-0-1770148225170","پاپریکاش مرغ (Chicken Paprikash)","international","پاپریکاش مرغ یکی از مشهورترین غذاهای سنتی مجارستان است که به دلیل استفاده فراوان از پودر پاپریکا و سس خامه‌ای غلیظ و لذیذ، طعمی منحصربه‌فرد و رنگی جذاب دارد. این غذا معمولاً با نودل یا پوره سیب‌زمینی سرو می‌شود.","گرم","undefined","آب‌غوره یا سماق","450","60","متوسط","مجارستان","مرغ:800:گرم | پیاز بزرگ:2:عدد | پودر پاپریکای مجارستانی:30:گرم | خامه ترش:200:میلیلیتر | آرد نخودچی:25:قاشق | عصاره مرغ:480:میلی‌لیتر | فلفل دلمه ای:1:عدد | روغن یا کره:50:گرم | نمک و فلفل و زردچوبه:1:به میزان لازم | نمک و فلفل و زردچوبه:1:به میزان لازم","پیازها را به صورت نگینی خرد کرده و در قابلمه با روغن یا کره تفت دهید تا کاملاً طلایی و نرم شوند. | تکه‌های مرغ را به پیازهای سرخ شده اضافه کنید و تفت دهید تا تمام قسمت‌های مرغ تغییر رنگ داده و کمی برشته شوند. | قابلمه را لحظه‌ای از روی حرارت بردارید، پودر پاپریکا را اضافه کنید و سریع هم بزنید تا با روغن ترکیب شود؛ سپس بلافاصله عصاره مرغ را اضافه کنید تا پاپریکا نسوزد و تلخ نشود. | فلفل دلمه‌ای را خرد کرده و به قابلمه اضافه کنید، نمک و فلفل را اندازه کرده و اجازه دهید مرغ به مدت ۴۵ دقیقه با حرارت ملایم و درب بسته بپزد. | در یک ظرف جداگانه، خامه ترش و آرد را با هم مخلوط کنید تا کاملاً یکدست شوند؛ سپس چند قاشق از سس داغ داخل قابلمه را به آن اضافه کرده و هم بزنید تا هم‌دما شوند. | مخلوط خامه و آرد را به آرامی به قابلمه اضافه کرده و مداوم هم بزنید. اجازه دهید ۵ تا ۱۰ دقیقه دیگر روی حرارت بماند تا سس کاملاً غلیظ شود و جا بیفتد."
"dish-0-1770148243186","Chicken Teriyaki (چیکن تری‌یاکی)","international","چیکن تری‌یاکی یکی از محبوب‌ترین غذاهای آسیایی است که از تکه‌های مرغ تفت داده شده در سسی براق، شیرین و شور تهیه می‌شود. این غذا به دلیل ترکیب طعم‌های زنجبیل، سیر و سویا سس، عطری فوق‌العاده دارد و بسیار سریع آماده می‌شود.","گرم","undefined","آب نارنج یا سکنجبین","420","25","آسان","ژاپن","سینه مرغ:800:گرم | سس سویا:120:میلی‌لیتر | شکر قهوه‌ای:30:به میزان لازم | زنجبیل رنده شده:5:به میزان لازم | سیر رنده شده:3:حبه | عسل:20:میلیلیتر | کنجد:15:به میزان لازم","ابتدا سینه مرغ را به صورت قطعات مکعبی یکسان (حدود ۲ سانتی‌متر) خرد کنید تا به طور یکنواخت پخته شوند. | در یک کاسه، سس سویا، شکر قهوه‌ای، زنجبیل رنده شده، سیر رنده شده و عسل را با هم مخلوط کنید تا سس تری‌یاکی یکدستی به دست آید و دانه‌های شکر حل شوند. | یک تابه بزرگ را روی حرارت متوسط رو به بالا قرار داده و مقدار کمی روغن اضافه کنید. تکه‌های مرغ را داخل تابه تفت دهید تا کاملاً طلایی و پخته شوند. | سس آماده شده را به تابه حاوی مرغ اضافه کنید. حرارت را کمی کاهش دهید و اجازه دهید سس به مدت ۳ تا ۵ دقیقه بجوشد و غلیظ شود تا کاملاً به خورد مرغ برود و لایه‌ای براق روی آن‌ها ایجاد کند. | غذا را در ظرف مورد نظر کشیده، با کنجد تزئین کرده و به صورت گرم همراه با برنج سفید یا سبزیجات بخارپز سرو کنید."
"dish-0-1770148261442","Coq au Vin (کوک او ون)","international","کوک او ون یکی از اصیل‌ترین و لذیذترین خوراک‌های کلاسیک فرانسوی است که در آن مرغ به همراه قارچ، بیکن و پیاز در عصاره‌ای غلیظ و معطر به آرامی پخته می‌شود.","گرم","undefined","آویشن و مرزه","485","75","متوسط","فرانسه","مرغ کامل:1200:گرم | گوشت دودی یا بیکن:150:گرم | پیاز مرواریدی:15:عدد | قارچ دگمه ای:250:گرم | سیر:3:حبه | آرد نخودچی:30:قاشق | عصاره مرغ:480:میلی‌لیتر | کره:50:گرم | برگ بو:0:به میزان لازم | آویشن:0:به میزان لازم | نمک و فلفل سیاه و زرد چوبه:1:به میزان لازم","مرغ را به قطعات کوچک تقسیم کرده و با نمک و فلفل مزه‌دار کنید. در یک قابلمه بزرگ، کره را ذوب کرده و تکه‌های مرغ را تفت دهید تا کاملاً طلایی شوند، سپس مرغ‌ها را از قابلمه خارج کنید. | در همان قابلمه، بیکن‌های خرد شده و پیازهای مرواریدی را اضافه کنید و تفت دهید تا بیکن‌ها ترد و پیازها طلایی و سبک شوند. | سیر له شده و قارچ‌های اسلایس شده را به مواد اضافه کنید و ۵ دقیقه تفت دهید تا آب قارچ‌ها کشیده شود. | آرد را روی مواد بپاشید و حدود ۲ دقیقه تفت دهید تا بوی خامی آرد گرفته شود و رنگ آن کمی تغییر کند. | عصاره مرغ را به آرامی به قابلمه اضافه کرده و مدام هم بزنید تا سس یکدست شود. سپس تکه‌های مرغ را به همراه برگ بو و آویشن به قابلمه برگردانید. | حرارت را کم کرده، درب قابلمه را ببندید و اجازه دهید خوراک به مدت ۶۰ دقیقه به آرامی بپزد تا مرغ کاملاً نرم و سس آن غلیظ و براق شود. | در مرحله نهایی، چاشنی‌ها را اندازه کرده و برگ بو را خارج کنید. خوراک را در ظرف مورد نظر کشیده و گرم سرو کنید."
"dish-0-1770148283123","کبسه مرغ عربستانی (Kabsa)","international","کبسه مرغ یکی از مجلل‌ترین و خوش‌طعم‌ترین غذاهای اصیل عربی است که از ترکیب مرغ پخته شده در سس گوجه‌فرنگی و ادویه‌های معطر با برنج بسمتی تهیه شده و با مغزیجات تزیین می‌گردد.","گرم","undefined","ماست و خیار یا سالاد شیرازی","780","90","متوسط","عربستان سعودی","برنج بسمتی:540:پیمانه | مرغ:1200:گرم | رب گوجه فرنگی:2:قاشق | پیاز:2:عدد | ادویه کبسه (میخک، هل، دارچین، فلفل سیاه):0:به میزان لازم | کشمش و خلال بادام:50:گرم | رب گوجه فرنگی:45:قاشق | روغن مایع:1:به میزان لازم | آب:1200:میلیلیتر | نمک و فلفل و زردچوبه:1:به میزان لازم","پیازها را به صورت نگینی خرد کرده و در یک قابلمه مناسب با روغن تفت دهید تا سبک و طلایی شوند. | تکه‌های مرغ را به پیازها اضافه کرده و به همراه ادویه مخصوص کبسه سرخ کنید تا مرغ تغییر رنگ داده و عطر ادویه‌ها خارج شود. | گوجه‌فرنگی‌های رنده شده و رب گوجه‌فرنگی را به قابلمه اضافه کرده و تفت دهید تا رنگ رب باز شود؛ سپس آب را افزوده و اجازه دهید مرغ با حرارت ملایم کاملاً مغزپخت شود. | پس از پخت کامل، تکه‌های مرغ را از قابلمه خارج کرده و کنار بگذارید. | برنج بسمتی را که از قبل خیس کرده‌اید، به آب مرغ غلیظ شده در قابلمه اضافه کنید (مقدار آب باید به اندازه‌ای باشد که برنج کته شود) و اجازه دهید دم بکشد. | در همین حین، تکه‌های مرغ پخته شده را در مقداری روغن سرخ کنید تا رویه آن‌ها برشته و طلایی شود. | کشمش و خلال بادام را در مقدار کمی روغن تفت دهید تا آماده تزیین شود. | در انتها برنج را در دیس کشیده، مرغ‌های سرخ شده را روی آن قرار دهید و با مخلوط کشمش و خلال بادام تزیین و سرو کنید."
"dish-0-1770148305992","کُشَری (Koshari)","international","کُشَری محبوب‌ترین و مشهورترین غذای خیابانی مصر است که از ترکیب برنج، عدس، پاستا و نخود به همراه سس مخصوص گوجه‌فرنگی و پیازهای ترد و برشته تهیه می‌شود.","معتدل","undefined","سرکه و پیاز داغ","480","60","متوسط","مصر","برنج دانه بلند:360:پیمانه | عدس قهوه‌ای:200:پیمانه | ماکارونی فرمی ریز:100:گرم | نخود پخته:150:گرم | پیاز بزرگ:3:عدد | سیر:4:حبه | رب گوجه فرنگی:40:قاشق | سرکه سفید:30:میلیلیتر | زیره:0:به میزان لازم | نمک و فلفل و زردچوبه:1:به میزان لازم | نمک و فلفل سیاه:1:به میزان لازم | روغن مایع:1:به میزان لازم","عدس قهوه‌ای را از قبل خیس کرده و سپس با مقداری آب روی حرارت قرار دهید تا نیم‌پز شود، سپس آن را آبکش کنید. | برنج دانه بلند را به همراه عدس نیم‌پز در قابلمه ریخته و به همراه نمک و مقداری روغن به صورت کته یا آبکش دم کنید. | ماکارونی فرمی ریز را در آب جوش نمک‌دار بپزید تا کاملاً نرم شود، سپس آن را آبکش کرده و کنار بگذارید. | پیازها را به صورت خلالی نازک برش داده و در روغن فراوان سرخ کنید تا کاملاً برشته و چیپسی شوند؛ سپس آن‌ها را روی دستمال قرار دهید تا روغن اضافی‌شان گرفته شود. | برای تهیه سس، سیرهای رنده شده را با کمی روغن تفت دهید، سپس رب گوجه فرنگی، زیره، نمک و فلفل سیاه را اضافه کرده و تفت دهید تا بوی خامی رب گرفته شود. | سرکه سفید را به همراه نصف پیمانه آب به مخلوط رب اضافه کرده و اجازه دهید سس با حرارت ملایم بجوشد و غلیظ شود. | برای چیدمان، ابتدا مخلوط برنج و عدس را در دیس بکشید، سپس یک لایه ماکارونی و یک لایه نخود پخته را روی آن قرار دهید. | در نهایت پیازهای برشته را روی ظرف پخش کرده و سس آماده شده را روی کل مواد یا در کنار آن سرو کنید."
"dish-0-1770148326913","لومو سالتادو (Lomo Saltado)","international","لومو سالتادو یکی از محبوب‌ترین و شناخته‌شده‌ترین غذاهای کشور پرو است که تحت تأثیر مهاجران چینی در این منطقه شکل گرفته است. این غذا ترکیبی از گوشت گاو تفت داده شده با حرارت بالا، سبزیجات تازه و سیب‌زمینی سرخ‌کرده است که طعمی شور، ترش و دودی دارد.","گرم","undefined","سماق و گشنیز","480","30","متوسط","پرو","گوشت راسته گاو:500:گرم | پیاز قرمز:2:عدد | رب گوجه فرنگی:2:قاشق | سیب زمینی سرخ شده:300:عدد | سویا سس:45:میلی‌لیتر | سرکه قرمز:30:میلیلیتر | سیر:2:حبه | فلفل دلمه‌ای:1:عدد | روغن مایع:1:به میزان لازم | نمک و فلفل و زردچوبه:1:به میزان لازم | نمک و فلفل سیاه:1:به میزان لازم","گوشت راسته گاو را به صورت نواری (استیکی نازک) برش داده و با کمی نمک و فلفل سیاه مزه‌دار کنید. | یک تابه بزرگ یا ووگ را روی حرارت بسیار زیاد قرار دهید و روغن را اضافه کنید تا کاملاً داغ شود. | تکه‌های گوشت را در تابه ریخته و با حرارت بالا سریع تفت دهید تا دو طرف آن‌ها قهوه‌ای شود، سپس گوشت‌ها را از تابه خارج کرده و کنار بگذارید. | در همان تابه، پیاز قرمز خلال شده را اضافه کنید و حدود ۲ دقیقه تفت دهید تا کمی سبک شود اما تردی خود را حفظ کند. | سیر خرد شده و فلفل دلمه‌ای نواری شده را به تابه اضافه کرده و یک دقیقه دیگر تفت دهید. | گوجه‌فرنگی‌های قاچ شده را اضافه کنید و سریع هم بزنید تا فقط گرم شوند اما له نشوند. | گوشت‌های سرخ شده را به همراه سویا سس و سرکه قرمز به تابه برگردانید و همه مواد را با هم مخلوط کنید تا سس غلیظ شود و به خورد مواد برود. | در مرحله آخر، سیب‌زمینی‌های سرخ شده را اضافه کرده و بلافاصله از روی حرارت بردارید تا سیب‌زمینی‌ها بیش از حد نرم نشوند. | غذا را در ظرف مورد نظر کشیده و معمولاً در کنار برنج سفید کته‌ای سرو کنید."
"dish-0-1770148347603","میت‌لوف (Meatloaf)","international","میت‌لوف یک غذای کلاسیک و محبوب بین‌المللی است که از ترکیب گوشت چرخ‌کرده با سبزیجات و ادویه‌ها تهیه شده و در قالب لوف در فر پخته می‌شود. این غذا بافتی نرم و طعمی غنی دارد.","گرم","undefined","سماق و گشنیز","350","70","متوسط","آمریکا","گوشت چرخ کرده:500:گرم | پیاز خرد شده:1:عدد | تخم‌مرغ:1:عدد | شیر:30:پیمانه | پودر سوخاری:125:گرم | سس کچاپ:120:میلی‌لیتر | نمک و فلفل سیاه و زرد چوبه:1:به میزان لازم | سیر له شده:2:حبه","ابتدا فر را روی دمای ۱۷۵ درجه سانتی‌گراد گرم کنید. | در یک ظرف بزرگ، گوشت چرخ‌کرده، پیاز خرد شده، سیر له شده و پودر سوخاری را با هم ترکیب کنید. | تخم‌مرغ، شیر، نمک و فلفل سیاه را به مخلوط گوشتی اضافه کرده و مواد را به خوبی ورز دهید تا یکدست شوند. | یک قالب لوف مخصوص فر را کمی چرب کرده و مایه گوشت را درون آن قرار داده و با قاشق کاملاً فشار دهید تا فرم قالب را بگیرد. | نیمی از سس کچاپ را روی سطح گوشت به صورت یکنواخت پخش کنید. | قالب را به مدت یک ساعت در طبقه وسط فر قرار دهید تا گوشت کاملاً مغزپخت شود. | ده دقیقه قبل از پایان پخت، باقی‌مانده سس کچاپ را روی میت‌لوف بمالید و اجازه دهید پخت کامل شود. | پس از خارج کردن از فر، اجازه دهید ۱۰ دقیقه خنک شود و سپس آن را برش زده و سرو کنید."
"dish-0-1770148364578","پاد تای ساده (Pad Thai)","international","پاد تای یکی از مشهورترین و لذیذترین غذاهای تایلندی است که با نودل برنج، پروتئین و ترکیبی از طعم‌های ترش، شیرین و شور تهیه می‌شود. این نسخه برای ۴ نفر استانداردسازی شده است.","معتدل","undefined","شربت سکنجبین یا آبلیمو تازه","620","45","متوسط","تایلند","نودل برنج:400:پیمانه | میگو یا سینه مرغ:400:گرم | تخم‌مرغ:4:عدد | جوانه ماش:140:پیمانه | سیر:4:حبه | پیازچه:6:عدد | بادام زمینی خرد شده:80:گرم | سس تمر هندی:90:میلی‌لیتر | سس ماهی:60:میلی‌لیتر | شکر قهوه‌ای:30:به میزان لازم","نودل‌های برنج را در ظرفی حاوی آب ولرم به مدت ۲۰ تا ۳۰ دقیقه خیس کنید تا نرم و انعطاف‌پذیر شوند، سپس آن‌ها را آبکشی کرده و کنار بگذارید. | در یک تابه بزرگ یا وک، مقداری روغن گرم کنید. سیر خرد شده را تفت دهید تا عطر آن خارج شود، سپس میگو یا سینه مرغ خرد شده را اضافه کرده و تفت دهید تا کاملاً پخته و طلایی شوند. | مواد پخته شده را به یک سمت تابه هدایت کنید و تخم‌مرغ‌ها را در سمت دیگر بشکنید. آن‌ها را سریع هم بزنید تا خود را بگیرند و سپس با مرغ یا میگو مخلوط کنید. | نودل‌های آماده را به تابه اضافه کنید. سس تمر هندی، سس ماهی و شکر قهوه‌ای را روی مواد بریزید و با حرارت بالا به خوبی هم بزنید تا سس کاملاً جذب نودل‌ها شود. | در مرحله آخر، جوانه ماش و پیازچه‌های خرد شده را به تابه اضافه کرده و تنها ۱ دقیقه دیگر تفت دهید تا بافت جوانه حفظ شود. | پاد تای را در ظرف سرو بکشید و با بادام زمینی خرد شده و در صورت تمایل برش‌های لیموترش تزیین و میل کنید."
"dish-0-1770148381705","Parmigiana di Melanzane (پارمیجیانا دی ملانزانه)","international","یک غذای کلاسیک و اصیل ایتالیایی که از لایه‌های بادمجان سرخ‌شده، سس گوجه‌فرنگی غلیظ، ریحان تازه و پنیرهای ذوب‌شده تهیه می‌شود.","سرد","undefined","سیر، آویشن، روغن زیتون","450","60","متوسط","ایتالیا","بادمجان بزرگ:1000:گرم | سس گوجه فرنگی:500:میلی‌لیتر | پنیر موزارلا:250:گرم | پنیر پارمزان رنده شده:100:گرم | ریحان تازه:20:گرم | روغن زیتون:60:قاشق | نمک و فلفل و زردچوبه:1:به میزان لازم","بادمجان‌ها را به صورت حلقه‌ای برش داده، نمک بزنید و اجازه دهید ۳۰ دقیقه بمانند تا تلخی آن‌ها گرفته شود؛ سپس آن‌ها را شسته، خشک کرده و در روغن زیتون سرخ کنید تا دو طرف آن‌ها طلایی شود. | فر را از قبل با دمای ۱۸۰ درجه سانتی‌گراد گرم کنید. | کف یک ظرف پیرکس یا ظرف مخصوص فر را با لایه‌ای نازک از سس گوجه‌فرنگی بپوشانید. | یک لایه از بادمجان‌های سرخ شده را چیده، سپس مقداری سس گوجه‌فرنگی، چند برگ ریحان، مقداری پنیر موزارلا و پنیر پارمزان روی آن پخش کنید. | تکرار لایه‌ها را تا تمام شدن مواد ادامه دهید، به طوری که لایه آخر شامل سس گوجه‌فرنگی و مقدار زیادی پنیر باشد. | ظرف را به مدت ۳۰ دقیقه در طبقه وسط فر قرار دهید تا پنیر کاملاً ذوب شده و روی غذا برشته و طلایی شود."
"dish-0-1770148403307","پیتزا مارگاریتا (Pizza Margherita)","international","پیتزا مارگاریتا یکی از اصیل‌ترین و کلاسیک‌ترین پیتزاهای ایتالیایی است که با نمادی از رنگ‌های پرچم ایتالیا (سبز ریحان، سفید پنیر موزارلا و قرمز گوجه‌فرنگی) تهیه می‌شود. این پیتزا به دلیل سادگی و طعم بی‌نظیر مواد تازه، در سراسر جهان محبوبیت زیادی دارد.","سرد","undefined","آویشن و سیاه‌دانه","650","15","متوسط","ایتالیا","آرد نخودچی:500:قاشق | آب:300:میلیلیتر | مایه خمیر:7:گرم | پنیر موزارلا تازه:300:گرم | گوجه فرنگی پوره شده:400:میلیلیتر | ریحان تازه:50:گرم | روغن زیتون:30:قاشق | نمک و فلفل و زردچوبه:1:به میزان لازم | نمک و فلفل و زردچوبه:1:به میزان لازم | نمک و فلفل و زردچوبه:1:به میزان لازم","ابتدا آرد، مایه خمیر و مقدار کمی نمک را در یک ظرف بزرگ مخلوط کرده و آب را کم‌کم اضافه کنید تا خمیر شکل بگیرد. | خمیر را به مدت ۱۰ دقیقه به خوبی ورز دهید تا نرم و کشسان شود، سپس آن را در ظرفی چرب شده قرار داده و روی آن را بپوشانید تا به مدت ۲ ساعت استراحت کرده و حجم آن دو برابر شود. | فر را با حداکثر دما (حدود ۲۵۰ درجه سانتی‌گراد) گرم کنید. خمیر را به ۴ قسمت مساوی تقسیم کرده و هر کدام را به صورت دایره‌ای نازک پهن کنید. | پوره گوجه فرنگی را با کمی نمک، فلفل و زردچوبه مخلوط کرده و یک لایه نازک از آن را روی سطح هر خمیر بمالید. | پنیر موزارلای تازه را به قطعات کوچک تقسیم کرده و به طور یکنواخت روی پوره گوجه فرنگی بچینید. | پیتزاها را به مدت ۱۰ تا ۱۵ دقیقه در فر قرار دهید تا لبه‌های خمیر کاملاً طلایی و برشته شده و پنیر ذوب شود. | پس از خروج از فر، برگ‌های ریحان تازه را روی پیتزا پخش کرده و مقداری روغن زیتون روی آن بپاشید و به صورت گرم سرو کنید."
"dish-0-1770853484001","بال مرغ بوفالو کلاسیک","international","بال مرغ بوفالو کلاسیک با ترکیبی از تندی سس و لطافت کره، یکی از پرطرفدارترین پیش‌غذاهای دنیاست که با بافت ترد و طعم قوی خود شناخته می‌شود.","گرم","undefined","کرفس و سس بلوچیز","480","35","متوسط","آمریکا","بال مرغ:1000:گرم | کره ذوب شده:50:گرم | سس تند (مانند تاباتسکو):120:میلی‌لیتر | پودر سیر:1:حبه | سرکه سفید:15:میلیلیتر | نمک و فلفل و زردچوبه:1:به میزان لازم | نمک و فلفل و زردچوبه:1:به میزان لازم","بال‌های مرغ را کاملاً تمیز کرده و با دستمال آشپزخانه خشک کنید تا هنگام سرخ شدن ترد شوند. | بال‌ها را در روغن داغ با دمای ۱۸۰ درجه سانتی‌گراد سرخ کنید تا کاملاً پخته و پوست آن‌ها ترد و طلایی شود. | در یک ظرف بزرگ، کره ذوب شده، سس تند، سرکه سفید و پودر سیر را با هم ترکیب کنید تا سس بوفالو آماده شود. | بال‌های داغ را بلافاصله بعد از خارج کردن از روغن به ظرف سس منتقل کرده و خوب هم بزنید تا کاملاً پوشانده شوند. | بال‌های آماده را در کنار ساقه کرفس و سس بلوچیز چیده و میل کنید."
"dish-0-1770853534565","کتف و بال کبابی زعفرانی","kabab","بال و کتف مرغ مزه‌دار شده با زعفران فراوان، آبلیموی تازه و پیاز که به روش سنتی کباب شده یا در فر پخته می‌شود. این غذا با بافتی ترد و طعمی اصیل، یکی از محبوب‌ترین پیش‌غذاها و غذاهای اصلی در سفره‌های ایرانی است.","گرم","undefined","سماق و نارنج","480","45","آسان","ir","کتف و بال مرغ:800:گرم | پیاز خلالی:2:عدد | زعفران دم‌کرده:1:به میزان لازم | آبلیموی تازه:60:میلیلیتر | نمک و فلفل و زردچوبه:1:به میزان لازم | نمک و فلفل سیاه:1:به میزان لازم | روغن زیتون:30:قاشق","ابتدا بال و کتف‌های مرغ را به خوبی شسته و با دستمال حوله‌ای کاملاً خشک کنید تا مواد مرینت بهتر جذب گوشت شوند. | پیازها را به صورت خلالی نازک خرد کرده و در یک کاسه بزرگ با زعفران دم‌کرده، آبلیموی تازه، روغن زیتون، نمک و فلفل سیاه به خوبی مخلوط کنید. | قطعات مرغ را به کاسه اضافه کرده و با دست کاملاً ماساژ دهید تا تمام قسمت‌های مرغ به مواد آغشته شوند. | روی ظرف را با سلفون پوشانده و حداقل به مدت ۴ ساعت (برای نتیجه بهتر ۸ ساعت) در یخچال قرار دهید تا مرغ‌ها کاملاً مزه‌دار و ترد شوند. | پس از طی زمان استراحت، مرغ‌ها را از یخچال خارج کرده، پیازها را از آن‌ها جدا کنید و سپس بال‌ها و کتف‌ها را به سیخ بکشید. | سیخ‌ها را روی زغال ملایم کباب کنید یا قطعات مرغ را در سینی فر چیده و در فر از قبل گرم شده با دمای ۲۰۰ درجه سانتی‌گراد به مدت ۳۰ تا ۴۰ دقیقه قرار دهید تا طلایی و مغزپخت شوند."
"dish-0-1770853689129","مرغ لونگی","khorak","مرغ لونگی یکی از اصیل‌ترین و لذیذترین غذاهای سنتی گیلان، به‌ویژه منطقه آستارا و تالش است. در این غذا مرغ با ترکیبی غنی از گردو، رب انار و پیاز شکم‌پر شده و به آرامی پخته می‌شود تا طعم‌ها کاملاً به خورد هم بروند.","معتدل","undefined","شربت سکنجبین یا عسل","3800","120","متوسط","ir","مرغ متوسط:1500:گرم | گردو سابیده شده:200:گرم | پیاز رنده شده:2:عدد | رب انار:45:قاشق | نمک و فلفل و زردچوبه:1:به میزان لازم | آب انار یا آب نارنج:60:میلیلیتر","ابتدا مرغ را کاملاً شسته و خشک کنید. سپس داخل شکم و سطح پوست مرغ را با نمک، فلفل و نیمی از آب انار یا آب نارنج مزه‌دار کرده و اجازه دهید نیم ساعت استراحت کند. | پیازهای رنده شده را با استفاده از یک پارچه نخی یا توری کاملاً آبگیری کنید تا فقط تفاله آن باقی بماند و مایه لونگی شل نشود. | در یک ظرف، گردوی سابیده شده را با پیاز آبگیری شده، رب انار ملس و باقی‌مانده آب انار یا نارنج مخلوط کنید تا خمیری یکدست و غلیظ به دست آید. | شکم مرغ را با مخلوط آماده شده گردو پر کنید. سپس لبه‌های شکم مرغ را با نخ و سوزن مخصوص آشپزی بدوزید و پاها و بال‌های مرغ را با نخ ببندید تا هنگام پخت فرم خود را حفظ کند. | مرغ را در یک قابلمه با مقدار کمی روغن تفت دهید تا پوست آن طلایی شود، سپس آن را در فر با دمای ۱۸۰ درجه سانتی‌گراد به مدت ۱.۵ تا ۲ ساعت قرار دهید یا در قابلمه با حرارت بسیار ملایم بپزید تا کاملاً مغزپخت و سرخ شود."
"dish-0-1770856639426","بی‌بیم‌باپ کلاسیک گوشت گاو","international","بی‌بیم‌باپ یکی از نمادین‌ترین غذاهای کشور کره است که ترکیبی هماهنگ از برنج، سبزیجات تفت داده شده، گوشت طعم‌دار و تخم‌مرغ می‌باشد که با سس تند و مخصوص گوچوجانگ سرو می‌شود.","معتدل","undefined","کره یا روغن کنجد اضافه","620","45","متوسط","کره جنوبی","برنج سفید:720:پیمانه | گوشت چرخ کرده:400:گرم | جوانه ماش:200:پیمانه | اسفناج:300:گرم | هویج:200:گرم | قارچ شیتاکه:6:عدد | تخم‌مرغ:4:عدد | رب فلفل کره‌ای (گوچوجانگ):60:گرم | سیر:2:حبه | روغن کنجد:60:به میزان لازم | نمک و فلفل و زردچوبه:1:به میزان لازم | نمک و فلفل سیاه:1:به میزان لازم","برنج را شسته و به صورت کته یا آبکش بپزید تا کاملاً مغزپخت شود و آن را گرم نگه دارید. | جوانه ماش را در آب جوش به مدت ۲ دقیقه بلانچ کرده، سپس آبکش کنید و با کمی نمک و روغن کنجد مخلوط کنید. | اسفناج‌ها را بخارپز کرده، آب اضافی آن را با دست بگیرید و سپس با یک حبه سیر له شده و کمی روغن کنجد طعم‌دار کنید. | هویج‌ها را به صورت خلالی بسیار نازک خرد کرده و در تابه با مقدار کمی روغن تفت دهید تا نرم و براق شوند. | قارچ‌های شیتاکه را اسلایس کرده و در تابه با حرارت بالا تفت دهید تا آب آن‌ها کشیده شود. | گوشت چرخ‌کرده را با یک حبه سیر خرد شده، نمک و فلفل در روغن کنجد تفت دهید تا کاملاً پخته و سرخ شود. | تخم‌مرغ‌ها را به صورت نیمرو در تابه آماده کنید، به شکلی که زرده آن‌ها کاملاً شل و روان باقی بماند. | در هر ظرف سرو، ابتدا مقداری برنج ریخته و سپس سبزیجات تفت داده شده و گوشت را به صورت جداگانه و مرتب روی برنج بچینید. | تخم‌مرغ نیمرو را در مرکز ظرف قرار داده و یک قاشق رب فلفل کره‌ای (گوچوجانگ) در کنار آن بگذارید و قبل از میل کردن تمام مواد را با هم مخلوط کنید."
"dish-0-1771343394089","نیمرو کلاسیک با کره محلی","khorak","یک صبحانه اصیل و سنتی ایرانی که با استفاده از کره محلی عطری بی‌نظیر و طعمی غنی پیدا می‌کند. این غذا در عین سادگی، بسیار مقوی و پرطرفدار است.","گرم","undefined","فلفل سیاه | آویشن","251","10","آسان","ir","تخم مرغ:8:عدد | کره محلی:60:گرم | نمک و فلفل سیاه و زرد چوبه:1:به میزان لازم","کره محلی را در یک تابه مناسب قرار داده و روی حرارت ملایم بگذارید تا کاملاً ذوب شده و داغ شود. | تخم‌مرغ‌ها را یکی‌یکی و با دقت در تابه بشکنید، به طوری که زرده‌ها سالم بمانند و با فاصله از یکدیگر قرار گیرند. | نمک و فلفل سیاه را به میزان دلخواه و به صورت یکنواخت بر روی تمامی قسمت‌های تخم‌مرغ‌ها بپاشید. | اجازه دهید تخم‌مرغ‌ها با حرارت بسیار ملایم بپزند تا زمانی که سفیده کاملاً سفت و سفید شود اما زرده‌ها همچنان نیم‌بند و شل باقی بمانند. | نیمروی آماده شده را بلافاصله در ظرف سرو کشیده و همراه با نان تازه سنتی مانند بربری یا سنگک میل کنید."
"dish-0-1771724051452","اکبر جوجه کلاسیک گلوگاه","khorak","اکبر جوجه یکی از مشهورترین غذاهای محلی استان مازندران و شهر گلوگاه است که به دلیل پخت خاص مرغ در روغن و کره فراوان و سرو آن با سس رب انار و گردو، بافتی بسیار ترد و طعمی لذیذ دارد. این غذا به طور سنتی با کته زعفرانی سرو می‌شود.","سرد","undefined","گردو، سیر، فلفل سیاه","850","100","متوسط","ir","جوجه محلی ۸۰۰ گرمی ۲ عدد:1600:گرم | روغن کرمانشاهی یا کره ۲۰۰ گرم:200:گرم | رب انار:240:قاشق | گردو خرد شده ۱۰۰ گرم:100:پیمانه | نمک و فلفل سیاه و زرد چوبه:1:به میزان لازم | آب لیمو ترش ۲ قاشق غذاخوری:30:میلی‌لیتر","ابتدا جوجه‌ها را از وسط به دو نیم تقسیم کرده (بدون جدا کردن پوست) و به مدت ۱۲ ساعت در محلولی از آب، نمک و آب لیمو ترش در یخچال قرار دهید تا کاملاً ترد و مزه‌دار شوند. | پس از اتمام زمان استراحت، جوجه‌ها را از محلول خارج کرده و با دستمال آشپزخانه کاملاً خشک کنید تا هنگام سرخ شدن روغن به اطراف نپاشد. | در یک قابلمه گود، روغن کرمانشاهی یا کره را ریخته و پس از ذوب شدن، جوجه‌ها را در آن قرار دهید؛ مقدار روغن باید به گونه‌ای باشد که جوجه‌ها تقریباً در آن غوطه‌ور شوند. | قابلمه را روی حرارت ملایم قرار داده و اجازه دهید جوجه‌ها به مدت حدود ۹۰ دقیقه ابتدا در آبِ خود و سپس در روغن پخته و به تدریج طلایی و سرخ شوند. | در این فاصله برای تهیه سس، رب انار ملس را در تابه‌ای کوچک با کمی کره یا روغنِ جوجه تفت دهید، سپس گردوی خرد شده را به آن اضافه کرده و پس از ۱ دقیقه از روی حرارت بردارید. | جوجه‌های سرخ شده را که به رنگ قهوه‌ای روشن درآمده‌اند در ظرف چیده و سس رب انار و گردو را روی آن‌ها یا در کنار ظرف قرار دهید و همراه با برنج کته زعفرانی سرو کنید."
"dish-0-1775503642242","یوفو کباب کلاسیک (ترکی)","kabab","این غذای لذیذ و مجلسی ترکی، از دو لایه خمیر تشکیل شده که با گوشت چرخ‌کرده طعم‌دار و پنیر پر شده و به دلیل ظاهر دایره‌ای و لبه‌های بسته‌اش به کباب یوفو معروف است.","گرم","undefined","سماق و نارنج","620","45","متوسط","ترکیه","گوشت چرخ کرده:600:گرم | پیاز رنده شده:2:عدد | خمیر یوفکا یا خمیر نان تازه:400:گرم | کره ذوب شده:50:گرم | پنیر پیتزا:100:گرم | جعفری ساطوری شده:40:گرم | نمک و فلفل و زردچوبه:0:به میزان لازم | نمک و فلفل سیاه:1:به میزان لازم | پاپریکا:0:به میزان لازم","ابتدا پیازهای رنده شده را کاملاً آبگیری کنید و سپس با گوشت چرخ‌کرده، جعفری ساطوری شده و تمامی ادویه‌ها (نمک، فلفل، زردچوبه و پاپریکا) مخلوط کرده و به خوبی ورز دهید تا مایه گوشتی منسجم شود. | خمیر یوفکا یا خمیر نان تازه را به صورت دایره‌های بزرگ و یکنواخت برش بزنید؛ برای هر ساندویچ یوفو به دو لایه خمیر نیاز دارید. | یک لایه خمیر را روی سطح کار قرار داده، مقداری از مایه گوشت را روی آن پهن کنید (لبه‌ها را خالی بگذارید) و سپس مقداری پنیر پیتزا روی مرکز گوشت بریزید. | لایه دوم خمیر را روی لایه اول قرار داده و لبه‌های دو خمیر را با استفاده از دندانه‌های چنگال به هم فشار دهید تا کاملاً به هم بچسبند و شکل یوفو ایجاد شود. | سطح رویی خمیر را با کره ذوب شده چرب کنید و سینی را در فر از پیش گرم شده با دمای 180 درجه سانتی‌گراد به مدت 30 الی 35 دقیقه قرار دهید تا گوشت پخته و خمیر کاملاً طلایی و ترد شود."
"dish-0-1776124802762","اردک شکم‌پر شمالی","khorak","اردک شکم‌پر یکی از لذیذترین و اصیل‌ترین غذاهای مجلسی شمال ایران (مازندران و گیلان) است که با ترکیب گردو، رب انار و سبزی‌های معطر محلی تهیه می‌شود.","گرم","undefined","سرکه و انار ترش","520","180","متوسط","ir","اردک متوسط:1:عدد | سبزی معطر (چوچاق و نعنا):250:گرم | گردو چرخ شده:150:گرم | رب انار:60:قاشق | پیاز متوسط:2:عدد | سیر:3:حبه | نمک و فلفل و زردچوبه:0:به میزان لازم | روغن مایع:1:به میزان لازم","ابتدا داخل و بیرون اردک را کاملاً شسته و خشک کنید، سپس تمام قسمت‌های آن را با نمک، فلفل و زردچوبه ماساژ دهید تا مزه‌دار شود. | پیازها را نگینی خرد کرده و در ماهیتابه با کمی روغن تفت دهید تا سبک و طلایی شوند؛ سپس سیر رنده شده را اضافه کرده و کمی دیگر تفت دهید. | سبزی‌های معطر خرد شده را به پیاز و سیر اضافه کنید و تفت دهید تا آب سبزی کشیده شده و عطر آن خارج شود. | گردوی چرخ شده و رب انار را به مخلوط سبزی اضافه کرده و پس از ۲ دقیقه تفت دادن، حرارت را خاموش کنید تا مواد میانی آماده شود. | شکم اردک را با مواد تهیه شده پر کرده و با نخ و سوزن آشپزی بدوزید یا با خلال دندان لبه‌های آن را محکم کنید. | در یک قابلمه بزرگ، کمی روغن ریخته و اردک را از تمام جهات سرخ کنید تا پوست آن طلایی و برشته شود. | حدود ۵۰۰ میلی‌لیتر آب به قابلمه اضافه کرده و اجازه دهید اردک به مدت ۳ ساعت با شعله بسیار ملایم بپزد تا کاملاً مغزپخت شده و سس آن غلیظ شود."
"dish-0-1776124850907","اشکمبه چورباسی کلاسیک ترکی","international","اشکمبه چورباسی یکی از مشهورترین سوپ‌های سنتی و مقوی کشور ترکیه است که با سیرابی تازه، چاشنی ماست و سیر فراوان تهیه می‌شود.","سرد","undefined","سیر، سرکه، دارچین و زنجبیل","310","240","متوسط","ترکیه","سیرابی پاک شده:60:حبه | آب:2000:میلیلیتر | پیاز بزرگ:1:عدد | سیر:5:حبه | آرد سفید:40:گرم | روغن مایع:1:به میزان لازم | ماست پرچرب:250:میلیلیتر | زرده تخم‌مرغ:1:عدد | ابلیموی ترش و تازه:45:قاشق | نمک و فلفل و زردچوبه:0:به میزان لازم | فلفل قرمز:0:به میزان لازم","سیرابی پاک شده را به همراه پیاز بزرگ و آب در قابلمه بریزید و اجازه دهید به مدت ۳ تا ۴ ساعت به خوبی بپزد تا کاملاً نرم شود. | سیرابی پخته شده را از قابلمه خارج کرده، به صورت نگینی خرد کنید و سپس دوباره آن را به همراه مقداری از آب صاف شده خودش به قابلمه برگردانید. | در یک تابه کوچک، آرد سفید را با روغن مایع کمی تفت دهید تا بوی خامی آن گرفته شود، سپس آن را به آرامی به قابلمه سوپ اضافه کنید و هم بزنید. | در یک کاسه، ماست پرچرب را با زرده تخم‌مرغ و ابلیموی تازه مخلوط کرده و هم بزنید تا کاملاً یکدست شود. | کمی از آب سوپ گرم را به مخلوط ماست اضافه کنید تا هم‌دما شوند، سپس این ترکیب را به آرامی به سوپ اضافه کرده و به سرعت هم بزنید تا نبرد. | در مرحله آخر، سیر له شده را به همراه نمک، فلفل، زردچوبه و فلفل قرمز به سوپ اضافه کنید و اجازه دهید چند قل بزند تا جا بیفتد و سپس سرو کنید."
"dish-0-1776124877276","خوراک بلدرچین مجلسی زعفرانی","khorak","یک خوراک اصیل و مجلسی که در آن بلدرچین‌ها با زعفران فراوان، کره و سیر مرینیت و پخته می‌شوند تا بافتی نرم و طعمی لذیذ پیدا کنند.","گرم","undefined","روغن کنجد و ترشی‌های طبیعی","480","90","متوسط","ir","بلدرچین:1200:گرم | پیاز بزرگ:3:عدد | کره:50:گرم | زعفران دم‌کرده:1:به میزان لازم | آبلیمو تازه:45:میلی‌لیتر | سیر:4:حبه | نمک و فلفل سیاه:1:به میزان لازم | آب:240:میلیلیتر","بلدرچین‌ها را کاملاً شسته، تمیز کرده و با دستمال مخصوص آشپزخانه کاملاً خشک کنید. | پیازها را به صورت خلالی نازک خرد کنید. در یک ظرف بزرگ، پیازها را با نیمی از زعفران دم‌کرده، آبلیمو، نمک، فلفل سیاه و زردچوبه مخلوط کنید. بلدرچین‌ها را در این مواد قرار داده و ماساژ دهید، سپس درب ظرف را بسته و به مدت ۲ ساعت در یخچال بگذارید تا کاملاً مرینیت شوند. | در یک تابه لبه‌دار، کره را ذوب کنید. بلدرچین‌ها را از مایه مرینیت جدا کرده (پیازها را نگه دارید) و در کره تفت دهید تا تمام قسمت‌های آن‌ها طلایی و سرخ شود. | سیرهای له شده و پیازهای باقی‌مانده از مایه مرینیت را به تابه اضافه کنید. سپس یک لیوان آب گرم را دور تا دور بلدرچین‌ها ریخته، درب ظرف را بگذارید و اجازه دهید با حرارت بسیار ملایم به مدت ۴۵ تا ۶۰ دقیقه بپزد. | در ۱۵ دقیقه پایانی پخت، مابقی زعفران دم‌کرده را روی بلدرچین‌ها بریزید و اجازه دهید سس خوراک غلیظ و جا افتاده شود. این غذا را می‌توانید در کنار چلو یا خوراک سرو کنید."
"dish-0-1776124903557","خورش بوقلمون با آلو و هویج","stew","یک خورش مجلسی و خوش‌طعم ایرانی که با ترکیب گوشت بوقلمون، آلو بخارای ملس و هویج‌های شیرین تهیه می‌شود. این غذا به دلیل استفاده از گوشت بوقلمون، گزینه‌ای سالم و مغذی برای وعده‌های خانوادگی است.","معتدل","undefined","دارچین و فلفل سیاه","380","90","متوسط","ir","سینه بوقلمون:600:گرم | آلو بخارا:200:عدد | هویج متوسط:300:گرم | پیاز بزرگ:1:عدد | رب گوجه فرنگی:45:قاشق | زعفران دم‌کرده:0:به میزان لازم | روغن مایع:1:به میزان لازم | نمک و فلفل و زردچوبه:0:به میزان لازم","پیاز را نگینی خرد کرده و در روغن مایع تفت دهید تا سبک و طلایی شود. | سینه بوقلمون را به قطعات مکعبی خرد کرده و به پیاز اضافه کنید و تفت دهید تا رنگ گوشت تغییر کند. | زردچوبه و فلفل را اضافه کرده و سپس رب گوجه فرنگی را به مواد بیفزایید و تفت دهید تا بوی خامی آن گرفته شده و رنگ باز کند. | حدود ۷۰۰ میلی‌لیتر آب جوش به قابلمه اضافه کنید و اجازه دهید خورش با حرارت ملایم بپزد تا گوشت نیم‌پز شود. | هویج‌ها را به صورت خلالی خرد کرده و در صورت تمایل کمی تفت دهید، سپس همراه با آلوهای خیس خورده به خورش اضافه کنید. | در ۳۰ دقیقه پایانی پخت، زعفران دم‌کرده و نمک را اضافه کرده و اجازه دهید خورش کاملاً جا بیفتد و غلیظ شود."
"dish-0-1776124930573","حلیم بوقلمون سنتی","dessert","حلیم بوقلمون یکی از اصیل‌ترین و مقوی‌ترین صبحانه‌های ایرانی است که با پخت طولانی گندم و گوشت بوقلمون تهیه می‌شود تا بافتی کشسان و نرم پیدا کند.","گرم","undefined","دارچین، عسل، کنجد","420","180","متوسط","ir","گندم پوست‌کنده:300:گرم | گوشت سینه بوقلمون:400:گرم | روغن حیوانی:60:میلی‌لیتر | پیاز:1:عدد | نمک و فلفل و زردچوبه:0:به میزان لازم | آب:1500:میلیلیتر | چوب دارچین:2:قطعه","گندم پوست‌کنده را از شب قبل خیس کنید و چند بار آب آن را عوض کنید. | گندم را با ۱.۵ لیتر آب روی حرارت ملایم قرار دهید و اجازه دهید چندین ساعت بپزد تا کاملاً نرم و شکفته شود و دانه‌های آن باز شوند. | گوشت بوقلمون را به همراه پیاز، زردچوبه، فلفل و چوب دارچین در ظرفی جداگانه با مقداری آب بپزید تا کاملاً مغزپخت شود. | پس از پخت گوشت، چوب دارچین و پیاز را خارج کرده و گوشت بوقلمون را ریش‌ریش کنید. | گندم پخته شده را با گوشت‌کوب برقی یا دستی کاملاً له کنید تا بافتی یکدست و پوره مانند پیدا کند. | گوشت ریش‌ریش شده را به گندم له شده اضافه کنید و روی حرارت بسیار کم مدام هم بزنید (حلیم بزنید) تا گوشت و گندم به خوبی ترکیب شده و حلیم کش‌دار شود. | در ۱۰ دقیقه پایانی نمک را اضافه کنید و غلظت آن را تنظیم نمایید؛ در نهایت حلیم را در ظرف سرو ریخته و با روغن حیوانی گرم و پودر دارچین تزئین کنید."
"dish-0-1776124950506","Patsas (سیرابی یونانی با لیمو و تخم‌مرغ)","international","یک سوپ سنتی و مقوی یونانی که برای تقویت معده و مفاصل بسیار توصیه می‌شود.","سرد","undefined","دارچین و سرکه","350","240","متوسط","یونانی","سیرابی تمیز شده:1:حبه | پیاز متوسط:2:عدد | سیر:4:حبه | تخم‌مرغ:2:واحد | آب لیموی تازه:100:میلیلیتر | نمک و فلفل و زردچوبه:1:به میزان لازم | نمک و فلفل سیاه و زرد چوبه:1:به میزان لازم | کره:50:گرم","سیرابی را کاملاً تمیز کرده و به قطعات کوچک خرد کنید | سیرابی را با پیاز خرد شده و آب به مدت 3 ساعت بپزید | سیر رنده شده و نمک را اضافه کنید | در یک کاسه تخم‌مرغ‌ها را با آب‌لیمو بزنید تا کف کند | کمی از آب گرم سوپ را به مخلوط تخم‌مرغ اضافه کنید تا هم‌دما شوند و سپس به قابلمه اصلی برگردانید و سرو کنید"
"dish-0-1776124974346","خورش گوشت شتر با لپه","stew","یک خورش سنتی و مقوی ایرانی تهیه شده با گوشت گرم شتر، لپه و لیمو عمانی که با عطر زعفران و ادویه‌های اصیل طعمی بی‌نظیر دارد.","گرم","undefined","گشنیز، زیره و سرکه","450","180","متوسط","ir","گوشت شتر:500:گرم | لپه:150:پیمانه | پیاز:2:عدد | رب گوجه فرنگی:40:قاشق | لیمو عمانی:4:به میزان لازم | روغن مایع:1:به میزان لازم | زعفران دم‌کرده:1:به میزان لازم | نمک و فلفل و زردچوبه:0:به میزان لازم","ابتدا پیازها را نگینی خرد کرده و در روغن مایع تفت دهید تا طلایی و سبک شوند. | گوشت شتر را به قطعات متوسط خرد کرده و به پیاز اضافه کنید و خوب تفت دهید تا تغییر رنگ دهد. | زردچوبه و فلفل را اضافه کرده و کمی تفت دهید تا عطر آن‌ها خارج شود. | لپه را که از قبل خیس کرده‌اید اضافه کرده و حدود ۱ دقیقه تفت دهید تا حین پخت وا نرود. | رب گوجه‌فرنگی را اضافه کرده و سرخ کنید تا بوی خامی آن گرفته شده و رنگ خورش خوش‌رنگ شود. | حدود ۱۰۰۰ میلی‌لیتر آب جوش اضافه کنید و شعله را کم کنید تا گوشت شتر که بافت دیرپزی دارد به آرامی و به طور کامل بپزد. | در ۴۵ دقیقه پایانی، لیمو عمانی‌های سوراخ شده، نمک و زعفران دم‌کرده را اضافه کنید و صبر کنید تا خورش کاملاً جا افتاده و غلیظ شود."
"dish-0-1776125418831","غاز شکم‌پر شمالی","khorak","این غذای مجلسی و اصیل شمالی، با استفاده از غاز محلی و ترکیبی از سبزیجات معطر محلی، گردو و رب انار تهیه می‌شود که طعمی ملس و لذیذ دارد.","گرم","undefined","انار، سماق و آب‌نارنج","780","240","متوسط","ir","غاز محلی:2.5:کیلوگرم | سبزی معطر (چوچاق، گشنیز، جعفری):500:گرم | گردوی آسیاب شده:200:گرم | رب انار:150:قاشق | پیاز بزرگ:2:عدد | آلو بخارا:100:عدد | روغن مایع:1:به میزان لازم | نمک و فلفل و زردچوبه:1:به میزان لازم","ابتدا غاز را کاملاً تمیز کرده، پرزهای اضافی را گرفته و داخل شکم آن را با دقت بشویید؛ سپس پوست و داخل شکم غاز را با مخلوط نمک، فلفل و زردچوبه کاملاً مزه‌دار کنید. | پیازها را نگینی خرد کرده و در یک تابه با مقداری روغن مایع تفت دهید تا سبک و طلایی شوند. | سبزی‌های معطر را ساطوری خرد کرده و به پیاز اضافه کنید؛ سبزی‌ها را تفت دهید تا آب آن‌ها کشیده شده و کمی سرخ شوند. | گردوی آسیاب شده، رب انار ترش و آلو بخارا را به مخلوط سبزی و پیاز اضافه کنید و برای چند دقیقه دیگر تفت دهید تا طعم‌ها با هم ترکیب شده و مایه شکم‌پر آماده شود. | مواد آماده شده را داخل شکم غاز ریخته و با استفاده از نخ و سوزن مخصوص آشپزی، شکم غاز را بدوزید و بال‌ها و پاهای آن را ببندید. | غاز را در یک قابلمه بزرگ با کمی روغن تفت دهید تا پوست آن طلایی شود، سپس آن را در فر با دمای ۱۷۰ درجه سانتی‌گراد به مدت ۳ تا ۴ ساعت قرار دهید تا کاملاً مغزپخت و برشته شود."
"dish-1-1766794336335","آش انار","ash","یک آش اصیل و خوش‌طعم ایرانی با ترکیب بی‌نظیر انار، برنج و کوفته‌قلقلی که معمولاً در فصول سرد و شب یلدا سرو می‌شود.","cold","سرد و تر","گلپر و زنجبیل","420","90","متوسط","ایران","برنج نیم‌دانه:180:پیمانه | لپه:100:پیمانه | سبزی آش:500:گرم | آب انار طبیعی:960:میلی‌لیتر | گوشت چرخ کرده:300:گرم | پیاز:3:عدد | رب انار:30:قاشق | نمک و فلفل و زردچوبه:1:به میزان لازم | نمک و فلفل و زردچوبه:1:به میزان لازم | گلپر:0:به میزان لازم","لپه و برنج را از چند ساعت قبل خیس کرده، سپس با مقدار کافی آب درون قابلمه ریخته و اجازه دهید کاملاً پخته و نرم شوند. | یک عدد پیاز را رنده کرده و آب آن را بگیرید. سپس پیاز را با گوشت چرخ‌کرده و نمک و فلفل ورز دهید و به صورت کوفته‌قلقلی‌های ریز درآورده و در تابه سرخ کنید. | دو عدد پیاز باقی‌مانده را خلالی خرد کرده و سرخ کنید تا طلایی شوند (نیمی برای داخل آش و نیمی برای تزئین). | سبزی آش را به برنج و لپه کاملاً پخته شده اضافه کرده و اجازه دهید سبزی بپزد و آش لعاب بیندازد. | آب انار و رب انار را به همراه نیمی از پیاز داغ به قابلمه اضافه کرده و هم بزنید تا رنگ آش تغییر کند. | کوفته‌قلقلی‌های سرخ شده را داخل آش بریزید و حرارت را ملایم کنید تا آش کاملاً غلیظ شده و جا بیفتد. | در مرحله آخر نمک و فلفل را اندازه کرده و هنگام سرو، گلپر را برای تعدیل سردی انار و عطر بهتر به آش اضافه کنید."
"dish-1-1766799342395","شوید پلو با گوشت گوسفندی","polo","یکی از غذاهای مجلسی و اعیانی که معمولاً با گوشت گردن یا ماهیچه گوسفندی تهیه می‌شود و بسیار لذیذ و پرچرب است.","hot","گرم و تر","دوغ، سماق، ترشی انار، آبلیمو","650","180","سخت","ایران","برنج:4:پیمانه | گوشت گردن یا ماهیچه گوسفندی:600:گرم | شوید تازه:300:گرم | پیاز:2:عدد | زعفران دم‌کرده غلیظ:0:به میزان لازم | چوب دارچین:1:قطعه | سیر:2:حبه","پیازها را خلالی خرد کرده و در روغن تفت دهید تا سبک شوند. | گوشت را اضافه کرده و خوب تفت دهید تا رنگ آن تغییر کند. | زردچوبه، فلفل سیاه، سیر و چوب دارچین را اضافه کنید. | آب جوش اضافه کنید و بگذارید گوشت حدود ۳ ساعت بپزد تا کاملاً نرم شود. | وقتی آب گوشت کم شد و به روغن افتاد، زعفران را اضافه کنید. | برنج را آبکش کنید و شوید را لابلای آن بریزید و دم کنید. | گوشت پخته شده را در کنار پلو سرو کنید."
"dish-1-1766876956936","بزقرمه کرمانی","khorak","بزقرمه یکی از اصیل‌ترین و خوشمزه‌ترین غذاهای سنتی استان کرمان است. این غذا نام خود را از گوشت بزغاله (بز) و سبک پخت قرمه گرفته است. ترکیب گوشت، نخود و کشک به همراه پیاز داغ و سیر داغ فراوان، بافتی حلیم‌مانند و طعمی منحصربه‌فرد به این غذا می‌بخشد که معمولاً با نان خورده می‌شود.","cold","سرد و خشک (به دلیل کشک)","سیر داغ، نعنا داغ، زعفران، گردو","480","180","متوسط","ایران","گوشت سردست یا ماهیچه گوسفندی (یا بز):500:گرم | آرد نخودچی:200:قاشق | کشک غلیظ:240:میلیلیتر | پیاز:2:عدد | سیر:5:حبه | نعنا خشک:8:گرم | زعفران دم‌کرده:0:به میزان لازم | نمک و فلفل و زردچوبه:1:به میزان لازم | نمک و فلفل و زردچوبه:1:به میزان لازم | نمک و فلفل و زردچوبه:1:به میزان لازم | گردوی خرد شده برای تزیین:50:گرم | آب:1:میلیلیتر | روغن زیتون:50:قاشق","نخودها را از شب قبل خیس کرده و چند بار آب آن را عوض کنید تا نفخ آن گرفته شود. سپس آن‌ها را جداگانه نیم‌پز کرده و آبکش کنید. | پیازها را نگینی خرد کرده و در قابلمه با مقداری روغن تفت دهید تا طلایی شوند. سپس گوشت و زردچوبه را اضافه کرده و تفت دهید تا رنگ گوشت تغییر کند. | نخودهای نیم‌پز را به گوشت اضافه کرده و حدود ۱ لیتر آب داخل قابلمه بریزید. حرارت را ملایم کنید تا گوشت و نخود کاملاً پخته و نرم شوند. | پس از پخت کامل و زمانی که آب غذا بسیار کم شد، استخوان‌های گوشت را جدا کنید. مواد را با گوشت‌کوب دستی یا برقی کاملاً بکوبید تا له شده و بافتی کش‌دار پیدا کنند. | کشک را با کمی آب رقیق کرده و به مواد کوبیده شده اضافه کنید. قابلمه را مجدداً روی حرارت ملایم بگذارید تا غذا به مدت ۱۵ تا ۲۰ دقیقه جا بیفتد. | سیرهای رنده شده را در تابه با روغن تفت دهید (سیر داغ). سپس نعنا خشک را اضافه کرده و بلافاصله از روی حرارت بردارید تا نعنا تلخ نشود. | نیمی از سیر داغ، نعنا داغ و زعفران دم‌کرده را داخل قابلمه بریزید و با بقیه مواد مخلوط کنید تا طعم‌ها به خورد هم بروند. | در نهایت بزقرمه را در ظرف مناسب کشیده و روی آن را با باقیمانده سیر داغ، نعنا داغ، زعفران و گردوی خرد شده تزیین کرده و با نان سرو کنید."
"dish-1-1766877137845","خوراک مغز","khorak","یکی از غذاهای سنتی و مقوی که از مغز گوسفند تهیه می‌شود و بافت بسیار نرم و چربی دارد.","cold","سرد و تر","آبلیمو، دارچین، آویشن، زیره و فلفل سیاه","550","40","متوسط","ایران","مغز گوسفند:3:عدد | پیاز:2:عدد | سیر:2:حبه | جعفری خرد شده:2:گرم | ابلیموی ترش و تازه:3:قاشق | نمک و فلفل سیاه و زرد چوبه:1:به میزان لازم | برگ بو:2:به میزان لازم | روغن یا کره:50:گرم","مغزها را در آب سرد قرار دهید و به آرامی رگ و ریشه‌های خونی نازک روی آن را جدا کنید تا کاملا تمیز شود. | مغزها را در قابلمه‌ای با آب، یک پیاز قاچ شده، برگ بو، نمک و کمی زردچوبه بریزید و بگذارید ۲۰ دقیقه بجوشد، سپس آبکش کنید. | یک پیاز دیگر را نگینی خرد کرده و در روغن تفت دهید تا طلایی شود، سپس سیر رنده شده و ادویه‌ها را اضافه کنید. | مغزهای پخته شده را به تابه اضافه کرده و با پشت قاشق کمی له کنید یا تکه تکه کنید و در روغن و پیاز تفت دهید. | در دقایق آخر آبلیمو و زعفران (اختیاری) را اضافه کنید و پس از ۵ دقیقه سرو نمایید. روی آن را با جعفری تزیین کنید."
"dish-1-1766881812358","کشک پاجوش (کله‌جوش)","khorak","یک غذای اصیل، سنتی و سریع ایرانی که سرشار از کلسیم و پروتئین است و معمولاً با نان خشک سنگک سرو می‌شود.","cold","سرد و خشک","گردو، نعنا، سیر، پیاز","420","30","ساده","ایران","کشک ساییده یا پاستوریزه:500:میلیلیتر | پیاز درشت:2:عدد | گردو خرد شده (نیم‌کوب):60:پیمانه | نعنا خشک:10:گرم | سیر:2:حبه | فلفل سیاه و نمک:1:به میزان لازم | روغن یا کره محلی:45:گرم | آب:500:میلیلیتر","پیازها را به صورت خلالی نازک خرد کرده و در قابلمه به همراه روغن یا کره محلی تفت دهید تا کاملاً طلایی و ترد شوند. | سیرهای خرد شده را به همراه زردچوبه و فلفل سیاه به پیاز داغ اضافه کرده و تفت دهید تا عطر سیر و ادویه بلند شود. | گردوهای نیم‌کوب را اضافه کنید و حدود یک دقیقه تفت دهید تا خامی گردو گرفته شده و کمی روغن بیندازد. | نعنا خشک را به مواد اضافه کرده و بلافاصله حرارت را کم کنید؛ تنها چند ثانیه تفت دهید تا نعنا نسوزد و تلخ نشود. | کشک را با آب رقیق کرده و به قابلمه اضافه کنید و هم بزنید تا تمام مواد با هم ترکیب و یکدست شوند. | اجازه دهید غذا با حرارت ملایم گرم شود و به محض مشاهده اولین حباب‌های جوش، شعله را خاموش کنید تا کشک اصطلاحاً نبُرد. | کله‌جوش را در ظرف مناسب ریخته و با نان سنگک ترید کرده و میل نمایید."
"dish-1-1766883317766","خورش قیمه ریزه اصفهانی","stew","خورش قیمه ریزه که به آن کله‌گنجشکی اصفهانی نیز گفته می‌شود، یکی از غذاهای سنتی و بسیار خوشمزه استان اصفهان است. این غذا با کوفته‌ریزه‌های گوشت و سس معطر نعناع تهیه می‌شود و هم با نان و هم با برنج قابل سرو است.","hot","گرم و تر","ترشیجات خانگی، سبزی خوردن، ماست","420","60","متوسط","Iran","گوشت چرخ کرده:500:گرم | آرد نخودچی:30:قاشق | پیاز رنده شده:1:عدد | پیاز نگینی:1:عدد | رب گوجه فرنگی:40:قاشق | نعناع خشک:10:قاشق | آب یا آب گوشت:500:میلی‌لیتر | روغن مایع:1:به میزان لازم | نمک و فلفل سیاه و زرد چوبه:1:به میزان لازم","ابتدا گوشت چرخ‌کرده را با پیاز رنده شده که آب آن کاملاً گرفته شده است، آرد نخودچی، نمک، فلفل سیاه، زردچوبه و نیمی از نعناع خشک در یک ظرف مناسب مخلوط کنید. | مواد را به خوبی ورز دهید تا کاملاً منسجم و چسبنده شوند، سپس از مواد به اندازه یک فندق بزرگ برداشته و در دست گرد کنید تا کوفته‌ریزه‌ها آماده شوند. | در یک قابلمه مناسب، پیاز نگینی را با روغن مایع تفت دهید تا سبک و طلایی شود. | رب گوجه‌فرنگی را به پیاز داغ اضافه کرده و تفت دهید تا رنگ آن باز شده و بوی خامی رب گرفته شود. | آب یا آب گوشت را به قابلمه اضافه کرده و اجازه دهید تا سس به جوش بیاید. | کوفته‌ریزه‌ها را به آرامی و یکی‌یکی به سس در حال جوش اضافه کنید؛ حرارت را ملایم کرده و درب قابلمه را بگذارید. | اجازه دهید خورش به مدت ۴۵ تا ۶۰ دقیقه با حرارت کم بپزد تا کوفته‌ها مغزپخت شده و سس خورش غلیظ شود و جا بیفتد. | در ۱۰ دقیقه پایانی پخت، مابقی نعناع خشک را برای حفظ عطر آن به خورش اضافه کنید و در نهایت خورش را در ظرف مورد نظر کشیده و با نان یا برنج سرو نمایید."
"dish-1-1766883592583","خورش مرغ ترش با گردو","stew","خورش مرغ ترش یکی از اصیل‌ترین و لذیذترین غذاهای خطه شمال ایران است که با ترکیب گردوی آسیاب شده، رب انار ملس و سبزیجات معطر محلی طعمی بی‌نظیر و بافتی غلیظ پیدا می‌کند.","balanced","معتدل (رو به گرمی با گردو)","کمی شکر (در صورت ترشی زیاد) یا زعفران","480","90","متوسط","ir","مرغ (ران یا سینه):800:گرم | گردوی آسیاب شده:200:گرم | رب انار:75:قاشق | سبزی معطر (گشنیز، جعفری، نعنا و چوچاق):300:گرم | پیاز درشت:1:عدد | سیر:3:حبه | نمک و فلفل و زردچوبه:0:به میزان لازم | روغن زیتون:60:قاشق | آب:720:میلیلیتر","تکه‌های مرغ را با نمک و زردچوبه مزه‌دار کرده و در مقداری روغن سرخ کنید تا کاملاً طلایی شوند، سپس آن‌ها را از تابه خارج کرده و کنار بگذارید. | پیاز را رنده کرده و در همان روغن تفت دهید تا سبک شود، سپس سیر له شده و سبزیجات معطر خرد شده را اضافه کرده و به خوبی سرخ کنید تا رنگ سبزی تیره شده و عطر آن خارج شود. | گردوی آسیاب شده را به مخلوط سبزیجات اضافه کنید و ۲ تا ۳ دقیقه تفت دهید تا گردو گرم شده و شروع به روغن انداختن کند. | رب انار را اضافه کرده و پس از کمی تفت دادن، ۷۲۰ میلی‌لیتر آب (معادل ۳ لیوان) را روی مواد بریزید و اجازه دهید تا سس به جوش بیاید. | تکه‌های مرغ سرخ شده را درون سس قرار دهید و حرارت را ملایم کنید تا خورش به آرامی پخته شود. | درب قابلمه را بگذارید و اجازه دهید خورش به مدت حدود ۱ ساعت ریزجوش بزند تا کاملاً غلیظ شده و روغن بیندازد، سپس همراه با کته ایرانی سرو کنید."
"dish-1-1766883843657","خورش به با گردو","stew","خورش به با گردو یکی از خورش‌های اصیل و مجلسی ایرانی است که با عطر بی‌نظیر به و طعم غنی گردو تهیه می‌شود. این غذا به دلیل شباهت ترکیباتش به فسنجان، طعمی ملس و لذیذ دارد.","hot","گرم و معتدل","سکنجبین یا رب انار ملس","520","150","متوسط","ir","گوشت گوسفندی:400:گرم | به درشت:2:عدد | گردوی آسیاب شده:200:گرم | پیاز بزرگ:1:عدد | رب انار:30:قاشق | شکر (اختیاری):15:به میزان لازم | نمک و فلفل و زردچوبه:1:به میزان لازم | نمک و فلفل سیاه:1:به میزان لازم | زعفران دم‌کرده:0:به میزان لازم | نمک و فلفل و زردچوبه:1:به میزان لازم | روغن مایع:1:به میزان لازم | آب جوش:800:میلیلیتر","پیاز را نگینی خرد کرده و در قابلمه با مقداری روغن تفت دهید تا سبک و طلایی شود. سپس گوشت گوسفندی خرد شده را به همراه زردچوبه اضافه کنید و تفت دهید تا رنگ گوشت تغییر کند. | گردوی آسیاب شده را به مواد اضافه کرده و حدود یک دقیقه تفت دهید تا بوی خامی آن گرفته شود، سپس ۸۰۰ میلی‌لیتر آب جوش را اضافه کرده و درب قابلمه را ببندید تا گوشت و گردو با حرارت ملایم بپزند. | به‌ها را پوست گرفته، به صورت مکعبی خرد کنید و در تابه‌ای جداگانه با کمی روغن تفت دهید تا در حین پخت له نشوند و ظاهر خود را حفظ کنند. | پس از حدود ۱.۵ ساعت که گوشت نیم‌پز شد، به‌های تفت داده شده را همراه با رب انار، نمک، فلفل سیاه و شکر به خورش اضافه کنید. | اجازه دهید خورش ۴۵ دقیقه دیگر با حرارت بسیار ملایم بجوشد تا کاملاً جا بیفتد و روغن بیندازد. در ۱۰ دقیقه پایانی پخت، زعفران دم‌کرده را برای عطر و رنگ بهتر به خورش اضافه کنید."
"dish-1-1766884212692","خورش غوره مسما","stew","خورش غوره مسما یکی از خورش‌های اصیل و مجلسی ایرانی است که با ترکیب مرغ، بادمجان و طعم ترش و جذاب غوره تهیه می‌شود. این خورش به دلیل داشتن غوره، طعمی ملس و اشتها‌آور دارد و گزینه‌ای عالی برای میهمانی‌هاست.","cold","سرد و خشک","زعفران، ادویه‌های گرم مثل فلفل سیاه و کمی شکر (در صورت ترشی زیاد)","480","90","متوسط","ir","ران یا سینه مرغ:800:گرم | بادمجان قلمی متوسط:600:عدد | غوره تازه (بدون دُم):150:قاشق | پیاز متوسط:2:عدد | رب گوجه فرنگی:50:قاشق | رب گوجه فرنگی:300:قاشق | نمک و فلفل و زردچوبه:1:به میزان لازم | نمک و فلفل سیاه:1:به میزان لازم | نمک و فلفل و زردچوبه:1:به میزان لازم | روغن سرخ‌کردنی:100:میلیلیتر | زعفران دم‌کرده:1:به میزان لازم | آب جوش:500:میلیلیتر","ابتدا پیازها را به صورت نگینی خرد کرده و در یک قابلمه مناسب با مقداری روغن تفت دهید تا سبک و طلایی شوند. | تکه‌های ران یا سینه مرغ را به پیازها اضافه کرده و همراه با زردچوبه و فلفل سیاه تفت دهید تا رنگ مرغ تغییر کرده و کمی سرخ شود. | رب گوجه‌فرنگی را به مواد اضافه کنید و چند دقیقه تفت دهید تا بوی خامی آن گرفته شده و رنگ رب باز شود. | آب جوش را به قابلمه اضافه کرده، حرارت را ملایم کنید و اجازه دهید مرغ به مدت ۴۵ دقیقه نیم‌پز شود. | در این فاصله، بادمجان‌ها را پوست گرفته و نمک بزنید تا تلخی آن‌ها گرفته شود؛ سپس آن‌ها را شسته، کاملاً خشک کرده و در روغن سرخ کنید. | در ۳۰ دقیقه پایانی پخت مرغ، بادمجان‌های سرخ‌شده، غوره تازه و گوجه‌فرنگی‌های حلقه شده را روی خورش بچینید. | در ۱۰ دقیقه آخر، نمک و زعفران دم‌کرده را به خورش اضافه کنید و اجازه دهید خورش کاملاً جا افتاده و به روغن بیفتد."
"dish-1-1766956020736","سوپ جو سفید (سنتی مجلسی)","soup","یکی از اصیل‌ترین و محبوب‌ترین پیش‌غذاهای ایرانی که به دلیل داشتن شیر، خامه و عصاره مرغ، بافتی غلیظ، کشسان و طعمی بسیار لذیذ دارد.","cold","undefined","فلفل سیاه، آویشن و کمی آبلیموی تازه","320","120","متوسط","ir","جو پوست کنده:200:گرم | شیر:750:پیمانه | سینه مرغ:300:گرم | هویج نگینی:150:گرم | پیاز:1:عدد | قارچ اسلایس شده:200:گرم | خامه صبحانه:50:گرم | کره:30:گرم | آرد نخودچی:30:قاشق | جعفری خرد شده:50:گرم | نمک و فلفل سیاه و زرد چوبه:1:به میزان لازم | ابلیموی ترش و تازه:15:قاشق","جو پوست کنده را که از شب قبل خیس کرده‌اید، با چند لیوان آب داخل قابلمه بریزید و اجازه دهید با حرارت ملایم کاملاً بپزد و لعاب بیاندازد. | سینه مرغ را به همراه پیاز و کمی آب بپزید. پس از پخت، مرغ را ریش‌ریش کرده و آب مرغ را از صافی رد کنید. مرغ و آب مرغ را به قابلمه جو اضافه کنید. | هویج‌های نگینی خرد شده را به سوپ اضافه کرده و اجازه دهید تا هویج‌ها کاملاً نرم شوند. | قارچ‌های اسلایس شده را با کمی کره و یک قاشق آبلیمو تفت دهید تا آب آن کشیده شده و رنگ آن تیره نشود، سپس آن را به سوپ بیفزایید. | در ظرفی جداگانه، آرد را با باقی‌مانده کره تفت دهید تا بوی خامی آن گرفته شود، سپس شیر گرم را کم‌کم اضافه کرده و سریع هم بزنید تا سس سفید غلیظ و یکدستی حاصل شود. این سس را به سوپ اضافه کنید. | در ۱۰ دقیقه پایانی، نمک و فلفل سوپ را اندازه کنید. خامه را با کمی از مایع سوپ در ظرفی جداگانه رقیق کرده و سپس به همراه جعفری خرد شده به سوپ اضافه کنید و پس از چند قل زدن، سوپ را از روی حرارت بردارید."
"dish-1-1766956416037","کالباس گوشت و قارچ","fastfood","یک کالباس خانگی سالم و لذیذ تهیه شده از گوشت گوساله تازه و قارچ‌های تفت داده شده، بدون مواد نگهدارنده صنعتی، که بافتی منسجم و طعمی عالی برای انواع ساندویچ و پیتزا دارد.","cold","سرد و خشک","فلفل قرمز یا آویشن","470","150","متوسط","ایران","گوشت گوساله بدون چربی:600:گرم | قارچ ورقه شده و تفت داده شده:70:گرم | یخ خرد شده:100:گرم | روغن زیتون:45:قاشق | ادویه مخصوص کالباس:0:به میزان لازم | تخم مرغ:2:عدد | سیر:5:حبه | نشاسته گندم:45:گرم","گوشت گوساله را دو بار با دنده ریز چرخ کنید تا کاملاً نرم شود، سپس آن را به مدت ۱ ساعت در فریزر قرار دهید تا نیمه‌منجمد شود. | گوشت نیمه‌منجمد را به همراه یخ خرد شده و سیر در غذاساز بریزید و آنقدر میکس کنید تا یک خمیر روشن و یکنواخت به دست آید. | تخم مرغ، روغن زیتون، نشاسته گندم و ادویه مخصوص کالباس را به مخزن غذاساز اضافه کرده و تا زمان رسیدن به یک بافت بسیار کشسان و چسبنده به هم زدن ادامه دهید. | مایه را از دستگاه خارج کرده و قارچ‌های تفت داده شده را که کاملاً آب آن‌ها کشیده شده است، به صورت دستی با مایه مخلوط کنید. | مایه کالباس را روی سلفون مخصوص حرارتی یا فویل آلومینیومی قرار داده و به صورت شکلات‌پیچ، بسیار محکم رول کنید تا هیچ حباب هوایی داخل آن باقی نماند. | رول‌ها را در دستگاه بخارپز قرار داده و به مدت ۲ ساعت اجازه دهید تا با حرارت ملایم بخارپز شوند. | بعد از پخت، رول‌ها را بلافاصله در آب یخ قرار دهید تا شوک حرارتی ببینند و سپس به مدت ۲۴ ساعت در یخچال بگذارید تا کاملاً سرد و آماده برش شوند."
"dish-1-1766956905813","کباب سلطانی","kabab","کباب سلطانی یکی از مجلل‌ترین کباب‌های ایرانی است که ترکیبی از یک سیخ کباب برگ (فیله گوساله یا گوسفند) و یک سیخ کباب کوبیده است و طعمی دوگانه و لذیذ دارد.","hot","گرم و تر (در صورت استفاده از گوشت گوسفند)","سماق، ریحان، دوغ با نعنا","750","60","سخت","ایران","فیله گوساله یا گوسفند:300:گرم | قلوه گاه گوسفندی و سردست گوساله (چرخ کرده):300:گرم | پیاز متوسط:3:عدد | زعفران دم‌کرده:1:به میزان لازم | کره:50:گرم | نمک و فلفل سیاه و زرد چوبه:1:به میزان لازم | ابلیموی ترش و تازه:2:قاشق","برای کباب برگ، فیله را نازک برش داده و با پشت کارد می‌کوبیم تا پهن شود. | فیله را با آب پیاز، فلفل و زعفران مزه‌دار کرده و چند ساعت در یخچال می‌گذاریم. | برای کوبیده، گوشت چرخ‌کرده را با پیاز رنده‌شده (که آب آن کاملاً گرفته شده)، نمک، فلفل و زعفران ورز می‌دهیم تا چسبنده شود. | گوشت کوبیده را به سیخ کشیده و فیله برگ را نیز جداگانه به سیخ می‌کشیم. | هر دو سیخ را روی زغال داغ قرار داده و مرتب می‌چرخانیم. | در اواسط پخت روی کباب برگ کره و زعفران می‌مالیم و در نهایت کنار هم سرو می‌کنیم."
"dish-1-1766958808660","Arroz com Carne Moída (پلو گوشت برزیلی)","international","یک غذای برزیلی لذیذ و رنگارنگ که از ترکیب برنج، گوشت چرخ‌کرده و سبزیجات تهیه می‌شود. این غذا به دلیل ترکیب متعادل پروتئین و کربوهیدرات، یک وعده غذایی کامل و محبوب در سفره‌های بین‌المللی است.","balanced","معتدل و خشک","زیره یا دارچین","520","45","آسان","برزیل","۳ پیمانه برنج:540:پیمانه | گوشت چرخ کرده:400:گرم | ۱ پیمانه مخلوط نخود فرنگی و ذرت:150:گرم | ۱ عدد فلفل دلمه‌ای قرمز:1:عدد | ۲ حبه سیر:2:حبه | نمک و فلفل و زردچوبه:0:به میزان لازم","ابتدا ۳ پیمانه برنج را شسته و به مدت ۳۰ دقیقه خیس کنید؛ سپس آن را به صورت کته یا آبکش آماده کنید، به طوری که دانه‌های برنج کمی سفت‌تر از حالت معمول برداشته شوند. | در یک تابه بزرگ، ۲ حبه سیر را له کرده و با مقداری روغن تفت دهید، سپس گوشت چرخ کرده را اضافه کرده و همراه با نمک و فلفل و زردچوبه تفت دهید تا آب گوشت کشیده شده و رنگ آن تغییر کند. | ۱ عدد فلفل دلمه‌ای قرمز را نگینی خرد کرده و به همراه ۱ پیمانه مخلوط نخود فرنگی و ذرت به مخلوط گوشت اضافه کنید و به مدت ۵ دقیقه دیگر تفت دهید تا سبزیجات نرم شوند. | مواد گوشتی آماده شده را با برنج پخته شده در یک قابلمه بزرگ کاملاً مخلوط کنید تا رنگ و طعم مواد به صورت یکنواخت پخش شود. | درب قابلمه را گذاشته و اجازه دهید پلو به مدت ۲۰ دقیقه با حرارت ملایم دم بکشد تا طعم‌ها کاملاً با هم ترکیب شوند. | این غذا را می‌توانید در دیس زیبایی کشیده و همراه با سالاد فصل یا سبزی خوردن سرو کنید."
"dish-1-1766959134379","Doner Kebab (دونر کباب گوشت - ترکیه)","international","دونر کباب یا کباب ترکی، یکی از محبوب‌ترین غذاهای خیابانی ترکیه است که از ورقه‌های بسیار نازک گوشت طعم‌دار شده تهیه می‌شود. در این دستور، گوشت در سسی از پیاز، ماست و ادویه‌های معطر استراحت کرده و سپس به سرعت در حرارت بالا سرخ می‌شود تا بافتی نرم و طعمی لذیذ پیدا کند.","hot","گرم و خشک","سماق و ریحان","480","30","متوسط","ترکیه","گوشت راسته گوساله:600:گرم | دنبه گوسفندی:100:گرم | پیاز:2:عدد | سیر:3:حبه | ماست پرچرب:50:میلیلیتر | روغن زیتون:30:قاشق | نمک و فلفل سیاه و زرد چوبه:1:به میزان لازم | پودر آویشن و پاپریکا:0:به میزان لازم | گوجه فرنگی و خیارشور برای سرو:200:عدد","گوشت راسته گوساله و دنبه را به مدت حدود ۱ ساعت در فریزر قرار دهید تا نیمه‌منجمد شوند؛ این کار باعث می‌شود بتوانید آن‌ها را به صورت ورقه‌های بسیار نازک برش بزنید. | گوشت و دنبه را با یک چاقوی بسیار تیز به صورت ورقه‌های نازک و یکدست (مانند کالباس) برش بزنید. | پیازها را با رنده ریز رنده کرده و آب آن‌ها را کاملاً جدا کنید. در یک کاسه بزرگ، آب پیاز را با ماست پرچرب، روغن زیتون، سیر له شده، پودر آویشن، پاپریکا، نمک و فلفل سیاه مخلوط کنید تا سس مرینیت یکدستی حاصل شود. | ورقه‌های گوشت و دنبه را به سس تهیه شده اضافه کرده و با دست کاملاً مخلوط کنید تا تمام سطوح گوشت آغشته شود. روی ظرف را بپوشانید و حداقل ۲ تا ۴ ساعت در یخچال استراحت دهید. | یک تابه وسیع و ضخیم (ترجیحاً چدنی) را روی حرارت بسیار بالا قرار دهید تا کاملاً داغ شود. ورقه‌های گوشت را در چند مرحله و به صورت لایه‌ای داخل تابه ریخته و با سرعت تفت دهید تا سرخ و مغزپخت شوند. از پر کردن بیش از حد تابه خودداری کنید تا گوشت آب نیندازد. | گوشت‌های پخته شده را در صورت نیاز به قطعات ریزتر برش بزنید و به همراه نان مدیترانه، گوجه فرنگی، خیارشور و پیاز و جعفری سرو نمایید."
"dish-1-1766961078329","Lahmacun (لاهماجون - پیتزا ترکی)","international","لاهماجون یکی از محبوب‌ترین غذاهای خیابانی ترکیه و خاورمیانه است که از یک لایه خمیر بسیار نازک و ترد همراه با تاپینگ گوشت چرخ‌کرده مزه‌دار شده با سبزیجات و ادویه‌های معطر تهیه می‌شود.","hot","گرم و خشک","جعفری تازه یا سماق","420","60","متوسط","ترکیه","گوشت چرخ کرده:400:گرم | ۱ عدد پیاز کوچک (رنده شده):2:عدد | ۲ عدد گوجه‌فرنگی کوچک (رنده شده):3:عدد | ۱ عدد فلفل سبز (ریز خرد شده):2:عدد | ۲ قاشق غذاخوری جعفری تازه (خرد شده):40:به میزان لازم | رب گوجه فرنگی:45:قاشق | ۱/۲ قاشق چای‌خوری پاپریکا:5:گرم | ۱/۴ قاشق چای‌خوری فلفل قرمز پرک شده (پول بیبر):3:گرم | نمک و فلفل سیاه و زرد چوبه:1:به میزان لازم | آرد گندم ۲۰۰ گرم (برای خمیر):400:گرم | ۱/۲ قاشق چای‌خوری نمک:0:به میزان لازم | ۱/۲ قاشق چای‌خوری شکر:4:به میزان لازم | ۱ قاشق چای‌خوری مایه خمیر فوری:8:گرم | ۱۲۰ میلی‌لیتر آب گرم:250:میلی‌لیتر","برای تهیه خمیر: در یک کاسه بزرگ، آرد، نمک، شکر و مایه خمیر را با هم مخلوط کنید. آب گرم را به آرامی اضافه کرده و ورز دهید تا خمیری نرم و یکدست که به دست نمی‌چسبد حاصل شود. روی خمیر را بپوشانید و به مدت ۴۵ دقیقه در جای گرم استراحت دهید تا حجم آن دو برابر شود. | برای مواد رویه: گوشت چرخ‌کرده را با پیاز رنده شده (که آب آن گرفته شده)، گوجه‌فرنگی رنده شده، فلفل سبز خرد شده، جعفری تازه، رب گوجه‌فرنگی، پاپریکا، پول‌بیبر، نمک و فلفل سیاه در یک ظرف مخلوط کنید و با دست ورز دهید تا کاملاً یکنواخت شوند. | فر را از قبل با بالاترین دمای ممکن (حدود ۲۴۰ تا ۲۵۰ درجه سانتی‌گراد) گرم کنید. | خمیر را به ۴ یا ۶ قسمت مساوی تقسیم کنید. هر قسمت را روی سطح آردپاشی شده به شکل دایره‌ای بسیار نازک (مانند نان لواش) باز کنید. | مقداری از مخلوط گوشت را روی خمیر قرار داده و با پشت قاشق یا نوک انگشتان به طور یکنواخت روی سطح خمیر پخش کنید، به طوری که لبه‌ها کمی خالی بمانند. | لاهماجون‌ها را روی سینی فر که از قبل گرم شده قرار دهید و به مدت ۷ تا ۱۰ دقیقه بپزید تا نان کاملاً ترد و لبه‌های آن طلایی شود. بلافاصله با جعفری تازه و آبلیمو سرو کنید."
"dish-1-1766961391029","Ossobuco (اوزوبوکو - ساق گوساله ایتالیایی)","international","اوزوبوکو یکی از مشهورترین غذاهای منطقه لمباردی ایتالیا است. این خوراک با پخت آهسته ساق گوساله در سسی غنی از سبزیجات و آب گوشت تهیه شده و با چاشنی معطر گره‌مولاتا (ترکیب جعفری، سیر و پوست لیمو) تزئین می‌شود تا طعمی بی‌نظیر و لطیف پیدا کند.","hot","گرم و تر","رزماری یا آویشن","520","150","متوسط","ایتالیا","ساق گوساله (برش خورده عرضی با استخوان):1200:گرم | پیاز بزرگ (خرد شده):1:عدد | هویج (خرد شده):150:گرم | ساقه کرفس (خرد شده):100:گرم | سیر (له شده):2:حبه | شراب سفید خشک:100:میلی‌لیتر | گوجه‌فرنگی خرد شده (کنسروی):400:گرم | آب گوشت:500:میلی‌لیتر | روغن زیتون:45:قاشق | آرد نخودچی:25:قاشق | نمک و فلفل و زردچوبه:1:به میزان لازم | نمک و فلفل سیاه:1:به میزان لازم | جعفری تازه (برای گره‌مولاتا):30:به میزان لازم | سیر (برای گره‌مولاتا):1:حبه | پوست لیمو (برای گره‌مولاتا):10:گرم","تکه‌های ساق گوساله را با نمک و فلفل سیاه کاملاً مزه‌دار کنید و سپس هر دو طرف آن‌ها را در آرد بغلتانید. آرد اضافی را کاملاً بتکانید تا لایه بسیار نازکی باقی بماند. | در یک قابلمه بزرگ و سنگین (مانند ظرف چدنی)، روغن زیتون را روی حرارت متوسط گرم کنید. ساق‌ها را از هر دو طرف سرخ کنید تا به خوبی قهوه‌ای شوند، سپس آن‌ها را از قابلمه خارج کرده و کنار بگذارید. | پیاز، هویج و کرفس خرد شده را به همان قابلمه اضافه کنید و به مدت ۷ تا ۱۰ دقیقه تفت دهید تا سبزیجات نرم و سبک شوند. سیر را اضافه کرده و ۱ دقیقه دیگر تفت دهید تا عطر آن آزاد شود. | شراب سفید را اضافه کنید و اجازه دهید بجوشد؛ با یک قاشق چوبی ذرات چسبیده به کف قابلمه را جدا کنید تا طعم آن‌ها به سس منتقل شود. اجازه دهید حجم مایع نصف شود. | گوجه‌فرنگی خرد شده و آب گوشت را اضافه کنید. کمی نمک و فلفل بزنید و ساق‌های گوساله را به قابلمه برگردانید (مایع باید نیمی از ارتفاع گوشت را بپوشاند). | حرارت را کم کنید، درب قابلمه را بگذارید و اجازه دهید به مدت ۲ تا ۲.۵ ساعت روی حرارت بسیار ملایم یا در فر با دمای ۱۶۰ درجه سانتی‌گراد بپزد تا گوشت کاملاً نرم شده و به راحتی از استخوان جدا شود. | در ۱۰ دقیقه پایانی پخت، جعفری تازه ساطوری، سیر رنده شده و پوست لیمو را با هم مخلوط کنید تا گره‌مولاتا آماده شود. | اوزوبوکو را در ظرف سرو قرار دهید، سس غلیظ شده را روی آن بریزید و در نهایت ترکیب گره‌مولاتا را روی هر تکه گوشت بپاشید. این غذا معمولاً با ریزوتو آلا میلانزه یا پولنتا سرو می‌شود."
"dish-1-1766963128330","Qurutob (قروت‌آب تاجیکستان)","international","قروت‌آب یکی از محبوب‌ترین و اصیل‌ترین غذاهای ملی تاجیکستان است که با ترکیبی از کشک غلیظ (قروت)، نان فطیر، پیاز داغ و سبزیجات تازه تهیه می‌شود. این غذا به طور سنتی در ظرف‌های چوبی بزرگ سرو می‌شود و نمادی از فرهنگ غذایی آسیای مرکزی است.","cold","سرد و تر","پیاز داغ|روغن کتان","480","30","متوسط","تاجیکستان","قروت (کشک خشک تاجیکی):200:میلیلیتر | نان فطیر یا لواش تازه:2:عدد | پیاز بزرگ:2:عدد | روغن کتان:120:میلی‌لیتر | رب گوجه فرنگی:2:قاشق | خیار:2:عدد | فلفل دلمه:1:عدد | سبزیجات تازه (گشنیز، شوید، ریحان):70:گرم | نمک و فلفل سیاه و زرد چوبه:1:به میزان لازم | آب به مقدار لازم:500:میلی‌لیتر","قروت‌ها را از شب قبل در مقداری آب خیس کنید تا کاملاً نرم شوند. سپس آن‌ها را در همان آب له کرده و با ۵۰۰ میلی‌لیتر آب اضافی مخلوط کنید تا یک سس یکدست و غلیظ با بافتی شبیه به دوغ غلیظ به دست آید. | پیازها را به صورت خلالی نازک خرد کنید. روغن کتان را در یک تابه روی حرارت ملایم گرم کرده و پیازها را در آن سرخ کنید تا به رنگ طلایی و کاملاً برشته درآیند. | نان فطیر یا لواش را با دست به تکه‌های کوچک (حدود ۳ سانتی‌متر) خرد کرده و در یک کاسه بزرگ یا ظرف مخصوص سرو بریزید. | سس قروت آماده شده را روی نان‌های خرد شده بریزید. اجازه دهید نان‌ها چند لحظه بمانند تا سس را به خود جذب کنند. سپس پیازهای سرخ شده را به همراه روغن داغ کتان روی تمام سطح نان‌ها پخش کنید. | گوجه‌فرنگی، خیار و فلفل دلمه را به صورت نگینی ریز خرد کنید. سبزیجات تازه را نیز ساطوری کرده و به همراه نمک و فلفل روی غذا بریزید. قروت‌آب را بلافاصله تا نان‌ها بیش از حد نرم نشده‌اند، سرو کنید."
"dish-1-1766972486974","سوشی (سوشی - ژاپن)","international","سوشی یکی از محبوب‌ترین و اصیل‌ترین غذاهای فرهنگ ژاپن است که از ترکیب برنج مخصوص طعم‌دار شده با سرکه، ماهی تازه خام و سبزیجات مختلف تهیه می‌شود. این نسخه شامل رول‌های کلاسیک ماکی است.","cold","undefined","زنجبیل ترشی یا واسابی","420","60","متوسط","ژاپن","برنج سوشی (برنج ژاپنی دانه کوتاه):360:پیمانه | آب:600:میلیلیتر | سرکه برنج:120:میلیلیتر | شکر:30:به میزان لازم | نمک و فلفل و زردچوبه:1:به میزان لازم | فیله ماهی تازه و با کیفیت سوشی گرید (مانند سالمون، تون یا هامور):250:گرم | جلبک نوری (ورق خشک):5:عدد | ۱ عدد خیار (نواری باریک خرد شده):1:عدد | ۱ عدد آووکادو (نواری برش داده شده):1:عدد | واسابي، زنجبیل ترشی (گاری) و سس سویا برای سرو:0:به میزان لازم","برنج سوشی را چندین بار با آب سرد بشویید تا آب خروجی کاملاً شفاف شود. سپس برنج را همراه با مقدار مشخص شده آب در قابلمه ریخته، به جوش آورید و سپس با درب بسته به مدت ۲۰ دقیقه با حرارت بسیار کم بپزید. پس از پخت، ۱۵ دقیقه بدون باز کردن درب، اجازه دهید دم بکشد. | در همین حین، سرکه برنج، شکر و نمک را در یک تابه کوچک روی حرارت ملایم گرم کنید و هم بزنید تا شکر و نمک کاملاً حل شوند، اما اجازه ندهید مخلوط به جوش بیاید. | برنج پخته شده را به یک ظرف بزرگ غیرفلزی منتقل کنید. مخلوط سرکه را به تدریج روی برنج بریزید و با استفاده از قاشق چوبی با حرکات برشی به آرامی هم بزنید تا سرکه جذب شود و برنج به دمای محیط برسد. | حصیر مخصوص سوشی (ماکیسو) را پهن کرده و یک ورق جلبک نوری را به صورتی که سمت براق آن رو به پایین باشد، روی آن قرار دهید. | دست‌های خود را با آب مرطوب کنید. یک لایه نازک و یکنواخت از برنج را روی نوری پخش کنید، به طوری که حدود ۲ سانتی‌متر از لبه بالایی جلبک خالی بماند. | نوارهای ماهی، خیار و آووکادو را در یک ردیف افقی در نزدیکی لبه پایینی برنج بچینید. | با استفاده از حصیر، از سمت پایین شروع به رول کردن کنید. در حین کار فشار ملایم و یکنواختی وارد کنید تا رول کاملاً فشرده و محکم شود. | پس از اتمام رول کردن، با یک چاقوی بسیار تیز که تیغه آن کمی مرطوب شده است، رول را به قطعات مساوی برش بزنید. | سوشی‌ها را در ظرف مورد نظر چیده و بلافاصله همراه با سس سویا، واسابی و زنجبیل ترشی سرو کنید."
"dish-1-1766973887873","ماکارونی دمی ایرانی","khorak","یک غذای بسیار محبوب و نوستالژیک ایرانی که با ترکیب ماکارونی رشته‌ای، مایه گوشت و قارچ تهیه شده و با ته‌دیگ ترد سیب‌زمینی دم می‌کشد.","balanced","معتدل (به دلیل ترکیب گندم گرم و گوشت سرد)","آویشن، پودر سیر و fلفل سیاه","620","60","متوسط","ایران","ماکارونی رشته‌ای (اسپاگتی):500:گرم | گوشت چرخ کرده:350:گرم | پیاز بزرگ:1:عدد | رب گوجه فرنگی:60:قاشق | سیب‌زمینی (برای ته‌دیگ):2:عدد | fلفل دلمه‌ای:1:عدد | قارچ دگمه ای:200:گرم | زردچوبه، نمک، fلفل و آویشن:1:به میزان لازم | روغن زیتون:45:قاشق","پیاز را نگینی خرد کرده و در روغن زیتون تفت دهید تا سبک و طلایی شود، سپس گوشت چرخ‌کرده را اضافه کنید و تا زمان تغییر رنگ تفت دهید. | fلفل دلمه‌ای و قارچ خرد شده را به تابه اضافه کنید و با حرارت بالا تفت دهید تا آب قارچ کاملاً کشیده شود. | رب گوجه‌فرنگی را به همراه زردچوبه، نمک و fلفل (به جز آویشن) اضافه کرده و به خوبی تفت دهید تا رنگ رب باز شود و خامی آن گرفته شود. | در یک قابلمه بزرگ آب را به جوش آورده، مقداری نمک اضافه کنید و ماکارونی را داخل آن بریزید؛ پس از ۷ تا ۱۰ دقیقه وقتی ماکارونی کمی نرم شد (اما له نشد)، آن را آبکش کنید. | کف قابلمه را کمی روغن ریخته و سیب‌زمینی‌های حلقه‌شده را برای ایجاد یک ته‌دیگ خوشمزه در کف آن بچینید. | ماکارونی آبکش‌شده و مایه گوشتی آماده را به صورت لایه‌لایه‌ در قابلمه بریزید و روی هر لایه مایه گوشت، مقداری آویشن بپاشید. | درب قابلمه را با دم‌کنی بپوشانید و اجازه دهید غذا به مدت ۴۵ دقیقه روی حرارت بسیار ملایم دم بکشد تا آماده سرو شود."
"dish-1-1769808192408","تانتونی گوشت بره با نان خانگی (tantuni)","international","تانتونی یکی از لذیذترین غذاهای خیابانی ترکیه است که از ترکیب گوشت بره خرد شده، روغن دمبه و ادویه‌های تند تهیه می‌شود. این غذا در نان‌های لواش خانگی بسیار نازک پیچیده شده و با پیاز، جعفری و گوجه‌فرنگی تازه سرو می‌گردد.","گرم","undefined","ترشی لیمو و دوغ","620","50","متوسط","ترکیه","گوشت ران بره:500:گرم | آرد گندم برای نان:375:گرم | روغن دمبه:50:میلی‌لیتر | پودر فلفل قرمز تند:0:به میزان لازم | نمک و فلفل و زردچوبه:1:به میزان لازم | پیاز سفید:2:عدد | جعفری تازه:30:به میزان لازم | گوجه فرنگی نگینی:2:عدد | آب:200:میلیلیتر","ابتدا آرد گندم را با آب و مقدار کمی نمک مخلوط کرده و به خوبی ورز دهید تا خمیری نرم به دست آید. خمیر را به چانه‌های کوچک تقسیم کرده و نان‌های بسیار نازکی (لواش) در تابه داغ بپزید. | گوشت ران بره را به صورت مکعب‌های بسیار ریز (نگینی ریز) خرد کنید. گوشت را در تابه با مقداری آب بپزید تا کاملاً نرم شود و آب آن کاملاً کشیده شود. | روغن دمبه را به گوشت اضافه کرده و اجازه دهید گوشت در چربی تفت بخورد. در این مرحله پودر فلفل قرمز تند و نمک را برای رنگ و طعم‌دهی اضافه کنید. | پیازهای سفید را به صورت خلالی بسیار نازک خرد کنید و با جعفری تازه که ساطوری شده است مخلوط نمایید. | گوجه‌فرنگی‌ها را به صورت نگینی ریز خرد کرده و آماده کنار بگذارید. | نان‌های خانگی را برای لحظاتی روی گوشت در حال تفت قرار دهید تا با بخار و روغن گوشت گرم، نرم و طعم‌دار شوند. | مقداری از گوشت تفت داده شده را به همراه مخلوط پیاز و جعفری و گوجه‌فرنگی نگینی داخل نان قرار داده، نان را به صورت محکم رول کنید و بلافاصله سرو نمایید."
"dish-1-1769901425087","خاگینه مغزدار تبریزی","dessert","خاگینه مغزدار یکی از دسرهای سنتی و اصیل شهر تبریز است که از ترکیب مایه تخم‌مرغی و لایه‌ای از مغز گردو و ادویه‌های معطر تهیه می‌شود. این دسر خوش‌طعم معمولاً در کنار چای و به عنوان عصرانه یا صبحانه سرو می‌گردد.","گرم","undefined","شربت سکنجبین یا انار","480","35","متوسط","ir","تخم‌مرغ:5:عدد | ماست:75:میلیلیتر | آرد نخودچی:50:قاشق | گردو خرد شده:50:پیمانه | پودر گل سرخ:0:به میزان لازم | دارچین و هل:0:به میزان لازم | زعفران و شربت قوام آمده:240:میلی‌لیتر | روغن مایع:1:به میزان لازم","ابتدا تخم‌مرغ‌ها را در ظرفی مناسب شکسته و با همزن دستی یا چنگال بزنید تا کاملاً یکدست شده و از لختگی خارج شوند. | ماست را به تخم‌مرغ‌ها اضافه کرده و مخلوط کنید، سپس آرد را الک کرده و به تدریج به مایه اضافه کنید تا غلظتی یکنواخت پیدا کند. | در یک تابه نچسب مقداری روغن ریخته و اجازه دهید گرم شود؛ سپس نیمی از مایه خاگینه را کف تابه پخش کنید و درب آن را بگذارید تا کمی خودش را بگیرد. | مخلوط گردوی خرد شده را به همراه پودر گل سرخ، دارچین و هل به صورت یکنواخت روی سطح لایه اول بپاشید. | باقیمانده مایه خاگینه را به آرامی روی لایه گردوها بریزید تا تمام سطح آن را بپوشاند. درب تابه را مجدداً گذاشته و با حرارت ملایم اجازه دهید لایه بالایی سفت و زیر آن سرخ شود. | خاگینه را به آرامی برگردانید تا طرف دیگر آن نیز طلایی و سرخ شود. | در انتها، شربت زعفرانی خنک را روی خاگینه داغ بریزید و چند دقیقه زمان دهید تا شربت کاملاً به خورد خاگینه برود و سپس آن را در ظرف سرو قرار دهید."
"dish-1-1769902135931","کاچی چهار مغز","dessert","کاچی چهار مغز یک دسر مقوی و سنتی ایرانی است که به دلیل داشتن آرد جوانه گندم، عسل و مغزهای متنوع، سرشار از ویتامین و انرژی بوده و برای تقویت سیستم ایمنی و بازیابی توان جسمی بسیار توصیه می‌شود.","گرم","undefined","انار ترش یا دوغ","480","35","متوسط","ir","آرد جوانه گندم:125:گرم | مغز گردو، بادام، فندق و پسته:200:گرم | روغن زرد:75:میلی‌لیتر | عسل:340:میلیلیتر | آب:960:میلیلیتر | دارچین و زنجبیل:0:به میزان لازم","ابتدا مغز گردو، بادام، فندق و پسته را به صورت نیم‌کوب یا کاملاً پودر آماده کنید. | روغن زرد را در یک قابلمه مناسب گرم کرده و آرد جوانه گندم را به آن اضافه کنید. آرد را با حرارت ملایم تفت دهید تا بوی خامی آن گرفته شود و کمی تغییر رنگ دهد. | پودر چهار مغز را به آرد تفت داده شده اضافه کنید و حدود ۲ دقیقه دیگر تفت دهید تا عطر مغزها آزاد شود. | عسل را در آب ولرم حل کرده و شربت حاصل را به آرامی به مخلوط آرد و مغزها اضافه کنید. در این مرحله باید به طور مداوم هم بزنید تا آرد گلوله نشود. | دارچین و زنجبیل را به مواد اضافه کرده و اجازه دهید کاچی با حرارت بسیار کم بجوشد تا غلیظ شده و به روغن بیفتد. | زمانی که غلظت کاچی مانند فرنی شد، حرارت را خاموش کرده و آن را به صورت گرم سرو کنید."
"dish-1-1769902867207","سالاد اندونزی با مرغ رژیمی","international","یک سالاد مقوی و کم‌کالری که با ترکیب سبزیجات تازه، مرغ پخته شده و سس رژیمی بر پایه ماست یونانی تهیه می‌شود. این غذا گزینه‌ای عالی برای وعده‌های سبک و سالم است.","معتدل","undefined","زیره سیاه","235","45","آسان","اندونزی","سینه مرغ:400:گرم | کلم سفید:250:گرم | هویج:150:گرم | نخود فرنگی:100:گرم | ذرت:100:گرم | ماست یونانی:120:گرم | سس مایونز کم چرب:30:میلیلیتر | آبلیموی تازه:15:میلیلیتر | نمک و فلفل و زردچوبه:1:به میزان لازم | نمک و فلفل سیاه:1:به میزان لازم","سینه مرغ را به همراه پیاز و ادویه‌جات دلخواه بپزید و پس از خنک شدن، آن را به صورت ریش‌ریش خرد کنید. | کلم سفید را شسته و به صورت رشته‌های بسیار نازک و یکدست برش بزنید. | هویج‌ها را بخارپز کرده و سپس به صورت خلالی نازک خرد کنید. | در یک ظرف کوچک، ماست یونانی، سس مایونز کم‌چرب، آبلیموی تازه، نمک و فلفل سیاه را کاملاً مخلوط کنید تا سس یکنواختی حاصل شود. | در یک ظرف بزرگ، مرغ ریش‌ریش شده، کلم، هویج، نخود فرنگی و ذرت را با هم مخلوط کرده و سس را به آن‌ها اضافه کنید. | سالاد را به خوبی هم بزنید تا سس به تمام مواد برسد، سپس آن را به مدت حداقل یک ساعت در یخچال قرار دهید تا طعم‌ها به خوبی با هم ترکیب شوند."
"dish-1-1769975411817","جوجه چینی با سس تارتار","international","یک غذای بین‌المللی محبوب و ترد که از فیله‌های مرغ سوخاری شده در خمیر بنیه مخصوص تهیه می‌شود و به همراه سس تارتار غلیظ و چاشنی‌های معطر سرو می‌گردد.","معتدل","undefined","سرکه انگور یا زیتون","750","45","متوسط","چینی","فیله مرغ:500:گرم | دلستر کلاسیک:240:میلی‌لیتر | آرد ذرت:65:گرم | بکینگ پودر:5:گرم | آرد گندم:125:گرم | تخم مرغ:2:عدد | نمک و فلفل و زردچوبه:1:به میزان لازم | سس مایونز:200:میلیلیتر | خیارشور:60:عدد | ابلیموی ترش و تازه:15:قاشق | جعفری تازه:10:به میزان لازم","ابتدا زرده و سفیده تخم‌مرغ‌ها را از هم جدا کنید. سفیده‌ها را در ظرفی تمیز با همزن برقی بزنید تا کاملاً فرم گرفته و از ظرف نریزد. | در ظرف دیگری، زرده‌های تخم‌مرغ را بزنید و سپس دلستر کلاسیک را به آن اضافه نموده و مخلوط کنید. | آرد گندم، آرد ذرت و بکینگ پودر را با هم ترکیب و الک کرده، سپس به آرامی به مخلوط زرده اضافه کنید تا خمیری یکدست حاصل شود. | سفیده فرم گرفته را به آرامی و با حرکت دورانی لیسک به مایه اضافه کنید تا پف آن حفظ شود (خمیر بنیه). | فیله‌های مرغ را به ابعاد دلخواه برش زده و با نمک و فلفل مزه‌دار کنید. | فیله‌ها را ابتدا در مقداری آرد اضافی غلتانده، سپس در خمیر بنیه فرو برده و در روغن داغ و فراوان سرخ کنید تا طلایی و ترد شوند. | برای تهیه سس تارتار، خیارشور و جعفری را بسیار ریز خرد کرده و با سس مایونز، آب لیمو و کمی فلفل مخلوط کنید. | جوجه‌های چینی را پس از سرخ شدن روی دستمال روغن‌گیر قرار دهید و سپس همراه با سس تارتار سرو کنید."
"dish-1-1769975438099","شنیتسل گوشت (وینر شنیتسل)","international","شنیتسل گوشت یا وینر شنیتسل یکی از مشهورترین غذاهای اتریشی است که از ورقه‌های نازک و کوبیده شده گوشت گوساله تهیه می‌شود که در پوششی ترد از آرد سوخاری سرخ شده‌اند.","معتدل","undefined","گشنیز و سماق","520","40","متوسط","اتریش","گوشت راسته گوساله:600:گرم | تخم‌مرغ:3:عدد | آرد سوخاری پانکو:250:گرم | آرد سفید:125:گرم | کره:50:گرم | روغن مایع:1:به میزان لازم | نمک و فلفل و زردچوبه:1:به میزان لازم | نمک و فلفل سیاه:1:به میزان لازم","گوشت راسته گوساله را به صورت عرضی به لایه‌هایی با ضخامت حدود ۱ سانتی‌متر برش بزنید. | هر لایه گوشت را بین دو لایه سلفون یا کیسه فریزر قرار داده و با بیفتک‌کوب کاملاً بکوبید تا پهن و نازک شود، اما پاره نشود. | دو طرف تکه‌های گوشت را با نمک و فلفل سیاه مزه‌دار کنید. | سه ظرف جداگانه آماده کنید: در ظرف اول آرد سفید، در ظرف دوم تخم‌مرغ‌های زده شده و در ظرف سوم آرد سوخاری پانکو را بریزید. | هر تکه گوشت را ابتدا در آرد سفید بغلتانید و آرد اضافی آن را با تکان دادن بگیرید. | سپس گوشت را در تخم‌مرغ زده شده فرو ببرید تا کاملاً آغشته شود. | در مرحله آخر، گوشت را در آرد سوخاری پانکو قرار دهید و با دست کمی فشار دهید تا پودر سوخاری کاملاً به گوشت بچسبد. | در یک تابه بزرگ، کره و روغن مایع را روی حرارت متوسط داغ کنید. | شنیتسل‌ها را در روغن داغ قرار دهید و هر طرف را حدود ۳ تا ۴ دقیقه تا زمانی که طلایی و ترد شوند سرخ کنید. | شنیتسل‌های آماده را روی دستمال حوله‌ای قرار دهید تا روغن اضافی آن‌ها گرفته شود و سپس با لیموترش تازه و سیب‌زمینی سرخ‌کرده سرو کنید."
"dish-1-1770080337713","چیکن تندر رژیمی در فر","international","یک غذای رژیمی و سالم که به دلیل استفاده از فر به جای سرخ کردن، کالری بسیار کمی دارد و با استفاده از کورن فلکس بدون قند، بافتی ترد و لذیذ پیدا می‌کند.","معتدل","undefined","روغن زیتون و آویشن","275","25","آسان","آمریکا","فیله مرغ:600:گرم | کورن فلکس بدون قند خرد شده:125:گرم | ماست کم‌چرب:45:میلی‌لیتر | خردل:15:میلیلیتر | پاپریکا:0:به میزان لازم | نمک و فلفل و زردچوبه:1:به میزان لازم","ابتدا فیله‌های مرغ را به صورت نواری و یک اندازه برش بزنید تا به طور یکنواخت پخته شوند. | در یک ظرف مناسب، ماست کم‌چرب را با خردل، پاپریکا و نمک مخلوط کنید تا سس یکدستی حاصل شود. | تکه‌های مرغ را درون ظرف سس بریزید و کاملاً با مواد ماساژ دهید تا تمام قسمت‌ها به مرینیت آغشته شود. اجازه دهید مرغ‌ها حداقل ۳۰ دقیقه در یخچال استراحت کنند. | کورن فلکس‌های بدون قند را درون یک کیسه زیپ‌کیپ ریخته و با وردنه کمی خرد کنید (دقت کنید که کاملاً پودر نشود و بافت ترد خود را حفظ کند). | سینی فر را با کاغذ روغنی بپوشانید. تکه‌های مرغ مرینیت شده را یکی یکی در ظرف کورن فلکس خرد شده بغلتانید تا تمام سطح آن‌ها پوشانده شود. | تکه‌های مرغ را با فاصله روی سینی فر چیده و در فر از پیش گرم شده با دمای ۲۰۰ درجه سانتی‌گراد قرار دهید. | اجازه دهید چیکن تندرها به مدت ۲۰ تا ۲۵ دقیقه بپزند تا طلایی و برشته شوند. در نیمه زمان پخت، می‌توانید آن‌ها را پشت و رو کنید."
"dish-1-1770080380305","خوراک فیله مرغ و سبزیجات مدیترانه‌ای","international","یک خوراک سالم، خوش‌طعم و رژیمی که از ترکیب فیله‌های مرغ تفت داده شده با سبزیجات تازه و معطر تهیه می‌شود و گزینه‌ای عالی برای یک وعده غذایی سبک و مغذی است.","معتدل","undefined","فلفل سیاه و آویشن","320","30","آسان","ایتالیا","فیله مرغ:600:گرم | کدو سبز:400:گرم | هویج:200:گرم | فلفل دلمه‌ای رنگی:300:عدد | روغن زیتون:45:قاشق | آب لیمو تازه:30:میلی‌لیتر | سیر له شده:2:حبه | نمک و فلفل و زردچوبه:1:به میزان لازم | نمک و فلفل سیاه:1:به میزان لازم","ابتدا فیله‌های مرغ را به صورت نواری یا مکعبی یکسان برش دهید. | در یک تابه بزرگ، روغن زیتون را گرم کرده و سیر له شده را کمی تفت دهید تا عطر آن آزاد شود. | قطعات مرغ را به تابه اضافه کرده و با حرارت متوسط تفت دهید تا رنگ آن‌ها تغییر کرده و طلایی شوند. | هویج و کدو سبز را به صورت خلالی (ژولین) خرد کرده و به تابه اضافه کنید. حدود ۵ تا ۷ دقیقه تفت دهید تا سبزیجات کمی نرم شوند. | فلفل دلمه‌ای‌های رنگی را به صورت نواری برش زده و به مخلوط مرغ و سبزیجات اضافه کنید و ۳ دقیقه دیگر تفت دهید. | در مرحله نهایی، نمک، فلفل سیاه و آب لیمو تازه را اضافه کرده، مواد را با هم ترکیب کنید و پس از ۲ دقیقه از روی حرارت برداشته و در ظرف مناسب سرو کنید."
"dish-1-1770085451265","انچیلادا گوشت گاو (Beef Enchiladas)","international","یک غذای مکزیکی کلاسیک و دلچسب متشکل از تورتیلاهای پر شده با گوشت چرخ‌کرده، لوبیا قرمز و ادویه‌های معطر که با سس مخصوص و پنیر ذوب شده در فر پخته می‌شود.","گرم","undefined","ترشی لیمو یا سماق","450","40","متوسط","مکزیک","گوشت چرخ کرده:500:گرم | نان تورتیلا ذرت 8 عدد:8:عدد | پنیر موتزارلا 2 پیمانه:230:گرم | رب گوجه فرنگی:45:قاشق | پودر فلفل قرمز و زیره به میزان لازم:0:به میزان لازم | لوبیا قرمز پخته 1 پیمانه:200:پیمانه | پیاز 1 عدد:1:عدد","پیاز را نگینی خرد کرده و در تابه با مقداری روغن تفت دهید تا شفاف شود، سپس گوشت چرخ‌کرده را اضافه کرده و همراه با پودر فلفل قرمز و زیره به خوبی تفت دهید تا گوشت کاملاً پخته و سرخ شود. | لوبیا قرمز پخته شده را به مخلوط گوشت اضافه کنید و به مدت ۲ تا ۳ دقیقه تفت دهید تا طعم مواد با هم ترکیب شود. | رب گوجه‌فرنگی را با مقداری آب جوش رقیق کرده تا به غلظت سس برسد، سپس کمی از آن را کف ظرف مخصوص فر پخش کنید. | داخل هر نان تورتیلا مقداری از مواد گوشتی و کمی پنیر قرار داده، آن‌ها را لوله (رول) کنید و به صورت ردیفی در ظرف بچینید. | باقی‌مانده سس را روی تورتیلاهای چیده شده بریزید و تمام سطح آن‌ها را با پنیر موتزارلا بپوشانید. | ظرف را در فر که از قبل با دمای ۱۸۰ درجه سانتی‌گراد گرم شده، به مدت ۲۰ دقیقه قرار دهید تا پنیر ذوب و طلایی شود."
"dish-1-1770086289960","کوئسادیلا گوشت و لوبیا (Beef and Bean Quesadilla)","international","یک غذای مکزیکی محبوب و خوشمزه که با ترکیب گوشت چرخ‌کرده، لوبیای سیاه، ذرت و پنیر ذوب شده در میان نان‌های تورتیلای ترد تهیه می‌شود. این غذا برای وعده شام یا به عنوان یک میان‌وعده کامل بسیار مناسب است.","معتدل","undefined","آب لیمو ترش","640","35","متوسط","مکزیک","گوشت چرخ کرده:400:گرم | لوبیای سیاه پخته:200:گرم | نان تورتیلا:4:عدد | پنیر موتزارلا:200:گرم | ذرت پخته:100:گرم | سیر:2:حبه | رب گوجه فرنگی:30:قاشق | روغن مایع:1:به میزان لازم | نمک و فلفل و زردچوبه:1:به میزان لازم | نمک و فلفل سیاه:1:به میزان لازم | نمک و فلفل و زردچوبه:1:به میزان لازم","سیرها را رنده کرده و در تابه با مقداری روغن مایع تفت دهید تا عطر آن‌ها خارج شود. | گوشت چرخ‌کرده را به تابه اضافه کنید و تفت دهید تا رنگ آن تغییر کند، سپس رب گوجه‌فرنگی، نمک، فلفل و زردچوبه را اضافه کرده و به خوبی مخلوط کنید. | لوبیای سیاه پخته و ذرت پخته را به مخلوط گوشت اضافه کنید و اجازه دهید مواد برای ۵ دقیقه با هم تفت بخورند تا طعم‌ها یکدست شوند. | نان‌های تورتیلا را روی سطح کار قرار داده و روی نیمی از هر نان مقداری پنیر موتزارلا بپاشید. | از مخلوط آماده شده گوشت و لوبیا روی پنیر بریزید و مجدداً لایه دیگری از پنیر روی مواد قرار دهید، سپس نیمه دیگر نان را روی مواد برگردانید تا به شکل نیم‌دایره شود. | یک تابه نچسب را بدون روغن داغ کنید و هر طرف کوئسادیلاها را برای ۲ تا ۳ دقیقه حرارت دهید تا نان‌ها ترد و طلایی شده و پنیر کاملاً ذوب شود. | کوئسادیلاها را به چند مثلث برش زده و با سس دلخواه سرو کنید."
"dish-1-1770148184121","میلانسزا (Milanesa)","international","میلانسزا یک غذای کلاسیک و محبوب بین‌المللی است که از لایه‌های نازک گوشت گوساله سوخاری شده تهیه می‌شود. این غذا با بافتی ترد در بیرون و لطیف در داخل، انتخابی عالی برای وعده ناهار یا شام است.","گرم","undefined","سماق یا آب لیموترش","480","35","متوسط","آرژانتین ","گوشت گوساله نازک:600:گرم | تخم مرغ:3:عدد | آرد سوخاری:200:گرم | سیر له شده:2:حبه | جعفری خرد شده:50:گرم | نمک و فلفل و زردچوبه:1:به میزان لازم","ابتدا برش‌های گوشت گوساله را بین دو لایه سلفون قرار داده و با بیفتک‌کوب به آرامی بکوبید تا کاملاً نازک و پهن شوند. | در یک ظرف گود، تخم‌مرغ‌ها را با سیر له شده و جعفری خرد شده مخلوط کرده و با چنگال بزنید تا یکدست شوند. | به دو طرف تکه‌های گوشت نمک و فلفل بزنید تا مزه‌دار شوند. | هر قطعه گوشت را ابتدا در مخلوط تخم‌مرغ فرو ببرید و سپس در آرد سوخاری بغلتانید، به طوری که تمام سطح گوشت با آرد پوشانده شود. | در یک تابه مناسب مقداری روغن ریخته و اجازه دهید کاملاً داغ شود، سپس گوشت‌ها را روی حرارت متوسط سرخ کنید تا هر دو طرف آن‌ها طلایی و برشته شود. | میلانسزا را پس از سرخ شدن روی دستمال حوله‌ای قرار دهید تا روغن اضافی آن گرفته شود و سپس با لیموترش تازه سرو کنید."
"dish-1-1770148225170","بیف رندانگ (Beef Rendang)","international","بیف رندانگ یکی از اصیل‌ترین و لذیذترین غذاهای اندونزی و مالزی است. این خوراک با پخت طولانی‌مدت گوشت در شیر نارگیل و ترکیبی از ادویه‌های معطر تهیه می‌شود تا زمانی که سس کاملاً غلیظ شده و جذب گوشت شود، به طوری که بافتی بسیار نرم و طعمی غنی و کاراملی پیدا کند.","گرم","undefined","گشنیز یا ماست","560","180","متوسط","اندونزی","گوشت گوساله:800:گرم | شیر نارگیل:400:پیمانه | نمک و فلفل و زردچوبه:1:به میزان لازم | زنجبیل:15:به میزان لازم | سیر:4:حبه | پیاز قرمز:3:عدد | علف لیمو:40:گرم | ادویه رندانگ:30:گرم","ابتدا پیاز قرمز، سیر و زنجبیل را در غذاساز ریخته و کاملاً میکس کنید تا یک خمیر نرم و یکدست به دست آید. | گوشت گوساله را به قطعات مکعبی ۳ سانتی‌متری خرد کنید. در یک قابلمه مناسب، گوشت را به همراه پوره تهیه شده تفت دهید تا رنگ گوشت تغییر کرده و بوی خامی مواد گرفته شود. | زردچوبه و ادویه رندانگ را به مواد اضافه کنید و حدود ۲ دقیقه دیگر تفت دهید تا عطر ادویه‌ها کاملاً آزاد شود. | شیر نارگیل را به قابلمه اضافه کنید. ساقه‌های علف لیمو را با پشت چاقو کمی بکوبید تا عطرشان خارج شود و سپس درون قابلمه بیندازید. | اجازه دهید مواد به جوش بیایند، سپس حرارت را به حداقل برسانید. درب قابلمه را نیمه‌باز بگذارید و اجازه دهید گوشت به مدت ۳ ساعت به آرامی بپزد. | در مرحله نهایی که شیر نارگیل تبخیر شده و به روغن افتاده است، مدام مواد را هم بزنید تا گوشت در روغن خودش سرخ شده و رنگ آن قهوه‌ای تیره و غلیظ شود. در پایان علف لیمو را از قابلمه خارج کرده و غذا را سرو کنید."
"dish-1-1770148243186","Yakitori (یاکیتوری)","international","یاکیتوری یکی از محبوب‌ترین غذاهای خیابانی ژاپن است که از تکه‌های مرغ و پیازچه گریل شده با سسی غلیظ، شیرین و شور تهیه می‌شود.","گرم","undefined","گشنیز یا سماق","420","35","متوسط","ژاپن","ران مرغ بدون استخوان:500:گرم | پیازچه:4:عدد | سس سویا:60:میلی‌لیتر | میرین (یا سرکه سیب با شکر):30:به میزان لازم | شکر:15:به میزان لازم | سیر:1:حبه","ران‌های مرغ را به صورت مکعب‌های ۲ تا ۳ سانتی‌متری خرد کنید تا به طور یکنواخت پخته شوند. | قسمت‌های سفید و سبز روشن پیازچه‌ها را به قطعاتی هم‌اندازه با تکه‌های مرغ برش بزنید. | تکه‌های مرغ و پیازچه را به صورت یکی در میان به سیخ‌های چوبی (که از قبل در آب خیسانده‌اید) بکشید. | سس سویا، میرین، شکر و سیر رنده شده را در یک قابلمه کوچک مخلوط کرده و روی حرارت ملایم قرار دهید تا بجوشد و حجم آن به نصف کاهش یافته و غلیظ شود. | سیخ‌ها را روی گریل داغ یا تابه مناسب قرار داده و هر چند دقیقه یک‌بار بچرخانید تا مرغ‌ها کاملاً پخته شوند. | در ۵ دقیقه آخر پخت، سس غلیظ شده را با برس چندین بار روی مرغ‌ها بزنید تا لایه‌ای براق، کاراملی و خوش‌طعم روی کباب‌ها ایجاد شود."
"dish-1-1770148261442","Chicken Fricassée (چیکن فریکاسی)","international","چیکن فریکاسی یک غذای کلاسیک و اصیل فرانسوی است که در آن مرغ به آرامی در کره تفت داده شده و سپس در سسی غنی و کرمی متشکل از خامه، زرده تخم‌مرغ و سبزیجات پخته می‌شود. این غذا با بافت لطیف و طعم ملایم خود شناخته می‌شود.","معتدل","undefined","فلفل سیاه و زعفران","480","55","متوسط","فرانسه","سینه و ران مرغ:800:گرم | خامه صبحانه:200:گرم | زرده تخم‌مرغ:2:عدد | هویج:200:گرم | قارچ دگمه ای:200:گرم | پیاز:1:عدد | ابلیموی ترش و تازه:15:قاشق | کره:40:گرم | عصاره مرغ یا آب:500:میلی‌لیتر | نمک و فلفل و زردچوبه:1:به میزان لازم | نمک و فلفل و زردچوبه:1:به میزان لازم","تکه‌های مرغ را در یک قابلمه مناسب به همراه کره با حرارت ملایم تفت دهید. دقت کنید که مرغ‌ها نباید سرخ یا قهوه‌ای شوند و فقط باید رنگ آن‌ها به سفیدی بزند. | پیاز را نگینی خرد کرده، هویج را به صورت حلقه‌ای برش بزنید و قارچ‌ها را اسلایس کنید؛ سپس تمامی سبزیجات را به مرغ اضافه کرده و چند دقیقه دیگر تفت دهید. | عصاره مرغ یا آب را به قابلمه اضافه کنید، درب ظرف را بگذارید و اجازه دهید مواد به مدت ۴۰ دقیقه با حرارت ملایم کاملاً پخته شوند. | در یک کاسه مجزا، خامه صبحانه و زرده‌های تخم‌مرغ را به همراه آبلیمو به خوبی با هم مخلوط کنید تا یکدست شوند. | در اواخر پخت، مقداری از سس گرم داخل قابلمه را به مخلوط خامه اضافه کنید تا هم‌دما شوند؛ سپس این مخلوط را به قابلمه اصلی برگردانید و سریع هم بزنید تا سس غلیظ شود. نمک و فلفل را اندازه کرده و بلافاصله سرو کنید."
"dish-1-1770148283123","لغمان آسیای مرکزی (Lagman)","international","لغمان یک غذای اصیل و مقوی متعلق به آسیای مرکزی است که از ترکیب نودل‌های ضخیم، گوشت گوسفندی و سبزیجات متنوع در یک سس غلیظ و معطر تهیه می‌شود.","گرم","undefined","سرکه انگور یا ترشیجات","620","60","متوسط","ازبکستان/قزاقستان","گوشت گوسفندی:400:گرم | نودل ضخیم یا ماکارونی:500:گرم | فلفل دلمه‌ای:2:عدد | سیر:3:حبه | سیب‌زمینی:2:عدد | ترب سفید:1:عدد | رب گوجه فرنگی:2:قاشق | سبزیجات معطر (گشنیز و شوید):100:گرم | پیاز بزرگ:1:عدد | روغن مایع:1:به میزان لازم | آب گوشت (عصاره):600:میلی‌لیتر | نمک و فلفل و زردچوبه:1:به میزان لازم","ابتدا گوشت گوسفندی را به صورت مکعبی خرد کرده و در یک قابلمه با مقداری روغن تفت دهید تا رنگ آن تغییر کرده و کمی سرخ شود. | پیاز را نگینی خرد کرده و به همراه سیر رنده شده به گوشت اضافه کنید و تفت دهید تا پیازها سبک و طلایی شوند. | سیب‌زمینی، ترب سفید، فلفل دلمه‌ای و گوجه‌فرنگی را به صورت مکعبی خرد کرده و به مواد اضافه کنید. زردچوبه، نمک و فلفل را نیز بیفزایید. | آب گوشت را به قابلمه اضافه کرده و حرارت را ملایم کنید. اجازه دهید مواد به مدت ۴۵ دقیقه بپزند تا گوشت کاملاً نرم شده و سس غلیظی حاصل شود. | در همین حین، نودل‌های ضخیم یا ماکارونی را در آب جوش نمک‌دار پخته و سپس آبکش کنید. | نودل‌ها را در ظرف‌های سرو تقسیم کنید، سپس سس گوشت و سبزیجات آماده شده را روی نودل‌ها بریزید. | در نهایت روی غذا را با سبزیجات معطر (گشنیز و شوید) تازه و خرد شده تزیین و به صورت گرم سرو کنید."
"dish-1-1770148305992","ملوخیه (Molokhia)","international","ملوخیه یکی از اصیل‌ترین و محبوب‌ترین غذاهای خاورمیانه است که با استفاده از برگ‌های گیاه ملوخیه، سیر و گشنیز فراوان تهیه می‌شود. این خورش به خاطر بافت خاص و طعم غنی سیر داغ و گشنیز (تقلیه) شهرت دارد و معمولاً با برنج شعریه سرو می‌شود.","سرد","undefined","سیر و فلفل قرمز","420","60","متوسط","مصر","برگ ملوخیه خرد شده:500:گرم | مرغ:800:گرم | سیر له شده:6:حبه | گشنیز خشک:5:گرم | آب مرغ:720:میلی‌لیتر | کره:30:گرم | نمک و فلفل و زردچوبه:1:به میزان لازم | نمک و فلفل و زردچوبه:1:به میزان لازم","تکه‌های مرغ را با پیاز و ادویه‌های دلخواه بپزید؛ پس از پخت کامل، مرغ‌ها را خارج کرده و آب مرغ را از صافی رد کنید تا ۷۲۰ میلی‌لیتر آب مرغ زلال به دست آید. | آب مرغ را مجدداً در قابلمه به جوش آورید و سپس برگ‌های ملوخیه خرد شده را به آن اضافه کنید. حرارت را ملایم کرده و اجازه دهید خورش به آرامی بجوشد تا غلیظ شود. | در یک تابه کوچک، کره را ذوب کنید و سیر له شده را در آن تفت دهید تا عطر آن بلند شود، سپس گشنیز خشک را اضافه کرده و تا طلایی شدن سیرها به تفت دادن ادامه دهید (این ترکیب تقلیه نام دارد). | ترکیب سیر و گشنیز داغ را بلافاصله به قابلمه ملوخیه اضافه کنید و سریع درب قابلمه را ببندید تا عطر فوق‌العاده آن در خورش حبس شود. | مرغ‌های پخته را می‌توانید به خورش اضافه کنید یا جداگانه در کمی کره تفت دهید و در نهایت خورش ملوخیه را در کنار برنج شعریه گرم سرو کنید."
"dish-1-1770148326913","Pollo a la Brasa (مرغ بریان پرویی)","international","مرغ بریان به سبک پرویی یکی از مشهورترین غذاهای آمریکای جنوبی است که به دلیل استفاده از سس سویا، زیره و سیر، طعمی منحصر به فرد و پوستی بسیار ترد و کاراملی دارد.","گرم","undefined","آب نارنج یا سکنجبین","480","80","متوسط","پرو","مرغ کامل:1500:گرم | سیر له شده:4:حبه | سس سویا:30:میلی‌لیتر | پودر زیره:5:به میزان لازم | نمک و فلفل سیاه:1:به میزان لازم | نمک و فلفل و زردچوبه:1:به میزان لازم | روغن زیتون:30:قاشق | ابلیموی ترش و تازه:30:قاشق","ابتدا در یک کاسه کوچک، سیر له شده، سس سویا، پودر زیره، روغن زیتون، آب لیمو ترش، نمک و فلفل سیاه را کاملاً با هم مخلوط کنید تا سس یکدستی ایجاد شود. | مرغ را شسته و با دستمال کاغذی کاملاً خشک کنید. سپس ماریناد تهیه شده را به تمام قسمت‌های مرغ، از جمله داخل شکم و زیر پوست سینه بمالید. | مرغ را در یک ظرف قرار داده، روی آن را بپوشانید و اجازه دهید حداقل به مدت ۱۲ ساعت در یخچال بماند تا طعم‌ها به عمق گوشت نفوذ کنند. | فر را از قبل با دمای ۲۰۰ درجه سانتی‌گراد گرم کنید. مرغ را در سینی فر قرار داده و به مدت ۷۰ تا ۸۰ دقیقه بپزید تا کاملاً مغزپخت شود. | در طول زمان پخت، هر ۲۰ دقیقه یک‌بار سینی را خارج کرده و با استفاده از یک برس، از روغن و عصاره جمع شده در کف سینی روی پوست مرغ بمالید تا براق و ترد شود. | پس از اتمام زمان پخت و طلایی شدن پوست مرغ، آن را از فر خارج کرده و پس از ۱۰ دقیقه استراحت، در کنار سیب‌زمینی سرخ‌کرده یا سالاد سرو کنید."
"dish-1-1770148347603","Picanha (پیکانیا)","international","پیکانیا یکی از محبوب‌ترین و لذیذترین کباب‌های برزیلی است که از انتهای راسته گوساله تهیه می‌شود. ویژگی منحصر به فرد این کباب، لایه چربی ضخیم روی گوشت است که هنگام کباب شدن ذوب شده و طعمی استثنایی به آن می‌بخشد.","گرم","undefined","فلفل سیاه و سرکه","2700","35","متوسط","برزیل","راسته گوساله با لایه چربی:1:کیلوگرم | نمک دریایی درشت:0:به میزان لازم | روغن زیتون:30:قاشق","گوشت راسته گوساله را به قطعات ضخیم با عرض حدود ۳ تا ۵ سانتی‌متر برش دهید. | هر قطعه گوشت را به شکل حرف C خم کنید، به طوری که لایه چربی در قسمت بیرونی قرار بگیرد، و سپس آن‌ها را به سیخ بکشید. | تمام سطح گوشت را با روغن زیتون چرب کنید تا هنگام پخت رطوبت خود را حفظ کند. | نمک دریایی درشت را به میزان لازم روی تمام قسمت‌های گوشت و به خصوص روی لایه چربی بپاشید. | سیخ‌ها را روی زغال کاملاً داغ و گداخته قرار دهید. | هر طرف گوشت را به مدت ۱۰ تا ۱۵ دقیقه کباب کنید تا لایه چربی کاملاً برشته و طلایی شده و گوشت به میزان پخت دلخواه برسد. | قبل از برش زدن و سرو، اجازه دهید گوشت به مدت ۵ دقیقه استراحت کند تا آب آن در بافت گوشت تثبیت شود."
"dish-1-1770148364578","کاری ماسامان (Massaman Curry)","international","کاری ماسامان یکی از محبوب‌ترین خورش‌های تایلندی است که به دلیل ترکیب هماهنگ ادویه‌های گرم، شیر نارگیل و بادام‌زمینی، طعمی غنی، ملایم و بسیار معطر دارد.","گرم","undefined","گشنیز تازه یا ماست","620","60","متوسط","تایلند","گوشت گوساله یا مرغ:500:گرم | شیر نارگیل:400:پیمانه | سیب‌زمینی:2:عدد | پیاز:1:عدد | خمیر کاری ماسامان:45:گرم | بادام زمینی بو داده:35:گرم | چوب دارچین:1:قطعه | بادیان ستاره‌ای:2:عدد | شکر نخل:15:به میزان لازم","در یک قابلمه بزرگ، خمیر کاری را با مقداری روغن روی حرارت ملایم تفت دهید تا عطر آن کاملاً آزاد شود. | نیمی از شیر نارگیل را به خمیر اضافه کرده و هم بزنید، سپس تکه‌های گوشت را اضافه کنید و تفت دهید تا گوشت با خمیر پوشانده شود. | باقی‌مانده شیر نارگیل را به همراه سیب‌زمینی‌های خرد شده و پیاز به قابلمه اضافه کنید. | چوب دارچین، بادیان ستاره‌ای و شکر نخل را اضافه کرده و اجازه دهید خورش با حرارت ملایم بجوشد تا گوشت و سیب‌زمینی‌ها کاملاً پخته و نرم شوند. | پس از جا افتادن خورش، آن را در ظرف مورد نظر بکشید و با بادام زمینی بو داده تزیین کرده و همراه با برنج سرو کنید."
"dish-1-1770148381705","Risotto Mushroom (ریزوتو قارچ)","international","ریزوتو قارچ یکی از اصیل‌ترین و محبوب‌ترین غذاهای ایتالیایی است که با استفاده از برنج نشاسته‌ای آربوریو تهیه می‌شود. این غذا بافتی فوق‌العاده نرم، کرمی و طعمی غنی از قارچ و پنیر پارمزان دارد که به عنوان یک غذای اصلی مجلسی شناخته می‌شود.","سرد","undefined","فلفل سیاه، پودر آویشن، زنجبیل","480","40","متوسط","ایتالیا","برنج آربوریو:350:پیمانه | قارچ دگمه ای:400:گرم | عصاره سبزیجات:1.2:میلیلیتر | پیاز نگینی:1:عدد | کره:50:گرم | پنیر پارمزان:50:گرم | سیر:2:حبه | روغن زیتون:30:قاشق | نمک و فلفل سیاه و زرد چوبه:1:به میزان لازم","ابتدا قارچ‌ها را به صورت ورقه ای خرد کرده و در یک تابه با نیمی از کره و سیر له شده تفت دهید تا آب قارچ‌ها کشیده شده و کمی طلایی شوند، سپس آن‌ها را کنار بگذارید. | در یک قابلمه مناسب، روغن زیتون را ریخته و پیاز نگینی را تفت دهید تا کاملاً شفاف و سبک شود. | برنج آربوریو را به پیاز اضافه کرده و حدود ۲ دقیقه همراه با روغن تفت دهید تا لبه‌های دانه‌های برنج کمی شفاف شوند. | عصاره سبزیجات را که از قبل داغ کرده‌اید، مرحله به مرحله و هر بار در حد یک ملاقه به برنج اضافه کنید. | پس از هر بار اضافه کردن عصاره، برنج را مدام هم بزنید تا مایع کاملاً جذب شود و سپس ملاقه بعدی را اضافه کنید؛ این کار باعث آزاد شدن نشاسته برنج و کرمی شدن آن می‌شود. | این فرایند را حدود ۱۸ تا ۲۰ دقیقه ادامه دهید تا برنج پخته شود اما همچنان کمی زیر دندان بیاید (حالت آل‌دنته). | در مرحله آخر، قارچ‌های تفت داده شده، باقی‌مانده کره و پنیر پارمزان را به قابلمه اضافه کرده و به خوبی مخلوط کنید. | نمک و فلفل را اندازه کرده و به محض اینکه ریزوتو به بافت نرم، غلیظ و کرمی رسید، آن را در ظرف مورد نظر کشیده و گرم سرو کنید."
"dish-1-1770148403307","Pizza Napoletana (پیتزا ناپولیتانا)","international","پیتزای اصیل ناپولیتانا با خمیر دست‌ساز، حاشیه پف‌کرده و طعم غنی گوجه‌فرنگی سان مارزانو و پنیر بوفالو که در دمای بالا پخته می‌شود.","سرد","undefined","پودر سیر و فلفل قرمز","820","15","متوسط","ایتالیا","آرد نول یا سری ۰۰:600:گرم | آب سرد:420:لیتر | نمک دریا:0:به میزان لازم | مایه خمیر خیس:4:گرم | گوجه فرنگی سان مارزانو:400:گرم | پنیر موزارلا بوفالو:300:گرم | روغن زیتون:30:قاشق","مخلوط کردن آرد و آب و استراحت خمیر به مدت ۲۰ دقیقه (اتولیز) برای بهبود بافت. | افزودن مایه خمیر خیس و نمک دریا به ترکیب و ورز دادن نهایی تا رسیدن به خمیری کاملاً نرم و کشسان. | تقسیم خمیر به ۴ چانه مساوی و قرار دادن آن‌ها در ظرف دربسته جهت استراحت و تخمیر طولانی در دمای محیط یا یخچال. | باز کردن خمیر با دست روی سطح آردپاشی شده بدون استفاده از وردنه، به شکلی که لبه‌های خمیر پف‌دار باقی بماند. | افزودن سس تهیه شده از گوجه فرنگی سان مارزانو له شده و قرار دادن تکه‌های پنیر موزارلا بوفالو روی خمیر. | پخت در تنور سنگی بسیار داغ یا فر خانگی در حداکثر دما (ترجیحاً روی سنگ پیتزا) تا زمانی که لبه‌ها برشته و پنیر ذوب شود. | تزئین با برگ‌های ریحان تازه و افزودن چند قطره روغن زیتون پیش از سرو."
"dish-1-1770148427755","تاجین مرغ (Chicken Tagine)","international","یک غذای اصیل و معطر مراکشی که از ترکیب مرغ با زیتون و لیمو تهیه می‌شود. این غذا به دلیل پخت طولانی در ظرف سفالی، بافتی بسیار نرم و طعمی لذیذ دارد.","گرم","undefined","گشنیز تازه","480","65","متوسط","مراکش","ران مرغ:800:گرم | زیتون سبز:100:گرم | لیمو عمانی یا لیمو ترش نمک‌سود:1:به میزان لازم | پیاز:2:عدد | زعفران دم‌کرده:1:به میزان لازم | زنجبیل:0:به میزان لازم | نمک و فلفل و زردچوبه:1:به میزان لازم | روغن زیتون:45:قاشق | آب:300:میلیلیتر | نمک و فلفل سیاه و زرد چوبه:1:به میزان لازم","پیازها را به صورت خلالی خرد کرده و در یک ظرف تاجین یا قابلمه مناسب با روغن زیتون تفت دهید تا نرم و شفاف شوند. | تکه‌های ران مرغ را به پیازها اضافه کنید و تفت دادن را ادامه دهید تا تمام طرف‌های مرغ طلایی و سرخ شوند. | زنجبیل، زردچوبه، نمک و فلفل را به مواد اضافه کرده و کمی تفت دهید تا عطر ادویه‌ها خارج شود. | آب را به ظرف اضافه کنید، درب آن را ببندید و اجازه دهید با حرارت ملایم به مدت ۴۰ دقیقه بپزد. | در اواسط پخت، لیموها و زیتون‌های سبز را اضافه کنید تا طعم آن‌ها به خورد مرغ برود. | در ۱۰ دقیقه پایانی، زعفران دم‌کرده را روی مرغ‌ها بریزید و صبر کنید تا سص غلیظ شود. سپس غذا را با کسکوس یا نان سرو کنید."
"dish-1-1770853484001","بال مرغ باربیکیو عسلی","kabab","بال‌های مرغ ترد و کاراملی شده با ترکیبی لذیذ از سس باربیکیو، عسل طبیعی و خردل که انتخابی عالی برای پیش‌غذا یا یک وعده غذایی لذیذ است.","گرم","undefined","آبلیموی تازه","420","45","متوسط","ir","بال مرغ:1000:گرم | سس باربیکیو:240:میلی‌لیتر | عسل:45:میلیلیتر | خردل:15:میلیلیتر | پاپریکا دودی:0:به میزان لازم | روغن زیتون:30:قاشق | نمک و فلفل و زردچوبه:1:به میزان لازم | نمک و فلفل سیاه:1:به میزان لازم","ابتدا بال‌های مرغ را شسته و با دستمال مخصوص آشپزخانه کاملاً خشک کنید تا هنگام پخت ترد شوند. | بال‌ها را در یک کاسه بزرگ ریخته و با روغن زیتون، نمک، فلفل سیاه و پاپریکا دودی به خوبی مخلوط کنید تا تمام سطوح مرغ مزه‌دار شود. | سینی فر را با کاغذ روغنی بپوشانید و بال‌ها را با فاصله از هم روی آن بچینید. | سینی را به مدت ۳۰ دقیقه در فر که از قبل با دمای ۲۰۰ درجه سانتی‌گراد گرم شده است قرار دهید. | در این فاصله، سس باربیکیو، عسل و خردل را در یک ظرف کوچک با هم ترکیب کنید تا سسی یکنواخت به دست آید. | پس از ۳۰ دقیقه سینی را از فر خارج کرده و با قلم‌مو، هر دو طرف بال‌ها را به مخلوط سس آغشته کنید. | بال‌ها را مجدداً به مدت ۱۰ الی ۱۵ دقیقه در فر قرار دهید تا سس روی مرغ‌ها غلیظ و کاراملی شود. | بال‌های باربیکیو عسلی را به صورت گرم و در صورت تمایل با کنجد تزیین و سرو کنید."
"dish-1-1770853534566","بال مرغ سوخاری به روش کره‌ای","international","بال‌های مرغ فوق‌العاده ترد و کرانچی که با تکنیک دو بار سرخ کردن تهیه می‌شوند و در سسی ملس و معطر از سیر و سویا سس غلتانده می‌شوند.","گرم","undefined","شربت سکنجبین","480","45","متوسط","کره جنوبی","بال مرغ:1000:گرم | نشاسته ذرت:200:گرم | سیر رنده شده:6:حبه | سس سویا:60:میلی‌لیتر | عسل:45:میلیلیتر | کنجد:0:به میزان لازم | روغن سرخ‌کردنی:500:میلیلیتر | نمک و فلفل سیاه و زرد چوبه:1:به میزان لازم","بال‌های مرغ را کاملا شسته و با دستمال مخصوص آشپزخانه خشک کنید، سپس در یک کاسه بزرگ با نمک، فلفل سیاه و زرد چوبه مزه‌دار کنید. | بال‌ها را در ظرف حاوی نشاسته ذرت بغلتانید تا لایه‌ای نازک و یکنواخت تمام سطح مرغ را بپوشاند؛ سپس نشاسته اضافه را با تکان دادن بال‌ها بگیرید. | روغن سرخ‌کردنی را در یک قابلمه عمیق داغ کنید و بال‌ها را در دو نوبت به مدت ۸ تا ۱۰ دقیقه سرخ کنید تا مغزپخت و طلایی شوند. | بال‌ها را از روغن خارج کرده و روی توری قرار دهید تا روغن اضافی‌شان گرفته شود و کمی خنک شوند. | برای تردی مضاعف، بال‌ها را مجددا در روغن بسیار داغ به مدت ۲ تا ۳ دقیقه سرخ کنید تا رنگ آن‌ها قهوه‌ای روشن و بافتشان کاملا ترد شود. | در یک تابه بزرگ، سیر رنده شده، سس سویا و عسل را مخلوط کرده و روی حرارت ملایم قرار دهید تا سس شروع به حباب زدن کرده و کمی غلیظ شود. | بال‌های سرخ شده را بلافاصله به تابه سس اضافه کنید و سریع هم بزنید تا تمام بخش‌های مرغ به سس آغشته شود؛ سپس در ظرف چیده و با کنجد تزیین کنید."
"dish-1-1770853689129","ماهی سفید لونگی","khorak","ماهی سفید لونگی یکی از اصیل‌ترین و لذیذترین غذاهای مجلسی گیلان است که در آن شکم ماهی با ترکیبی غنی از گردو، رب انار و سبزی‌های معطر محلی پر شده و در فر برشته می‌شود.","سرد","undefined","گلپر و زیتون پرورده","600","90","متوسط","ir","ماهی سفید بزرگ:1:عدد | گردو چرخ شده:150:گرم | رب انار:30:قاشق | اشپل ماهی:1:عدد | سبزی‌های معطر (چوچاق و گشنیز):10:گرم | سیر:3:حبه | نمک و فلفل و زردچوبه:1:به میزان لازم | روغن مایع:1:به میزان لازم","ابتدا ماهی سفید را کاملاً تمیز کرده، پولک‌های آن را بگیرید و داخل شکم ماهی را خالی کرده و با آب سرد بشویید و سپس کاملاً خشک کنید. | گردو چرخ شده، رب انار غلیظ، اشپل ماهی، سیر له شده و سبزی‌های معطر (چوچاق و گشنیز) را در یک ظرف با هم مخلوط کنید تا مایه یکدستی به دست آید. | به مایه تهیه شده مقداری نمک، فلفل و زردچوبه اضافه کرده و مواد را به خوبی با هم ترکیب کنید تا طعم‌دار شوند. | داخل شکم ماهی را با کمی نمک و فلفل مزه‌دار کنید، سپس مخلوط لونگی را داخل شکم ماهی ریخته و لبه‌ها را با نخ و سوزن مخصوص آشپزی بدوزید. | سینی فر را با روغن مایع چرب کرده، ماهی را در آن قرار دهید و در صورت تمایل روی پوست ماهی را نیز کمی چرب کنید. | سینی را در فر که از قبل با دمای ۱۸۰ درجه سانتی‌گراد گرم شده است به مدت ۹۰ دقیقه قرار دهید تا ماهی کاملاً مغزپخت و پوست آن برشته و ترد شود."
"dish-1-1770856639426","بی‌بیم‌باپ مرغ و سبزیجات","international","یک غذای سنتی و محبوب کره‌ای که از ترکیب برنج، سبزیجات تفت داده شده، مرغ طعم‌دار و تخم‌مرغ تشکیل شده و با کنجد و سس سویا سرو می‌شود.","گرم","undefined","سرکه یا آبغوره در سس","550","45","متوسط","کره جنوبی","برنج قهوه‌ای یا سفید:720:پیمانه | سینه مرغ:400:گرم | کدو سبز:300:گرم | هویج:150:گرم | کلم بروکلی:200:گرم | تخم‌مرغ:4:عدد | سس سویا:45:میلی‌لیتر | زنجبیل تازه:5:به میزان لازم | روغن زیتون:30:قاشق | کنجد بو داده:10:به میزان لازم | نمک و فلفل و زردچوبه:1:به میزان لازم","ابتدا برنج را شسته و با مقدار لازم آب و نمک بپزید تا دم بکشد. | سینه مرغ را به قطعات کوچک تقسیم کرده و با زنجبیل تازه رنده شده و سس سویا به مدت ۳۰ دقیقه در یخچال مرینیت کنید. | کدو سبز و هویج را به صورت خلالی (رشته‌ای) خرد کرده و در تابه با مقداری روغن زیتون تفت دهید تا کمی نرم شوند. | کلم بروکلی را به قطعات کوچک تقسیم کرده و برای چند دقیقه بخارپز کنید تا رنگ آن شفاف شود. | تکه‌های مرغ را در تابه گریل یا تابه معمولی با حرارت متوسط سرخ کنید تا کاملاً پخته و طلایی شوند. | تخم‌مرغ‌ها را به صورت نیمرو در تابه آماده کنید؛ به صورتی که زرده آن‌ها ترجیحاً کمی شل باقی بماند. | برای سرو، مقداری برنج در کاسه‌های بزرگ ریخته، سپس مرغ و سبزیجات را به صورت دسته‌های جداگانه روی برنج بچینید. | تخم‌مرغ نیمرو را در مرکز ظرف قرار داده و روی کل غذا کنجد بو داده بپاشید و میل کنید."
"dish-1-1771343394090","نیمرو همزده کلاسیک (اسکرامبل)","khorak","یک صبحانه بین‌المللی بسیار لطیف و خوشمزه که با تکنیک پخت آرام و هم زدن مداوم تهیه می‌شود تا بافتی کرمی و ابریشمی داشته باشد.","گرم","undefined","گلپر | سیاه دانه","240","10","آسان","ir","تخم مرغ:8:عدد | کره:40:گرم | خامه صبحانه:60:گرم | نمک و فلفل سفید:0:به میزان لازم","تخم مرغ ها را در کاسه ای بزرگ شکسته و با همزن دستی به خوبی هم بزنید تا کاملاً یکدست شوند. | کره را در تابه ای نچسب با حرارت بسیار کم ذوب کنید تا فقط شروع به حباب زدن کند. | مخلوط تخم مرغ را به تابه اضافه کرده و با یک لیسک به صورت مداوم از لبه ها به سمت مرکز هم بزنید. | لحظاتی قبل از اینکه تخم مرغ ها کاملاً سفت شوند، خامه صبحانه را برای لطافت بیشتر اضافه کنید. | نمک و فلفل سفید را اضافه کرده، یک بار دیگر هم بزنید و بلافاصله تابه را از روی حرارت بردارید تا بافت نرم و کرمی آن حفظ شود."
"dish-1-1771724051453","اکبر جوجه با سس آلو و انار","khorak","اکبر جوجه یکی از اصیل‌ترین و لذیذترین غذاهای خطه شمال ایران است که با پخت طولانی مرغ در کره و روغن و همراهی سس ملس انار و آلو، طعمی بی‌نظیر و بافتی بسیار نرم پیدا می‌کند.","معتدل","undefined","زیره، زعفران","2650","120","متوسط","ir","جوجه مرغ کوچک:1800:گرم | کره محلی:150:گرم | آلو بخارا:100:عدد | رب انار:60:قاشق | پیاز:1:عدد | زعفران دم کرده:1:به میزان لازم | نمک و فلفل و زردچوبه:1:به میزان لازم | نمک و فلفل و زردچوبه:1:به میزان لازم | روغن مایع:1:به میزان لازم","ابتدا جوجه‌ها را از وسط به دو نیم تقسیم کرده، شسته و کاملاً خشک کنید؛ سپس آن‌ها را در ظرفی قرار داده و با پیاز خلالی شده، زعفران دم‌کرده، نمک و زردچوبه ماساژ دهید و به مدت ۴ ساعت در یخچال استراحت دهید تا مزه‌دار شوند. | در یک قابلمه گود و مناسب، روغن مایع و کره محلی را ریخته و روی حرارت قرار دهید تا کاملاً داغ شوند. | جوجه‌ها را از مواد مرینت جدا کرده و به آرامی در روغن و کره غوطه‌ور کنید؛ حرارت را ملایم کرده و درب قابلمه را بگذارید تا جوجه‌ها به مدت ۱.۵ ساعت همزمان مغزپخت و سرخ شوند. | برای تهیه سس، آلوهای بخارا را که از قبل خیس کرده‌اید به همراه رب انار و ۱۰۰ میلی‌لیتر آب روی حرارت قرار دهید تا بجوشد و به غلظت مطلوب برسد. | پس از اینکه جوجه‌ها کاملاً طلایی و برشته شدند، آن‌ها را از روغن خارج کرده، در ظرف سرو بچینید و سس آلو و انار را روی آن‌ها ریخته یا در کنار غذا قرار دهید."
"dish-1-1775503642243","یوفو کباب تند با سس مخصوص","kabab","یک غذای خلاقانه و خوشمزه که از ترکیب لایه‌های نان پیتا و گوشت چرخ‌کرده مزه‌دار شده تهیه می‌شود. این کباب به دلیل ظاهر دایره‌ای و لایه‌ای خود به یوفو کباب معروف است و طعم تند و لذیذی دارد.","گرم","undefined","ماست و خیار","620","45","متوسط","ترکیه","گوشت چرخ کرده:500:گرم | فلفل قرمز تند:2:به میزان لازم | رب گوجه فرنگی:40:قاشق | نان پیتا:4:عدد | سیر له شده:3:حبه | روغن زیتون:120:قاشق | نمک و فلفل و زردچوبه:0:به میزان لازم | زیره سبز:5:به میزان لازم","ابتدا گوشت چرخ کرده را در ظرفی مناسب ریخته و سیر له شده، فلفل قرمز تند خرد شده، زیره سبز و نمک، فلفل و زردچوبه را به آن اضافه کنید و به مدت ۵ تا ۱۰ دقیقه خوب ورز دهید تا مایه گوشتی کاملاً چسبنده و یکنواخت شود. | نان‌های پیتا را با یک چاقوی تیز از لبه برش زده و به آرامی باز کنید تا از هر نان، دو لایه دایره‌ای نازک به دست آید. | مقداری از مایه گوشتی را روی لایه زیرین نان قرار داده و با پشت قاشق یا دست مرطوب به صورت یکنواخت پهن کنید، به طوری که لبه‌های نان کمی خالی بماند. | لایه دوم نان را روی گوشت قرار دهید. لبه‌های نان را با کمی آب مرطوب کرده و با فشار انگشتان دو لایه را به هم بچسبانید تا مایه گوشت کاملاً پوشانده شود. | رب گوجه فرنگی را با نیمی از روغن زیتون مخلوط کنید تا سس غلیظی به دست آید و سپس با برس روی سطح نان‌ها بمالید. | کباب‌ها را در تابه با باقی‌مانده روغن زیتون روی حرارت ملایم سرخ کنید تا هر دو طرف نان طلایی و گوشت داخل آن کاملاً پخته شود. همچنین می‌توانید آن‌ها را در فر با دمای ۱۸۰ درجه سانتی‌گراد به مدت ۲۰ دقیقه گریل کنید. | یوفو کباب‌های آماده شده را به صورت مثلثی برش زده و همراه با سبزیجات تازه سرو کنید."
"dish-1-1776124802763","فسنجان با گوشت اردک","stew","خورش فسنجان با گوشت اردک یکی از اصیل‌ترین و لذیذترین غذاهای مجلسی گیلان و شمال ایران است. این خورش با ترکیب گردو، رب انار و گوشت اردک، طعمی ملس و بافتی بسیار غلیظ و روغنی دارد که با کته ایرانی سرو می‌شود.","گرم","undefined","گشنیز و آب لیمو ترش","3800","240","متوسط","ir","گوشت اردک:1000:گرم | گردو مغز شده و چرخ شده:450:گرم | رب انار:180:قاشق | شکر:50:به میزان لازم | پیاز بزرگ:1:عدد | نمک و زردچوبه:1:به میزان لازم | آب سرد:1500:لیتر","پیاز را با رنده ریز رنده کرده و در یک قابلمه مناسب با کمی روغن تفت دهید. سپس گوشت اردک را که به قطعات دلخواه تقسیم کرده‌اید اضافه کنید و به همراه زردچوبه کاملاً تفت دهید تا طلایی شود. | گردوی مغز شده و چرخ شده را به قابلمه اضافه کنید و حدود ۵ دقیقه با حرارت بسیار ملایم همراه با گوشت و پیاز تفت دهید تا بوی خامی گردو گرفته شده و کمی روغن بیندازد. | آب سرد را به مواد اضافه کنید. استفاده از آب سرد باعث وارد شدن شوک به گردوها و روغن‌دهی بیشتر آن‌ها می‌شود. حرارت را زیاد کنید تا به جوش آید، سپس شعله را در کمترین حالت ممکن قرار دهید. | پس از حدود ۲ ساعت که گوشت اردک نیم‌پز شد، رب انار و شکر را اضافه کنید. مقدار شکر را می‌توانید بسته به ذائقه خود برای ملس یا شیرین شدن خورش تغییر دهید. | اجازه دهید خورش به مدت ۲ ساعت دیگر روی حرارت ملایم بماند تا کاملاً غلیظ شود، گوشت اردک نرم شود و خورش به روغن بیفتد. در این مرحله نمک غذا را اندازه کنید. | برای روغن‌دهی بیشتر، می‌توانید در اواخر پخت چند تکه یخ کوچک به خورش اضافه کنید. خورش غلیظ و جا افتاده را در ظرف مورد نظر کشیده و با کته سرو کنید."
"dish-1-1776124850907","اشکمبه چورباسی با چاشنی کره و پولبیبر","international","یک سوپ سنتی و بسیار مقوی ترکی که از سیرابی گوسفندی تهیه شده و با ترکیب شیر، سیر و سرکه طعمی منحصر‌به‌فرد پیدا می‌کند. این سوپ در انتها با کره ذوب شده و فلفل پولبیبر تزیین می‌شود.","سرد","undefined","گلپر و فلفل سیاه","385","180","متوسط","ترکیه","سیرابی گوسفندی:60:حبه | سرکه انگور:50:میلی‌لیتر | کره:60:گرم | فلفل پولبیبر:15:گرم | سیر:5:حبه | آرد نخودچی:30:قاشق | شیر:250:پیمانه | نمک و فلفل و زردچوبه:0:به میزان لازم | برگ بو:2:به میزان لازم","سیرابی را با برگ بو و مقداری آب روی حرارت قرار دهید تا کاملاً پخته و نرم شود، سپس آن را از قابلمه خارج کرده و به صورت نگینی ریز خرد کنید. | آرد نخودچی را در یک قابلمه با نیمی از کره تفت دهید تا بوی خامی آن گرفته شود، سپس شیر را به آرامی اضافه کرده و مدام هم بزنید تا سس غلیظ و یکدستی به دست آید. | سیرابی‌های خرد شده را به همراه آب پخت آن (آب گوشت صاف شده) به ترکیب آرد و شیر اضافه کنید و اجازه دهید سوپ روی حرارت ملایم به خوبی جا بیفتد. | سیرها را کاملاً له کرده و با سرکه انگور مخلوط کنید؛ این چاشنی را می‌توانید در اواخر پخت به سوپ اضافه کنید یا در کنار غذا سرو نمایید. | در زمان سرو، باقی‌مانده کره را در یک تابه کوچک داغ کرده، فلفل پولبیبر را به آن اضافه کنید و پس از چند ثانیه تفت دادن، روی سوپ بریزید."
"dish-1-1776124877276","کباب بلدرچین تندوری","kabab","کباب بلدرچین تندوری یکی از لذیذترین و معطرترین کباب‌های بین‌المللی است که با ترکیبی از ادویه‌های گرم و ماست تهیه می‌شود. این غذا به دلیل بافت لطیف گوشت بلدرچین و نفوذ طعم تندوری، گزینه‌ای عالی برای مهمانی‌ها و علاقه‌مندان به غذاهای تند و طعم‌دار است.","گرم","undefined","گشنیز و ماست","1400","35","متوسط","ir","بلدرچین:1200:گرم | ماست چکیده:200:پیمانه | پودر تندوری:30:گرم | زنجبیل رنده شده:15:به میزان لازم | روغن زیتون:45:قاشق | ابلیموی ترش و تازه:30:قاشق | نمک و فلفل قرمز:0:به میزان لازم","ماست چکیده را در یک کاسه بزرگ ریخته و با پودر تندوری، زنجبیل رنده شده، روغن زیتون و ابلیموی ترش و تازه کاملاً مخلوط کنید تا یکدست شود. | بلدرچین‌ها را پس از شستن و خشک کردن، با یک چاقوی تیز چند برش کوچک روی قسمت‌های گوشتی (سینه و ران) ایجاد کنید تا سس به خوبی نفوذ کند. | بلدرچین‌ها را به سس تهیه شده آغشته کنید و با دست ماساژ دهید تا تمام بخش‌های داخلی و خارجی آن‌ها پوشانده شود. | ظرف را با سلفون بپوشانید و اجازه دهید بلدرچین‌ها به مدت ۴ ساعت در یخچال استراحت کنند تا کاملاً مزه‌دار شوند. | بلدرچین‌ها را به سیخ کشیده و یا در سینی فر چرب شده قرار دهید. | فر را از قبل با دمای ۲۰۰ درجه سانتی‌گراد گرم کنید و بلدرچین‌ها را به مدت ۳۵ دقیقه کباب کنید تا طلایی و مغزپخت شوند."
"dish-1-1776124903557","ته‌چین بوقلمون و بادمجان","polo","ته‌چین بوقلمون و بادمجان یکی از ته‌چین‌های اصیل و مجلسی ایرانی است که از ترکیب برنج زعفرانی، گوشت بوقلمون پخته و بادمجان‌های سرخ‌شده تهیه می‌شود و طعمی بسیار لذیذ دارد.","گرم","undefined","ماست و خرفه","650","120","متوسط","ir","برنج ایرانی:540:پیمانه | ران بوقلمون:500:گرم | بادمجان متوسط:500:عدد | ماست چکیده:400:پیمانه | تخم‌مرغ:3:عدد | زعفران دم‌کرده:0:به میزان لازم | روغن کرمانشاهی یا کره:100:گرم | نمک و دارچین:0:به میزان لازم","ران بوقلمون را به همراه پیاز، نمک و ادویه‌های دلخواه بپزید و پس از پخت کامل، گوشت آن را از استخوان جدا کرده و ریش‌ریش کنید. | بادمجان‌ها را حلقه‌ای برش داده، نمک بزنید تا تلخی آن‌ها گرفته شود و سپس آن‌ها را در روغن سرخ کنید. | در یک ظرف بزرگ، ماست چکیده، تخم‌مرغ‌ها، زعفران دم‌کرده و نیمی از کره ذوب شده را با هم کاملاً مخلوط کنید. | برنج را که از قبل آبکش کرده‌اید به مایه ماست و تخم‌مرغ اضافه کرده و به آرامی هم بزنید تا تمام برنج به مایه آغشته شود. | کف قابلمه یا قالب مورد نظر را با روغن چرب کرده و نیمی از مخلوط برنج زعفرانی را در آن بریزید و با پشت قاشق کاملاً فشرده کنید. | یک لایه از بوقلمون‌های ریش‌ریش شده و بادمجان‌های سرخ شده را روی برنج قرار دهید و مقداری دارچین روی آن‌ها بپاشید. | باقی‌مانده برنج را روی لایه میانی بریزید و سطح آن را صاف و فشرده کنید و باقی‌مانده کره را روی برنج پخش کنید. | قابلمه را روی حرارت بسیار ملایم قرار داده و اجازه دهید ته‌چین به مدت ۶۰ تا ۹۰ دقیقه دم بکشد تا ته‌دیگ آن طلایی و برشته شود."
"dish-1-1776124930573","حلیم بوقلمون با شیر","dessert","حلیم بوقلمون با شیر یکی از غذاهای سنتی و بسیار مقوی ایرانی است که به دلیل ترکیب گندم، گوشت بوقلمون و شیر، دارای بافتی کشسان و طعمی لطیف است. این غذا معمولاً برای صبحانه یا در ماه مبارک رمضان سرو می‌شود.","معتدل","undefined","عسل، زنجبیل","420","240","متوسط","ir","گندم پوست‌کنده:400:گرم | ران بوقلمون:500:گرم | شیر پرچرب:500:پیمانه | کره:50:گرم | شکر:100:به میزان لازم | نمک و فلفل و زردچوبه:0:به میزان لازم | آب:2500:میلیلیتر","گندم پوست‌کنده را از شب قبل خیس کرده و سپس با آب روی حرارت ملایم قرار دهید تا کاملاً پخته، نرم و شکفته شود. | گوشت ران بوقلمون را با مقداری آب، زردچوبه و فلفل جداگانه بپزید تا کاملاً نرم شود، سپس استخوان‌ها را جدا کرده و گوشت را کاملاً ریش‌ریش یا له کنید. | گندم پخته شده را در صورت تمایل با گوشت‌کوب برقی یا دستی کاملاً یکدست کنید تا صاف و غلیظ شود. | مخلوط گندم و گوشت بوقلمون له شده را با هم ترکیب کرده و با گوشت‌کوب بکوبید تا حلیم حالت کشسانی پیدا کند. | شیر گرم را به تدریج به مخلوط اضافه کنید و به صورت مداوم روی حرارت ملایم هم بزنید تا شیر کاملاً به خورد مواد برود. | اجازه دهید حلیم به غلظت مناسب برسد، سپس کره را اضافه کرده و پس از چند دقیقه از روی حرارت بردارید. | حلیم را در ظرف مورد نظر کشیده و با شکر یا نمک (بسته به ذائقه) و کمی دارچین تزیین و سرو کنید."
"dish-1-1776124950506","Patsas Skordostoubi (سیرابی یونانی با سس سیر)","international","پاتساس یکی از غذاهای سنتی و محبوب یونان است که شباهت زیادی به کله‌پاچه و سیرابی ایرانی دارد. وجه تمایز این غذا در سس اسکوردوستوبی (ترکیب سیر و سرکه) است که طعمی تند و تیز و اشتهاآور به آن می‌بخشد.","سرد","undefined","سیر و فلفل قرمز","320","240","متوسط","یونانی","سیرابی گوسفندی:100:حبه | سرکه انگور:60:میلی‌لیتر | سیر له شده:6:حبه | روغن زیتون:60:قاشق | نمک و فلفل و زردچوبه:0:به میزان لازم | فلفل قرمز:0:به میزان لازم | پیاز:1:عدد | آب:2:میلیلیتر","سیرابی را کاملاً تمیز کرده و به همراه یک عدد پیاز و آب در قابلمه بریزید. اجازه دهید با حرارت ملایم به مدت ۴ تا ۶ ساعت بپزد تا کاملاً نرم شود. | پس از پخت کامل، سیرابی را از قابلمه خارج کرده و آن را به قطعات ریز خرد کنید. سپس سیرابی‌های خرد شده را دوباره به آب گوشت داخل قابلمه برگردانید. | در یک کاسه کوچک، سیر له شده را با سرکه انگور به خوبی مخلوط کنید تا سس مخصوص اسکوردوستوبی آماده شود. | سس سیر و سرکه را به قابلمه اضافه کرده و نمک، فلفل و زردچوبه را اندازه کنید. اجازه دهید ۱۰ دقیقه دیگر بجوشد تا طعم‌ها با هم ترکیب شوند. | غذا را در کاسه سرو بکشید و در آخرین مرحله، روغن زیتون و فلفل قرمز را روی آن بریزید و به صورت داغ میل کنید."
"dish-1-1776124974346","کباب تابه‌ای گوشت شتر","kabab","کباب تابه‌ای گوشت شتر یک غذای اصیل، مقوی و با طبع گرم است که با سسی غلیظ و معطر تهیه می‌شود. این کباب به دلیل استفاده از گوشت شتر، بافتی لطیف و طعمی متفاوت دارد.","گرم","undefined","سماق و آب‌نارنج","280","45","متوسط","ir","گوشت چرخ کرده:600:گرم | پیاز بزرگ:2:عدد | رب گوجه فرنگی:60:قاشق | فلفل دلمه‌ای:1:عدد | کره:30:گرم | آب:120:میلیلیتر | نمک و فلفل و زردچوبه:1:به میزان لازم | نمک و فلفل سیاه:1:به میزان لازم | سماق:0:قاشق | رب گوجه فرنگی:2:قاشق","پیازها را با رنده ریز رنده کرده و آب اضافی آن‌ها را کاملاً بگیرید تا مایه کباب منسجم بماند. | در یک کاسه بزرگ، گوشت چرخ‌کرده شتر را با پیاز رنده شده، نمک، فلفل سیاه و سماق مخلوط کنید و حداقل ۱۰ دقیقه به خوبی ورز دهید تا چسبندگی لازم ایجاد شود. | مایه گوشت را در کف یک تابه نچسب به صورت یکنواخت پهن کنید و سطح آن را با پشت قاشق صاف نمایید. | تابه را روی حرارت متوسط قرار دهید؛ پس از آنکه گوشت کمی آب انداخت و خودش را جمع کرد، آن را با یک کاردک به صورت نوارهای طولی برش دهید. | کباب‌ها را به آرامی برگردانید تا طرف دیگر آن‌ها نیز تغییر رنگ دهد. | رب گوجه‌فرنگی را در آب حل کرده و به همراه کره به تابه اضافه کنید. گوجه‌فرنگی‌های ورقه شده و فلفل دلمه‌ای خرد شده را دور کباب‌ها بچینید، درب تابه را بگذارید و اجازه دهید با حرارت ملایم به مدت ۲۰ دقیقه مغزپخت شده و سس غلیظ شود."
"dish-1-1776125418831","خورش غاز با بادمجان","khorak","یک خورش سنتی و مجلسی ایرانی که از ترکیب گوشت لذیذ غاز و بادمجان‌های سرخ‌شده تهیه می‌شود. این غذا با طعم ملس غوره و عطر زعفران، گزینه‌ای عالی برای مهمانی‌هاست.","گرم","undefined","سرکه و شیره یا آب‌غوره","620","210","متوسط","ir","گوشت غاز تکه شده:800:گرم | بادمجان قلمی:800:عدد | پیاز متوسط:2:عدد | رب گوجه فرنگی:60:قاشق | غوره:100:قاشق | روغن مخصوص سرخ کردنی:1:به میزان لازم | نمک و زردچوبه:0:به میزان لازم | زعفران دم‌کرده:1:به میزان لازم","پیازها را به صورت نگینی خرد کرده و در مقداری روغن تفت دهید تا سبک و طلایی شوند. | تکه‌های گوشت غاز را به پیاز اضافه کرده و به خوبی تفت دهید تا رنگ گوشت تغییر کند. سپس زردچوبه را اضافه کرده و کمی دیگر تفت دهید. | آب جوش را به قابلمه اضافه کنید و حرارت را ملایم کنید. اجازه دهید گوشت به مدت حدود ۳ ساعت به آرامی بپزد تا کاملاً نرم شود. | بادمجان‌ها را پوست کنده، نمک بزنید و پس از نیم ساعت آب‌کشی و خشک کنید تا تلخی آن‌ها گرفته شود. سپس در روغن سرخ کرده و کنار بگذارید. | در یک تابه کوچک، رب گوجه‌فرنگی را با کمی روغن تفت دهید تا خوش‌رنگ شده و بوی خامی آن گرفته شود. | در ۳۰ دقیقه پایانی پخت گوشت، رب تفت داده شده، زعفران دم‌کرده، غوره و نمک را به خورش اضافه کنید. | در نهایت بادمجان‌های سرخ شده را روی خورش قرار دهید و اجازه دهید خورش به روغن بیفتد و کاملاً جا بیفتد."
"dish-10-1766794336336","آش سماق","ash","آش سماق یکی از غذاهای سنتی و اصیل ایرانی است که طعمی ملس و لذیذ دارد. این آش به دلیل استفاده از عصاره سماق، سرشار از آنتی‌اکسیدان بوده و برای هضم غذا بسیار مفید است.","cold","سرد و خشک","زیره و زنجبیل","380","90","متوسط","ایران","گوشت چرخ کرده:250:گرم | برنج ۱ پیمانه:180:پیمانه | سبزی آش (تره، جعفری، گشنیز) ۵۰۰ گرم:500:گرم | سماق خشک ۱ پیمانه:120:قاشق | پیاز ۲ عدد:2:عدد | آرد برنج ۱ قاشق غذاخوری:15:پیمانه | نمک و فلفل سیاه و زرد چوبه:1:به میزان لازم | آب:2000:میلیلیتر","ابتدا پیازها را به صورت نگینی خرد کرده و در قابلمه با مقداری روغن تفت دهید تا سبک و طلایی شوند. | گوشت چرخ‌کرده را با نمک و فلفل سیاه ورز داده و به شکل کوفته قلقلی‌های کوچک (سرگنجشکی) درآورید. آن‌ها را در تابه سرخ کرده و کنار بگذارید. | برنج شسته شده و سبزی آش خرد شده را به پیاز داغ اضافه کنید. حدود ۲ لیتر آب داخل قابلمه بریزید و اجازه دهید با حرارت ملایم بپزند تا برنج کاملاً شکفته و له شود. | سماق خشک را در مقداری آب جوش به مدت ۳۰ دقیقه خیس کنید، سپس آن را از صافی رد کنید تا عصاره قرمز رنگ آن به دست آید. عصاره را همراه با آرد برنج (که در کمی آب سرد حل شده) داخل آش بریزید. | در نهایت گوشت‌های قلقلی سرخ شده را به آش اضافه کرده و اجازه دهید غذا به مدت ۴۰ تا ۵۰ دقیقه با حرارت بسیار کم بجوشد تا کاملاً جا بیفتد و غلیظ شود."
"dish-10-1766799342396","کلم‌پلو شیرازی","polo","یکی از اصیل‌ترین غذاهای شیراز که با کلم قمری و سبزی‌های معطر مخصوص تهیه می‌شود.","balanced","معتدل مایل به گرم","آبلیمو تازه، سالاد شیرازی یا ترشی هفت‌بیجار","550","90","متوسط","ایران","برنج:4:پیمانه | کلم قمری خلالی:500:گرم | گوشت چرخ کرده:300:گرم | سبزی مخصوص (ترخون، ریحان، شوید، تره):300:گرم","کلم‌ها را با زردچوبه و آبغوره تفت دهید تا نرم شوند. | گوشت را به صورت کوفته‌های ریز سرخ کنید. | برنج را آبکش کرده و لایه لایه با سبزی، کلم و کوفته‌ها دم کنید."
"dish-10-1766876956936","آبگوشت سنتی (دیزی سنگی)","khorak","یک غذای اصیل و لذیذ ایرانی که با گوشت گوسفندی، حبوبات و ادویه‌های معطر در ظرف‌های سفالی یا سنگی به صورت آرام‌پز تهیه می‌شود.","hot","گرم و تر","ترشی، پیاز، دوغ و سبزی خوردن","480","240","متوسط","ایران","گوشت گوسفندی با استخوان و دنبه:500:گرم | نخود و لوبیا سفید (خیس شده):200:پیمانه | پیاز متوسط:2:عدد | سیب‌زمینی:2:عدد | رب گوجه فرنگی:2:قاشق | رب گوجه فرنگی:45:قاشق | لیمو عمانی:2:به میزان لازم | آب:1500:میلیلیتر | نمک و فلفل سیاه و زرد چوبه:1:به میزان لازم | نمک و فلفل و زردچوبه:1:به میزان لازم","نخود و لوبیا را از شب قبل خیس کنید و چند بار آب آن را عوض کنید تا نفخ آن گرفته شود. | گوشت، دنبه، حبوبات و یک پیاز درسته پوست‌کنده را در ظرف دیزی سنگی یا قابلمه ریخته و ۱.۵ لیتر آب اضافه کنید و روی حرارت ملایم قرار دهید. | پس از حدود ۲ ساعت که گوشت و حبوبات نیم‌پز شدند، سیب‌زمینی‌ها و گوجه‌فرنگی‌ها را به ظرف اضافه کنید. | دنبه پخته شده را همراه با پیاز پخته از ظرف خارج کرده، با رب گوجه‌فرنگی، نمک، فلفل سیاه و زردچوبه در یک ظرف جداگانه کاملاً بکوبید تا یکدست شود. | مخلوط دنبه و رب را دوباره به قابلمه برگردانید؛ این کار باعث ایجاد لعاب و رنگ عالی در دیزی می‌شود. | لیمو عمانی‌ها را با چنگال سوراخ کرده و در ۳۰ دقیقه پایانی پخت به غذا اضافه کنید. | صبر کنید تا غذا با حرارت بسیار ملایم کاملاً جا بیفتد، سپس آب دیزی را جداگانه سرو کرده و مخلفات آن را با گوشت‌کوب کوبیده و در کنار نان سنگک و سبزی خوردن میل کنید."
"dish-10-1766877137846","شامی لپه (کتلت مرغ و لپه)","khorak","شامی لپه یکی از غذاهای سنتی و خوشمزه ایرانی است که از ترکیب مرغ، لپه و ادویه‌های معطر تهیه می‌شود. این غذا به دلیل استفاده از لپه و مرغ بافتی پوک و ترد دارد و بسیار مقوی است.","balanced","معتدل و خشک","گلپر و آبلیمو","1150","90","متوسط","ایران","گوشت ران یا سینه مرغ:400:گرم | لپه خیس‌خورده:200:پیمانه | تخم‌مرغ:2:عدد | پیاز:1:عدد | بکینگ پودر:5:گرم | نمک، فلفل و زعفران دم‌کرده:0:به میزان لازم | روغن فراوان:150:میلی‌لیتر","لپه خیس‌خورده را به همراه گوشت مرغ، پیاز پوست‌کنده و مقدار کمی آب در قابلمه بریزید و روی حرارت ملایم قرار دهید تا مواد کاملا پخته شده و تمام آب آن کشیده شود. | پس از پخت کامل و خنک شدن، ترکیب گوشت و لپه را دو بار از چرخ گوشت رد کنید یا در غذاساز بریزید تا کاملا له، خمیری و یکدست شوند. | تخم‌مرغ‌ها، زعفران دم‌کرده، بکینگ پودر، نمک و فلفل را به مایه چرخ شده اضافه کنید. | مایه را با دست به خوبی ورز دهید تا حباب‌های هوا وارد آن شده و بافت کتلت پس از سرخ شدن ترد و پفکی شود. | از مایه به اندازه یک گردو بردارید، در دست شکل دهید و وسط هر کتلت را یک سوراخ کوچک ایجاد کنید. | شامی‌ها را در تابه حاوی روغن داغ با حرارت ملایم سرخ کنید تا هر دو طرف آن‌ها طلایی و برشته شود."
"dish-10-1766881812358","املت گوجه‌فرنگی (قهوه‌خانه‌ای)","khorak","املت سنتی و اصیل ایرانی به سبک قهوه‌خانه‌ای که با گوجه‌فرنگی فراوان، رب و روغن کافی تهیه می‌شود و همراه با نان سنگک و پیاز سرو می‌گردد.","cold","سرد و تر","فلفل سیاه، زیره، پیاز، سیر","750","30","آسان","ایران","گوجه‌فرنگی رسیده و نرم:1000:گرم | تخم‌مرغ:4:عدد | رب گوجه فرنگی:30:قاشق | روغن مایع:1:به میزان لازم | نمک و فلفل و زردچوبه:1:به میزان لازم | نمک و فلفل سیاه:1:به میزان لازم | نمک و فلفل و زردچوبه:1:به میزان لازم | پیاز (برای سرو):1:عدد","گوجه‌فرنگی‌ها را رنده کرده یا به صورت نگینی بسیار ریز خرد کنید و در تابه وسیعی بریزید. | تابه را روی حرارت بالا قرار دهید و اجازه دهید گوجه‌ها بجوشند تا آب میان‌بافتی آن‌ها کاملاً کشیده و تبخیر شود. | پس از خشک شدن آب گوجه‌ها، روغن یا کره را اضافه کنید و حدود ۵ دقیقه تفت دهید تا گوجه‌ها کاملاً سرخ شده و به روغن بیفتند. | رب گوجه‌فرنگی را به تابه اضافه کرده و تفت دهید تا بوی خامی آن گرفته شده و رنگ املت قرمز تیره و درخشان شود؛ سپس نمک، فلفل سیاه و زردچوبه را اضافه نمایید. | تخم‌مرغ‌ها را یکی‌یکی در تابه شکسته و بلافاصله با سرعت هم بزنید تا با سس گوجه یکدست شوند. | اجازه دهید املت برای ۱ تا ۲ دقیقه دیگر روی حرارت متوسط بماند تا کاملاً جا بیفتد و روغن بیندازد، سپس با نان سنگک تازه و پیاز سرو کنید."
"dish-10-1766883317767","خورش کلم بروکلی","stew","یک خورش اصیل و مجلسی با ترکیبی از گوشت مغز ران گوسفندی یا گوساله و کلم بروکلی تازه که به دلیل بلانچ شدن، رنگ سبز و خواص خود را به خوبی حفظ می‌کند.","hot","گرم و خشک","روغن زیتون، پختن با آب گوشت چرب","420","120","متوسط","ایران","کلم بروکلی:400:گرم | گوشت خورشتی:400:گرم | پیاز:1:عدد | سیر:2:حبه | هویج:100:گرم | آبلیمو یا آب‌غوره:30:قاشق | نمک و فلفل سیاه و زرد چوبه:1:به میزان لازم | روغن زیتون:45:قاشق | زعفران دم‌کرده:1:به میزان لازم | آب:750:میلیلیتر","ابتدا پیاز را به صورت نگینی ریز خرد کرده و در قابلمه با مقداری روغن تفت دهید تا سبک و طلایی شود. | سیرهای رنده‌شده را به پیاز اضافه کرده و کمی تفت دهید تا عطر آن خارج شود، سپس گوشت خورشتی را اضافه کنید و تا زمان تغییر رنگ گوشت به سرخ کردن ادامه دهید. | زردچوبه و فلفل سیاه را روی گوشت بریزید، کمی تفت دهید و سپس آب جوش را اضافه کنید. حرارت را ملایم کرده و درب قابلمه را ببندید تا گوشت کاملاً بپزد. | هویج را به صورت حلقه‌ای یا خلالی خرد کرده و در اواسط زمان پخت گوشت، به قابلمه اضافه کنید. | گل‌های کلم بروکلی را از هم جدا کرده و در یک قابلمه آب جوش و نمک به مدت ۳ دقیقه بلانچ کنید، سپس بلافاصله در آب یخ بریزید و آبکش کنید تا رنگ سبز آن‌ها حفظ شود. | در ۱۵ دقیقه پایانی پخت، زمانی که گوشت کاملاً پخته شد، کلم بروکلی‌های بلانچ شده را به همراه نمک، زعفران دم‌کرده و آبلیمو یا آب‌غوره به خورش اضافه کنید. | اجازه دهید خورش با حرارت بسیار کم جا بیفتد؛ دقت کنید که کلم بروکلی‌ها بیش از حد در خورش نجوشند تا له نشوند و ظاهر زیبای خود را حفظ کنند."
"dish-10-1766883592583","خورش بادمجان","stew","یکی از محبوب‌ترین و اصیل‌ترین خورش‌های ایرانی که از ترکیب گوشت قرمز، بادمجان سرخ‌شده و غوره تهیه می‌شود و طعمی ملس و عطر و بویی بی‌نظیر دارد.","hot","گرم و خشک","کشک، آبغوره، سرکه، ماست","480","120","متوسط","ir","گوشت خورشتی:400:گرم | بادمجان قلمی:4:عدد | رب گوجه فرنگی:3:قاشق | پیاز:2:عدد | غوره تازه یا گرد غوره:40:قاشق | رب گوجه فرنگی:40:قاشق | زعفران دم‌کرده:1:به میزان لازم | نمک و فلفل و زردچوبه:0:به میزان لازم | روغن مایع:1:به میزان لازم | آب جوش:800:میلیلیتر","بادمجان‌ها را پوست گرفته، شکاف کوچکی در آن‌ها ایجاد کنید و نمک بزنید. پس از ۱ ساعت بادمجان‌ها را شسته، کاملاً خشک کنید و در روغن سرخ نمایید تا طلایی شوند. | پیازها را نگینی خرد کرده و در دیگ با مقداری روغن تفت دهید تا سبک شوند. سپس گوشت را به همراه زردچوبه و فلفل سیاه اضافه کرده و تفت دهید تا تغییر رنگ دهد. | ۸۰۰ میلی‌لیتر آب جوش به گوشت اضافه کرده و اجازه دهید با حرارت ملایم به مدت ۱.۵ تا ۲ ساعت کاملاً بپزد. | در یک تابه کوچک، رب گوجه‌فرنگی را با کمی روغن تفت دهید تا بوی خامی آن گرفته شود و خوش‌رنگ شود. سپس آن را در نیم ساعت آخر پخت به همراه غوره و نمک به خورش اضافه کنید. | گوجه‌فرنگی‌ها را از وسط نصف کرده و در تابه جداگانه کمی سرخ کنید. | در ۱۰ دقیقه آخر پخت، بادمجان‌های سرخ‌شده و گوجه‌فرنگی‌ها را روی خورش بچینید و زعفران دم‌کرده را اضافه کنید. درب ظرف را بگذارید تا خورش کاملاً جا افتاده و روغن بیندازد (مراقب باشید بادمجان‌ها له نشوند)."
"dish-10-1766883843657","خورش داوود پاشا","stew","یک خورش اصیل و خوشمزه از دوره عثمانی که با گوشت قلقلی و سس ملس انار و نعنا تهیه می‌شود و معمولاً با برنج سرو می‌گردد.","balanced","معتدل (خنکی رب انار و گرمی نعنا)","گردو (در صورت افزودن)، دانه انار","450","60","متوسط","ir","گوشت چرخ کرده:500:گرم | پیاز رنده شده:2:عدد | پودر نعنا خشک:10:گرم | رب انار:60:قاشق | آب:480:میلیلیتر | آرد نخودچی:10:قاشق | کره یا روغن:30:گرم | نمک و فلفل سیاه و زرد چوبه:1:به میزان لازم","گوشت چرخ‌کرده را در کاسه‌ای ریخته و با یکی از پیازهای رنده شده که آب آن کاملاً گرفته شده است، به همراه نمک، فلفل، زردچوبه و آرد نخودچی به خوبی ورز دهید تا چسبنده شود. | از مایه گوشت به اندازه گردو برداشته و به شکل کوفته قلقلی درست کنید؛ سپس آن‌ها را در یک ظرف چیده و به مدت ۳۰ دقیقه در یخچال قرار دهید تا استراحت کنند. | در یک تابه مقداری روغن یا کره ریخته و کوفته‌ها را تفت دهید تا اطراف آن‌ها کاملاً سرخ شود و رنگ بگیرند، سپس آن‌ها را از تابه خارج کنید. | پیاز دوم را رنده کرده و در همان تابه تفت دهید تا سبک و طلایی شود؛ سپس کمی زردچوبه به آن بزنید. | پودر نعنا خشک را به پیاز داغ اضافه کنید و تنها چند ثانیه تفت دهید تا عطر آن آزاد شود (دقت کنید نعنا سریع می‌سوزد و تلخ می‌شود). | رب انار را در آب جوش حل کرده و به ترکیب پیاز و نعنا اضافه کنید تا سس به جوش بیاید. | کوفته‌های سرخ شده را به سس اضافه کنید، درب ظرف را بگذارید و اجازه دهید با حرارت ملایم به مدت ۳۰ الی ۴۰ دقیقه بپزد تا خورش کاملاً جا بیفتد و سس غلیظ شود."
"dish-10-1766884212693","دال عدس (جنوبی)","stew","دال عدس یکی از غذاهای تند و خوشمزه جنوب ایران، به ویژه خوزستان است که به دلیل داشتن عدس قرمز و سیر فراوان، عطری بی‌نظیر و ارزش غذایی بالایی دارد.","hot","گرم و خشک (به دلیل ادویه‌ها و سیر)","گشنیز تازه، روغن زیتون یا کره","280","45","آسان","ir","عدس قرمز (دال):300:پیمانه | پیاز:2:عدد | سیر:4:حبه | سیب‌زمینی:1:عدد | رب گوجه فرنگی:40:قاشق | تمر هندی حل شده:120:بسته | فلفل قرمز تند:0:به میزان لازم | نمک و زردچوبه:0:به میزان لازم","دال عدس را با آب سرد بشویید و به مدت ۳۰ دقیقه در آب بخیسانید، سپس آبکش کنید. | پیازها را به صورت نگینی ریز خرد کرده و در مقداری روغن تفت دهید تا سبک و طلایی شوند. | سیرهای له شده را به پیاز اضافه کرده و به محض اینکه عطر سیر بلند شد، زردچوبه، فلفل قرمز تند و رب گوجه فرنگی را اضافه کنید و تفت دهید تا رنگ رب باز شود. | سیب‌زمینی را پوست گرفته، به صورت نگینی بسیار ریز خرد کنید و به قابلمه اضافه نمایید. | دال عدس آبکش شده را به همراه ۸۰۰ میلی‌لیتر آب گرم به مواد اضافه کرده و اجازه دهید با حرارت ملایم بپزد تا عدس و سیب‌زمینی کاملاً نرم شوند. | پس از اینکه غذا لعاب انداخت و غلیظ شد، عصاره تمر هندی را که از صافی رد کرده‌اید به همراه نمک به خورش اضافه کنید. | اجازه دهید خورش برای ۱۰ دقیقه دیگر روی حرارت بماند تا جا بیفتد، سپس آن را در ظرف مورد نظر کشیده و با برنج یا نان سرو کنید."
"dish-10-1766956020736","سوپ مرغ و ذرت","soup","یک سوپ لذیذ و مقوی با بافتی لطیف و غلیظ که ترکیبی از مرغ ریش‌ریش شده، ذرت شیرین و رشته‌های سفیده تخم‌مرغ است. این سوپ به دلیل داشتن زنجبیل و روغن کنجد، طعمی گرم و مطبوع دارد.","cold","undefined","فلفل سیاه، آویشن، زنجبیل","240","40","متوسط","ir","سینه مرغ ۱ عدد کامل:350:گرم | ذرت شیرین (کنسرو یا پخته) ۱.۵ پیمانه:225:پیمانه | آب مرغ غلیظ ۴ پیمانه:960:میلی‌لیتر | نشاسته ذرت ۲ قاشق غذاخوری:20:گرم | سفیده تخم مرغ ۲ عدد:2:عدد | پیازچه خرد شده ۳ ساقه:3:عدد | روغن کنجد ۱ قاشق چایخوری:5:به میزان لازم | نمک و فلفل سفید به میزان لازم:0:به میزان لازم | زنجبیل تازه رنده شده ۱ قاشق چایخوری:5:به میزان لازم","سینه مرغ را با مقداری آب و نمک بپزید و پس از خنک شدن، آن را به صورت کاملاً ریش‌ریش خرد کنید. | آب مرغ غلیظ را در یک قابلمه مناسب ریخته و روی حرارت متوسط قرار دهید تا به جوش بیاید. | دانه‌های ذرت شیرین و مرغ ریش‌ریش شده را به قابلمه اضافه کنید و اجازه دهید با هم بجوشند. | زنجبیل تازه رنده شده را به همراه نمک و فلفل سفید به سوپ اضافه کنید تا طعم‌دار شود. | نشاسته ذرت را در حدود نصف پیمانه آب سرد کاملاً حل کنید تا گلوله‌ای باقی نماند، سپس آن را به آرامی به سوپ اضافه کرده و مدام هم بزنید تا سوپ شروع به غلیظ شدن کند. | سفیده‌های تخم مرغ را در ظرفی جداگانه کمی بزنید تا از لختگی خارج شوند. سپس در حالی که سوپ را با سرعت به صورت دورانی هم می‌زنید، سفیده را به صورت جریانی باریک داخل سوپ بریزید تا رشته‌های ظریف تشکیل شود. | در آخرین مرحله، روغن کنجد را برای عطر بهتر اضافه کرده و سوپ را از روی حرارت بردارید. | سوپ را در ظرف سرو کشیده و با پیازچه‌های خرد شده تزیین کنید."
"dish-10-1766956416038","سوسیس خانگی گوشت گاو","fastfood","سوسیس خانگی گوشت گاو یک فرآورده پروتئینی سالم و بدون مواد نگهدارنده است که با بافتی منسجم و طعمی عالی در منزل تهیه می‌شود.","hot","گرم و خشک","سماق یا فلفل سیاه","285","60","متوسط","ایران","گوشت گاو چرخ‌کرده:600:گرم | سیر:4:حبه | شیر خشک قنادی:50:پیمانه | نشاسته ذرت:30:گرم | تخم‌مرغ:1:عدد | روغن مایع:1:به میزان لازم | ادویه سوسیس (جوز هندی، میخک، هل، زنجبیل):10:گرم | نمک و فلفل و زردچوبه:1:به میزان لازم | فلفل قرمز:0:به میزان لازم","گوشت گاو چرخ‌کرده را دو بار چرخ کرده و به مدت ۳۰ دقیقه در فریزر قرار دهید تا کاملاً سرد شود. | گوشت سرد را به همراه سیر له شده و ادویه سوسیس در غذاساز ریخته و تا رسیدن به بافتی یکدست و نرم میکس کنید. | تخم‌مرغ، روغن مایع، شیر خشک قنادی و نشاسته ذرت را به مخزن غذاساز اضافه کرده و مجدداً هم بزنید تا خمیری چسبناک و یکنواخت حاصل شود. | در صورت نیاز، نمک و فلفل قرمز را اضافه کرده و مواد را برای آخرین بار با هم مخلوط کنید. | خمیر آماده شده را در قیف مخصوص ریخته و درون کاور سوسیس یا سلفون مخصوص پخت به صورت فشرده تزریق نمایید. | دو سر کاور را با نخ محکم گره بزنید تا هوا وارد آن نشود و بافت سوسیس منسجم بماند. | سوسیس‌ها را در دستگاه بخارپز یا بر روی توری مخصوص بخارپز قرار داده و به مدت ۴۵ دقیقه با حرارت ملایم پخت کنید. | پس از پخت، سوسیس‌ها را بلافاصله در آب سرد قرار دهید تا شوک حرارتی ببینند. | سوسیس‌ها را به مدت ۲۴ ساعت در یخچال قرار دهید تا بافت آن‌ها کاملاً منسجم و آماده برش زدن شود."
"dish-10-1766956905814","کباب بختیاری ","kabab","ترکیبی زیبا و خوش‌طعم از فیله مرغ و فیله گوسفندی که به صورت یک‌درمیان به سیخ کشیده شده و کباب می‌شوند.","balanced","معتدل (ترکیب گرم و سرد)","کره، سماق، دوغ","450","60","متوسط","ایران","فیله گوسفندی:300:گرم | فیله مرغ:300:گرم | پیاز درشت:2:عدد | ابلیموی ترش و تازه:2:قاشق | زعفران دم‌کرده:1:به میزان لازم | کره:50:گرم | نمک و فلفل سیاه و زرد چوبه:1:به میزان لازم | روغن زیتون:2:قاشق","پیازها را خرد کرده یا رنده کنید و آب آن‌ها را بگیرید. | فیله گوسفندی و فیله مرغ را به قطعات مساوی و یک‌اندازه برش دهید. | گوشت و مرغ را در دو ظرف جداگانه با آب پیاز، فلفل، روغن زیتون و زعفران مزه‌دار کنید و حداقل ۲ ساعت در یخچال قرار دهید (آبلیمو و نمک را اواخر اضافه کنید تا گوشت سفت نشود). | هنگام سیخ گرفتن، یک تکه گوشت قرمز و یک تکه گوشت مرغ را به صورت یک‌درمیان به سیخ بکشید. | کباب‌ها را روی زغال با حرارت ملایم کباب کنید و در حین پخت با قلم‌مو مخلوط کره ذوب شده و زعفران را روی آن‌ها بمالید."
"dish-10-1766958808663","بولانی افغانی","international","بولانی یکی از مشهورترین غذاهای سنتی و نان‌های پرشده افغانستانی است که لایه‌ای نازک از خمیر با ترکیب سیب‌زمینی و سبزیجات پر شده و به صورت سرخ شده یا تنوری در کنار چتنی تند سرو می‌شود.","balanced","معتدل و خشک","ماست و نعناع","420","60","متوسط","افغانستان","آرد نخودچی:375:قاشق | آب:240:میلیلیتر | نمک و فلفل و زردچوبه:1:به میزان لازم | روغن زیتون:30:قاشق | سیب‌زمینی پخته:4:عدد | تره:70:گرم | نمک و فلفل و زردچوبه:1:به میزان لازم | روغن برای سرخ کردن:100:میلی‌لیتر","آرد، نمک و روغن را در ظرفی مخلوط کرده، سپس آب را به تدریج اضافه کنید و ورز دهید تا خمیر نرم و یکدستی حاصل شود که به دست نچسبد. | روی خمیر را بپوشانید و اجازه دهید به مدت ۳۰ دقیقه در دمای محیط استراحت کند تا گلوتن خمیر آزاد شود. | سیب‌زمینی‌های پخته و له شده را با تره خرد شده، نمک، فلفل سیاه و فلفل قرمز کاملاً مخلوط کنید تا مواد میانی یکدست شود. | خمیر را به گلوله‌های مساوی تقسیم کرده و هر گلوله را با وردنه بسیار نازک و به شکل دایره باز کنید. | نیمی از دایره خمیر را با لایه‌ای از مواد سیب‌زمینی پر کنید، نیمه دیگر را روی آن برگردانید و لبه‌ها را با فشار انگشت یا چنگال محکم ببندید تا به شکل نیم‌دایره درآید. | بولانی‌ها را در تابه حاوی روغن داغ سرخ کنید تا هر دو طرف طلایی و برشته شود، یا در فر از قبل گرم شده با دمای ۲۰۰ درجه سانتی‌گراد به مدت ۱۵-۲۰ دقیقه بپزید و با ماست یا چتنی سرو کنید."
"dish-10-1766959134380","فتوچینی آلفردو (Fettuccine Alfredo - ایتالیا)","international","فتوچینی آلفردو یکی از محبوب‌ترین و لذیذترین غذاهای کلاسیک ایتالیایی است که از ترکیب پاستای نواری با سسی غلیظ و ابریشمی از خامه، کره و پنیر پارمزان تهیه می‌شود. این غذا به دلیل بافت کرمی و طعم فوق‌العاده‌اش انتخابی عالی برای وعده‌های مجلل و سریع است.","balanced","معتدل و تر","فلفل سیاه یا جعفری","720","25","متوسط","ایتالیا","فتوچینی:400:گرم | کره بدون نمک:1:به میزان لازم | خامه غلیظ (پرچرب):300:میلی‌لیتر | پنیر پارمزان رنده شده (علاوه بر مقداری برای سرو):150:گرم | نمک و فلفل سیاه و زرد چوبه:1:به میزان لازم | کمی جعفری تازه خرد شده برای تزیین (اختیاری):10:به میزان لازم","فتوچینی را در یک قابلمه بزرگ حاوی آب نمک‌دار در حال جوش بپزید تا حالت آل دنته (کمی سفت زیر دندان) پیدا کند. حدود ۲ دقیقه قبل از اتمام زمان پخت، پاستا را آبکش کنید و حتماً ۱۲۰ میلی‌لیتر از آب پخت آن را برای سس نگه دارید. | در یک تابه بزرگ روی حرارت متوسط، کره را ذوب کنید. سپس خامه غلیظ را اضافه کرده و اجازه دهید برای ۲ تا ۳ دقیقه گرم شود؛ دقت کنید که سس به نقطه جوش شدید نرسد. | حرارت را به حداقل برسانید. پنیر پارمزان رنده شده را به تدریج به تابه اضافه کرده و به طور مداوم هم بزنید تا پنیر کاملاً ذوب شده و سسی یکدست، نرم و غلیظ حاصل شود. | نمک و فلفل سیاه را اضافه کنید. با توجه به اینکه پنیر پارمزان به طور طبیعی شور است، ابتدا سس را چشیده و سپس در صورت نیاز نمک اضافه کنید. | فتوچینی آبکش شده را مستقیماً به تابه سس اضافه کنید. پاستا را خوب زیر و رو کنید تا تمام رشته‌ها به سس آغشته شوند. اگر سس بیش از حد غلیظ بود، مقداری از آب پخت پاستای کنار گذاشته شده را اضافه کنید تا به غلظت مطلوب برسید. | پاستا را بلافاصله در ظرف‌های سرو بکشید. روی هر پرس را با مقداری پنیر پارمزان اضافی، فلفل سیاه تازه آسیاب شده و در صورت تمایل جعفری خرد شده تزیین کنید."
"dish-10-1766961078330","Mixed Doner (دونر کباب مخلوط - ترکیه)","international","دونر کباب مخلوط یکی از لذیذترین و محبوب‌ترین غذاهای خیابانی ترکیه است که از ترکیب ورقه‌های نازک گوشت گوساله و سینه مرغ تهیه می‌شود. این غذا به همراه سبزیجات تفت داده شده و کره، طعمی بی‌نظیر پیدا می‌کند و معمولاً با نان مدیترانه‌ای یا برنج سرو می‌شود.","balanced","معتدل","پودر لیمو عمانی","520","45","متوسط","ترکیه","گوشت گوساله ورقه‌ای:400:گرم | سینه مرغ ورقه‌ای:400:گرم | قارچ اسلایس شده:300:گرم | فلفل دلمه‌ای رنگی:2:عدد | پیاز:2:عدد | کره:50:گرم | ادویه مخصوص کباب ترکی:0:به میزان لازم | نمک و فلفل و زردچوبه:0:به میزان لازم | روغن زیتون:30:قاشق","گوشت گوساله و سینه مرغ را به صورت ورقه‌های بسیار نازک برش بزنید و هر کدام را به صورت جداگانه با نیمی از پیاز خلالی شده و کمی روغن زیتون مرینیت کرده و برای ۲ ساعت در یخچال قرار دهید. | در یک تابه وسیع و داغ، ابتدا گوشت گوساله را اضافه کرده و با حرارت بالا تفت دهید تا آب آن کشیده شده و نیم‌پز شود. | سپس سینه مرغ ورقه‌ای را به تابه اضافه نموده و به تفت دادن ادامه دهید تا هر دو نوع گوشت کاملاً پخته و سطح آن‌ها کمی طلایی شود. | قارچ اسلایس شده و فلفل دلمه‌ای رنگی را به مخلوط گوشت اضافه کنید و با حرارت بسیار بالا تفت دهید تا آب قارچ به سرعت تبخیر شده و سبزیجات نرم شوند. | در مرحله آخر، کره را به همراه ادویه مخصوص کباب ترکی و مخلوط نمک و فلفل و زردچوبه اضافه کنید. مواد را یک دقیقه دیگر تفت دهید تا عطر ادویه‌ها خارج شود و سپس از روی حرارت بردارید."
"dish-10-1766961391030","پیده (پیتزا قایقی ترکی)","international","پیده یکی از اصیل‌ترین و لذیذترین غذاهای ترکی است که به دلیل شکل قایقی خمیر و مواد میانی غنی، محبوبیت جهانی دارد. این نان قایقی با گوشت چرخ‌کرده طعم‌دار شده و سبزیجات تازه تهیه می‌شود و گزینه‌ای عالی برای وعده ناهار یا شام است.","hot","گرم و خشک","فلفل قرمز یا آویشن","620","65","متوسط","ترکیه","آرد نخودچی:500:قاشق | نمک و فلفل و زردچوبه:1:به میزان لازم | شکر:10:به میزان لازم | مایه خمیر:10:گرم | آب گرم:300:میلی‌لیتر | روغن زیتون:45:قاشق | گوشت چرخ کرده:400:گرم | پیاز رنده شده:1:عدد | فلفل سبز:2:عدد | رب گوجه فرنگی:30:قاشق | نمک و فلفل و زردچوبه:1:به میزان لازم | فلفل قرمز پرک شده:0:به میزان لازم | جعفری خرد شده:40:گرم | ۱ عدد زرده تخم‌مرغ (برای رومال لبه‌ها):1:عدد","برای تهیه خمیر: آرد، نمک، شکر و مایه خمیر را در کاسه‌ای بزرگ مخلوط کنید. آب گرم و روغن زیتون را به تدریج اضافه کرده و ورز دهید تا خمیر نرم و یکدستی حاصل شود. روی خمیر را بپوشانید و ۴۵ دقیقه در جای گرم استراحت دهید تا حجم آن دو برابر شود. | برای تهیه مواد رویه: گوشت چرخ‌کرده، پیاز رنده شده، فلفل سبز نگینی، رب گوجه‌فرنگی، نمک، فلفل، فلفل قرمز پرک شده و جعفری خرد شده را در کاسه‌ای با هم خوب مخلوط کنید تا کاملاً یکدست شوند. | خمیر پف کرده را کمی ورز دهید تا هوای آن خارج شود، سپس آن را به ۴ قسمت مساوی تقسیم کنید. | هر قسمت از خمیر را با وردنه به شکل بیضی‌های کشیده (مانند یک قایق) باز کنید. | مخلوط گوشتی را به طور یکنواخت روی قسمت میانی هر بیضی پخش کنید و حدود ۲ سانتی‌متر از لبه‌ها فاصله بگیرید. | لبه‌های بلند خمیر را به سمت داخل تا کنید و فشار دهید تا شکل قایق ایجاد شود. دو انتهای خمیر را نیز به هم بچسبانید تا کاملاً بسته شود. | پیده‌ها را روی سینی فر که با کاغذ روغنی پوشیده شده قرار دهید. لبه‌های خمیر را با ۱ عدد زرده تخم‌مرغ (برای رومال لبه‌ها) پوشش دهید. | فر را از قبل با دمای ۲۰۰ تا ۲۲۰ درجه سانتی‌گراد گرم کنید و پیده‌ها را به مدت ۱۵ تا ۲۰ دقیقه بپزید تا خمیر طلایی و گوشت پخته شود. بلافاصله پس از پخت، در صورت تمایل کمی کره روی لبه‌ها بمالید و سرو کنید."
"dish-10-1766963128331","شوربا (شوربا ازبکی)","international","شوربا یکی از غذاهای اصیل، مقوی و سنتی آسیای مرکزی است که با گوشت گوسفند و سبزیجات متنوع تهیه می‌شود. این سوپ غنی به دلیل پخت طولانی، طعمی بسیار عمیق و لذیذ دارد.","hot","گرم و تر","زیره سبز|فلفل سیاه","480","150","متوسط","ازبکستان","گوشت گوسفند (با استخوان):500:گرم | پیاز بزرگ:2:عدد | هویج:200:گرم | سیب‌زمینی متوسط:450:عدد | فلفل دلمه‌ای سبز:150:عدد | رب گوجه فرنگی:250:قاشق | رب گوجه فرنگی:40:قاشق | نخود (خیس شده):100:گرم | روغن نباتی:30:میلی‌لیتر | نمک و فلفل و زردچوبه:1:به میزان لازم | نمک و فلفل سیاه:1:به میزان لازم | زیره سبز:0:به میزان لازم | آب:2000:میلیلیتر | جعفری تازه برای تزیین:20:به میزان لازم","گوشت گوسفند را به تکه‌های بزرگ تقسیم کرده و نخودهایی را که از شب قبل خیس کرده‌اید، آبکشی کنید. | در یک قابلمه بزرگ، روغن نباتی را گرم کرده و تکه‌های گوشت را اضافه کنید. گوشت را تفت دهید تا تمام اطراف آن قهوه‌ای و سرخ شود. سپس پیازهای خلالی شده را اضافه کرده و تا زمان سبک و طلایی شدن با گوشت تفت دهید. | هویج‌های خرد شده و نخود را به قابلمه افزوده و چند دقیقه دیگر تفت دهید. رب گوجه‌فرنگی را اضافه کنید و تفت دادن را تا زمانی که رنگ رب باز شود و بوی خامی آن گرفته شود ادامه دهید. | آب را به قابلمه اضافه کرده و پس از جوش آمدن، نمک، فلفل سیاه و زیره سبز را بیفزایید. درب قابلمه را گذاشته و حرارت را ملایم کنید تا گوشت و نخود به مدت ۱.۵ تا ۲ ساعت کاملاً پخته و نرم شوند. | در ۳۰ دقیقه پایانی پخت، سیب‌زمینی‌ها، فلفل دلمه‌ای و گوجه‌فرنگی‌های خرد شده را اضافه کنید. پس از اینکه سبزیجات کاملاً پخته شدند، غذا آماده است. شوربا را در ظرف سرو کشیده و با جعفری تازه تزیین نمایید."
"dish-10-1766972486976","Vaca Atolada (خوراک گوشت و یوکا - برزیل)","international","واکا آتولادا یکی از محبوب‌ترین و سنتی‌ترین خوراک‌های کشور برزیل است که به صورت آرام‌پز تهیه می‌شود. ترکیب دنده گوساله با یوکا (یا سیب‌زمینی) باعث ایجاد بافتی غلیظ، لعاب‌دار و بسیار لذیذ می‌شود که برای وعده‌های اصلی بسیار مقوی است.","balanced","undefined","آویشن یا زنجبیل","670","180","متوسط","برزیل","دنده گوساله:800:گرم | یوکا یا سیب‌زمینی:500:عدد | گوجه‌فرنگی پوره شده:2:میلیلیتر | پیاز بزرگ:1:عدد | سیر:3:حبه | جعفری خرد شده:50:گرم | نمک و فلفل و زردچوبه:1:به میزان لازم | پاپريكا:0:به میزان لازم | آب:1200:میلیلیتر | روغن مایع:1:به میزان لازم","در یک قابلمه بزرگ و مناسب، مقداری روغن مایع ریخته و دنده‌های گوساله را تفت دهید تا تمامی سطوح آن‌ها کاملاً قهوه‌ای و سرخ شوند. | پیاز بزرگ را نگینی خرد کرده و به همراه سیرهای رنده شده به قابلمه اضافه کنید؛ تفت دادن را تا سبک و طلایی شدن پیازها ادامه دهید. | پوره گوجه‌فرنگی را به همراه پاپريكا به مواد اضافه کرده و چند دقیقه تفت دهید تا رنگ گوجه فرنگی باز شده و بوی خامی آن گرفته شود. | آب را به قابلمه اضافه کنید و اجازه دهید پس از به جوش آمدن، با حرارت ملایم به مدت حدود ۹۰ تا ۱۲۰ دقیقه بپزد تا گوشت نیم‌پز شود. | یوکا یا سیب‌زمینی‌ها را پوست کنده و به قطعات درشت تقسیم کنید و آن‌ها را به قابلمه اضافه نمایید. | پخت را تا زمانی ادامه دهید که گوشت کاملاً نرم شده و از استخوان جدا شود و یوکاها پخته شده و به خوراک غلظت بدهند. | در مرحله آخر نمک غذا را اندازه کنید و خوراک را در ظرف مورد نظر کشیده و با جعفری تازه خرد شده تزیین و سرو نمایید."
"dish-11-1766794336336","آش سیرابی","ash","آش سیرابی یکی از مقوی‌ترین و سنتی‌ترین آش‌های ایرانی است که به دلیل خواص درمانی فراوان برای سلامت معده و سیستم ایمنی بدن شهرت دارد. این غذا با ترکیب سیرابی، حبوبات، جو و سبزیجات معطر تهیه می‌شود.","cold","سرد و خشک","سیر، گردو و فلفل سیاه","480","300","متوسط","ایران","سیرابی پاک شده:60:حبه | جو پوست‌کنده:200:گرم | نخود و لوبیا چیتی مجموعاً:200:گرم | سبزی آش:500:گرم | سیر:4:حبه | پیاز داغ و نعنا داغ:1:عدد | نمک و زردچوبه:0:به میزان لازم","سیرابی را به خوبی شسته و تمیز کنید، سپس آن را به همراه حبه‌های سیر و مقدار کافی آب در قابلمه ریخته و اجازه دهید به مدت ۴ تا ۵ ساعت با حرارت ملایم بپزد تا کاملاً نرم شود. | نخود و لوبیا چیتی را که از شب قبل خیسانده‌اید، با آب تازه در قابلمه‌ای جداگانه بپزید تا حبوبات کاملاً مغزپخت و نرم شوند. | جو پوست‌کنده را در قابلمه اصلی ریخته و با مقدار کافی آب بپزید. پس از اینکه جو کاملاً پخته شد و لعاب انداخت، سبزی آش را به آن اضافه کنید تا با هم بپزند. | سیرابی پخته شده را از قابلمه خارج کرده و به قطعات کوچک (به اندازه حبه قند) خرد کنید. سپس سیرابی خرد شده و حبوبات پخته را به قابلمه حاوی جو و سبزی اضافه نمایید. | نمک، زردچوبه و نیمی از پیاز داغ و نعنا داغ را به آش اضافه کرده و اجازه دهید تمامی مواد به مدت ۳۰ تا ۴۵ دقیقه با هم بجوشند تا آش کاملاً جا بیفتد. در نهایت آش را با باقیمانده پیاز داغ و نعنا داغ تزیین و سرو کنید."
"dish-11-1766799342396","لپه‌پلو جنوبی","polo","غذایی خوش‌طعم از جنوب ایران که با لپه، گوشت و ادویه کاری طبخ می‌شود.","hot","گرم و خشک","پودر لیمو عمانی، زیره، ماست","500","75","متوسط","ایران","برنج:4:پیمانه | لپه خیس خورده:1:پیمانه | گوشت چرخ کرده:300:گرم | ادویه کاری:0:به میزان لازم","لپه را بپزید. پیاز و گوشت را تفت داده و رب و ادویه بزنید. | لپه را به مایه اضافه کنید. | برنج را آبکش کرده و لایه لایه با مایه گوشتی و دارچین دم کنید."
"dish-11-1766876956936","کله‌جوش قمی","khorak","کله‌جوش یکی از غذاهای سنتی و اصیل استان قم است که به دلیل دارا بودن کشک و گردو، منبعی سرشار از کلسیم، فسفر و پروتئین محسوب می‌شود و معمولاً با نان سنگک تلیت شده سرو می‌گردد.","balanced","معتدل (به دلیل مصلحات گرم)","مغز گردو، نعناع، پیاز","610","30","آسان","ایران","کشک غلیظ:500:میلیلیتر | مغز گردوی خرد شده:200:گرم | پیاز بزرگ:2:عدد | نعناع خشک:15:قاشق | نمک و فلفل و زردچوبه:1:به میزان لازم | نمک و فلفل سیاه:1:به میزان لازم | روغن حیوانی یا کره:50:گرم | آب:480:میلیلیتر","پیازها را به صورت نگینی خرد کرده و در یک قابلمه مناسب به همراه روغن حیوانی یا کره تفت دهید تا کاملاً سبک و طلایی شوند. | زردچوبه، فلفل سیاه و مغز گردوی خرد شده را به پیازهای داغ اضافه کنید و حدود دو دقیقه تفت دهید تا بوی خامی گردو گرفته شده و کمی روغن بیندازد. | نعناع خشک را به مواد اضافه کرده و تنها در حد ۱۰ تا ۱۵ ثانیه تفت دهید تا عطر آن آزاد شود؛ دقت کنید که تفت دادن زیاد نعناع باعث تلخ شدن غذا می‌شود. | کشک غلیظ را در ظرفی جداگانه با ۲ پیمانه آب (۴۸۰ میلی‌لیتر) به خوبی مخلوط و رقیق کرده و سپس به قابلمه اضافه کنید. | حرارت را روی ملایم تنظیم کنید و مدام هم بزنید تا کشک کاملاً داغ شده و طعم مواد به خورد هم برود. نکته کلیدی این است که کشک نباید به نقطه جوش برسد و قل بزند، زیرا باعث بریده شدن آن می‌شود. | پس از اینکه غذا قوام آمد و داغ شد، آن را از روی حرارت برداشته، در ظرف مناسب ریخته و با نان سنگک خرد شده تلیت و میل کنید."
"dish-11-1766877137846","کوفته تبریزی اصیل","khorak","کوفته تبریزی یکی از اصیل‌ترین و لذیذترین غذاهای سنتی شهر تبریز است که به دلیل ابعاد بزرگ و مغز پر از آجیل و آلو شهرت دارد. این غذا ترکیبی منحصر به فرد از پروتئین، حبوبات و سبزیجات معطر است که در یک سس گوجه‌فرنگی غنی پخته می‌شود.","balanced","معتدل رو به سرد","زیره سیاه، فلفل سیاه، نعنا داغ، ترشی هفت‌بیجار","480","150","Hard","ایران","گوشت چرخ کرده:500:گرم | لپه:150:پیمانه | برنج نیم‌دانه:90:پیمانه | پیاز متوسط:2:عدد | تخم‌مرغ:1:عدد | سبزی کوفته (تره، مرزه، ترخون، جعفری):300:گرم | رب گوجه فرنگی:60:قاشق | آلو، زرشک و گردو:120:پیمانه | نمک، فلفل سیاه، زردچوبه و زعفران:0:به میزان لازم | آب:1200:میلیلیتر | روغن مایع:1:به میزان لازم","ابتدا لپه را از چند ساعت قبل خیس کرده و با کمی آب نیم‌پز کنید، سپس با گوشت‌کوب آن را کمی بکوبید تا دانه‌ها نیم‌کوب شوند اما به پوره تبدیل نشوند. | برنج نیم‌دانه را با مقداری نمک و آب نیم‌پز کرده و سپس آبکش نمایید تا آب اضافی آن کاملاً گرفته شود. | یک عدد از پیازها را با رنده ریز رنده کرده و آب آن را کاملاً بگیرید؛ سپس پیاز را با گوشت، لپه نیم‌کوب، برنج، تخم‌مرغ، سبزیجات معطر و ادویه‌ها (نمک، فلفل، زردچوبه) مخلوط کنید. | مایه کوفته را حدود ۱۵ دقیقه به خوبی با دست ورز دهید تا کاملاً یکدست شده و حالت چسبندگی پیدا کند؛ این مرحله برای وا نرفتن کوفته‌ها در زمان پخت حیاتی است. | از مایه به اندازه یک پرتقال بزرگ برداشته، وسط آن را گود کنید و مقداری آلو، گردو و زرشک تفت داده شده داخل آن قرار دهید، سپس لبه‌ها را جمع کرده و کاملاً گرد و صاف کنید. | پیاز دوم را به صورت نگینی خرد کرده و در قابلمه با مقداری روغن تفت دهید. رب گوجه فرنگی، کمی زردچوبه و زعفران دم‌کرده را اضافه کرده و تفت دهید تا بوی خامی رب گرفته شود، سپس آب را اضافه کرده و اجازه دهید به جوش بیاید. | کوفته‌ها را به آرامی و با دقت درون سس در حال جوش قرار دهید. توجه داشته باشید که در ۳۰ دقیقه اول پخت، نباید درب قابلمه را بگذارید تا کوفته‌ها متلاشی نشوند. | حرارت را ملایم کرده و اجازه دهید کوفته‌ها به مدت ۱.۵ الی ۲ ساعت بپزند تا سس غلیظ شده و کوفته‌ها کاملاً مغزپخت شوند."
"dish-11-1766881812358","نیمرو با دنبه (بلوچی)","khorak","نیمرو با دنبه یک غذای سنتی، بسیار مقوی و پرانرژی متعلق به منطقه بلوچستان است که معمولاً برای وعده صبحانه یا ناهار سرو می‌شود. در این روش، به جای روغن‌های صنعتی از روغن طبیعی دنبه استفاده می‌شود که عطری بی‌نظیر به تخم‌مرغ‌ها می‌بخشد.","hot","گرم و تر","فلفل سیاه، سماق، آب نارنج","720","25","آسان","ایران","تخم مرغ:6:عدد | دنبه گوسفندی تازه:150:گرم | نمک و فلفل سیاه و زرد چوبه:1:به میزان لازم | نان تافتون یا لواش برای سرو:4:عدد","دنبه‌های گوسفندی تازه را به قطعات بسیار کوچک و هم‌اندازه (به اندازه حبه قند ریز) برش بزنید تا به خوبی روغن پس دهند. | تکه‌های دنبه را در تابه ریخته و روی حرارت بسیار ملایم قرار دهید تا به آرامی ذوب شوند و روغن آن‌ها خارج شود. | اجازه دهید دنبه‌ها کاملاً ترد و طلایی (جزغاله) شوند؛ در این مرحله طبق سلیقه خود می‌توانید جزغاله‌ها را در تابه نگه دارید یا آن‌ها را از روغن خارج کنید. | حرارت را کمی تنظیم کنید تا روغن داغ بماند، سپس تخم‌مرغ‌ها را یکی‌یکی با احتیاط درون روغن داغ دنبه بشکنید. | نمک و فلفل سیاه را به میزان لازم روی تخم‌مرغ‌ها بپاشید. | اجازه دهید سفیده تخم‌مرغ کاملاً سفت شود، اما برای طعم بهتر پیشنهاد می‌شود زرده به صورت عسلی باقی بماند. | این نیمروی لذیذ و سنتی را بلافاصله و به صورت کاملاً داغ همراه با نان تافتون یا لواش تازه سرو کنید."
"dish-11-1766883317767","خورش کنگر محلی","stew","خورش کنگر یکی از لذیذترین خورش‌های فصلی و سنتی ایران است که با استفاده از گیاه کوهی کنگر، گوشت گوسفندی و سبزیجات معطر تهیه می‌شود. این غذا به دلیل طعم ملس و خواص بی‌نظیر کنگر در فصل بهار بسیار محبوب است.","hot","گرم و خشک","ترشیجات (سرکه، آبلیمو، آبغوره)، ماست","420","120","متوسط","ایران","کنگر پاک‌شده و خرد شده:500:گرم | گوشت گوسفندی:400:گرم | سبزی (جعفری و نعنا):300:گرم | پیاز درشت:1:عدد | لیمو عمانی:2:به میزان لازم | نمک و فلفل سیاه و زرد چوبه:1:به میزان لازم | روغن مایع:1:به میزان لازم","کنگرها را شسته و تیغ‌های آن را با دقت جدا کنید، سپس به قطعات ۳ سانتی‌متری خرد کرده و در مقداری روغن تفت دهید تا کمی نرم شوند. | پیاز را نگینی خرد کرده و در قابلمه با کمی روغن تفت دهید تا سبک و طلایی شود، سپس گوشت گوسفندی را اضافه کرده و همراه با زردچوبه و فلفل سیاه سرخ کنید تا تغییر رنگ دهد. | به میزان لازم آب جوش به قابلمه اضافه کنید و درب آن را بگذارید تا گوشت با حرارت ملایم به مدت ۱ ساعت نیم‌پز شود. | نعنا و جعفری خرد شده را در تابه جداگانه با کمی روغن تفت دهید تا عطر آن‌ها آزاد شده و رنگ سبزی‌ها کمی تیره شود (دقت کنید نعنا تلخ نشود). | کنگرهای تفت‌داده شده و سبزی‌های سرخ شده را به قابلمه گوشت اضافه کنید و اجازه دهید خورش با حرارت ملایم بپزد. | در یک ساعت آخر پخت، لیمو عمانی‌ها را (که از قبل سوراخ کرده و در آب خیسانده‌اید) به همراه نمک به خورش اضافه کنید و اجازه دهید خورش کاملاً جا افتاده و روغن بیندازد."
"dish-11-1766883592583","خورش بادمجان با رب انار","stew","یک خورش اصیل و مجلسی ایرانی که با ترکیب طعم ملس رب انار، گردو و بادمجان‌های سرخ‌شده، تجربه‌ای متفاوت از خورش بادمجان کلاسیک را ارائه می‌دهد.","balanced","معتدل (به دلیل ترکیب گرمی بادمجان و سردی رب انار)","گلپر، زعفران و دانه انار","480","120","متوسط","ir","بادمجان قلمی:600:عدد | گوشت خورشتی:400:گرم | پیاز متوسط:2:عدد | رب انار:75:قاشق | گردوی آسیاب شده:100:گرم | نمک و فلفل سیاه و زرد چوبه:1:به میزان لازم | روغن مایع:1:به میزان لازم | آب انار (اختیاری):240:میلی‌لیتر","ابتدا بادمجان‌ها را پوست گرفته، نمک بزنید و حدود ۳۰ دقیقه رها کنید تا تلخی آن‌ها گرفته شود. سپس آن‌ها را شسته، خشک کرده و در روغن سرخ کنید و کنار بگذارید. | پیازها را نگینی خرد کرده و در قابلمه با مقداری روغن تفت دهید تا طلایی و سبک شوند، سپس گوشت خورشتی را اضافه کرده و تفت دهید تا تغییر رنگ دهد. | زردچوبه و فلفل سیاه را به گوشت اضافه کرده و تفت دهید. سپس مقداری آب (و در صورت تمایل آب انار) اضافه کنید و اجازه دهید گوشت با حرارت ملایم نیم‌پز شود. | پس از نیم‌پز شدن گوشت، رب انار و گردوی آسیاب شده را به قابلمه اضافه کنید و اجازه دهید خورش به آرامی بپزد و گردو روغن بیندازد. | در ۳۰ دقیقه پایانی پخت، بادمجان‌های سرخ شده را به آرامی روی خورش بچینید و اجازه دهید با حرارت ملایم جا بیفتد تا سس خورش غلیظ شود. | در انتها نمک غذا را اندازه کرده و پس از اینکه خورش کاملاً به روغن افتاد، آن را همراه با چلو زعفرانی سرو کنید."
"dish-11-1766883843657","خورش ریحان و نعناع","stew","یک خورش سنتی و فوق‌العاده خوش‌عطر ایرانی که با استفاده از سبزیجات تازه ریحان و نعناع تهیه می‌شود. این غذا به دلیل ترکیب خاص سبزیجات، طعمی منحصر به فرد و عطری اشتهاآور دارد.","hot","گرم و خشک","ماست یا سالاد شیرازی به همراه آبغوره","420","120","متوسط","ir","گوشت خورشتی:500:گرم | ریحان تازه:200:گرم | نعناع تازه:100:گرم | پیاز متوسط:2:عدد | آبغوره یا آب نارنج:45:قاشق | روغن مایع:1:به میزان لازم | نمک و فلفل سیاه و زرد چوبه:1:به میزان لازم","پیازها را نگینی خرد کرده و در قابلمه با مقداری روغن مایع تفت دهید تا سبک و طلایی شوند. | گوشت خورشتی را به پیازهای طلایی اضافه کرده و تفت دهید تا رنگ گوشت تغییر کند و آب آن کشیده شود. | زردچوبه و فلفل سیاه را به گوشت اضافه کرده، سپس مقداری آب جوش در قابلمه بریزید و اجازه دهید گوشت با حرارت ملایم بپزد. | ریحان و نعناع تازه را شسته، به صورت ریز خرد کنید و در تابه‌ای جداگانه با کمی روغن تفت دهید. دقت کنید که نعناع را زیاد سرخ نکنید تا تلخ نشود. | پس از اینکه گوشت نیم‌پز شد، سبزیجات سرخ شده را به خورش اضافه نمایید. | در ۲۰ دقیقه پایانی پخت، نمک و آبغوره (یا آب نارنج) را به خورش اضافه کنید و اجازه دهید خورش کاملاً جا افتاده و روغن بیندازد."
"dish-11-1766884212693","خورش ماست اصفهانی","stew","خورش ماست یکی از اصیل‌ترین و لذیذترین دسرهای سنتی اصفهان است که با گوشت گردن گوسفند، ماست چکیده و زعفران تهیه می‌شود. این دسر به دلیل کوبیدن زیاد گوشت، بافتی کش‌دار و منحصربه‌فرد دارد و برخلاف نامش نه به عنوان غذای اصلی، بلکه به صورت سرد و به عنوان پیش‌غذا یا دسر سرو می‌شود.","balanced","سرد و تر (با مصلح گرم می‌شود)","گردو، خلال پسته و گلاب","420","150","متوسط","ir","گوشت گردن گوسفند:300:گرم | ماست چکیده پرچرب (شیرین):750:پیمانه | شکر:100:به میزان لازم | زرده تخم‌مرغ:1:عدد | زعفران دم‌کرده غلیظ:1:به میزان لازم | گلاب:15:قاشق | پیاز:1:عدد | نمک و زردچوبه برای پخت گوشت:0:به میزان لازم | خلال پسته و زرشک برای تزیین:40:پیمانه","گوشت گردن را به همراه پیاز، کمی زردچوبه و آب کافی روی حرارت بگذارید تا کاملاً پخته و نرم شود، سپس استخوان‌ها را جدا کرده و گوشت را در ظرفی جداگانه قرار دهید. | گوشت پخته شده را در یک ظرف مسی یا تفلون با گوشت‌کوب دستی به مدت طولانی و با دقت زیاد بکوبید تا بافت آن کاملاً باز شده، سفید و کش‌دار شود. این مرحله مهم‌ترین بخش تهیه خورش ماست است. | در یک قابلمه مناسب، زرده تخم‌مرغ را با ماست چکیده و شکر مخلوط کنید و روی حرارت ملایم قرار دهید. مخلوط را مدام هم بزنید تا شکر حل شده و مایه گرم شود، اما دقت کنید که نباید به نقطه جوش برسد. | گوشت کوبیده شده و آماده را کم‌کم به مخلوط ماست اضافه کنید و با همزن دستی یا قاشق چوبی به صورت دورانی و مداوم هم بزنید تا گوشت و ماست کاملاً یکدست شده و خورش به غلظت و کش‌سانی مطلوب برسد. | زعفران دم‌کرده و گلاب را به خورش اضافه کنید و چند دقیقه دیگر هم بزنید تا رنگ زعفران کاملاً پخش شود، سپس قابلمه را از روی حرارت بردارید. | خورش ماست را در ظرف مورد نظر برای سرو بریزید و اجازه دهید در دمای محیط خنک شود. سپس آن را به مدت حداقل ۱۲ تا ۲۴ ساعت در یخچال قرار دهید تا کاملاً سرد شده و جا بیفتد. | قبل از سرو، روی خورش را با زرشک و خلال پسته تزیین کرده و به صورت سرد میل کنید."
"dish-11-1766956020736","سوپ ورمیشل","soup","سوپ ورمیشل یکی از خوشمزه‌ترین و سنتی‌ترین سوپ‌های ایرانی است که به عنوان پیش‌غذا یا غذای اصلی در زمان سرماخوردگی سرو می‌شود. این سوپ با ترکیب سبزیجات، مرغ و رشته سوپی، بافتی لعاب‌دار و طعمی دلچسب دارد.","balanced","undefined","آبلیمو تازه، فلفل سیاه","280","60","آسان","ir","پیاز:1:عدد | سینه مرغ:200:گرم | هویج نگینی خرد شده:150:گرم | سیب زمینی نگینی خرد شده:150:عدد | رب گوجه فرنگی:40:قاشق | رشته سوپی (ورمیشل):150:گرم | جعفری خرد شده:50:گرم | نمک و فلفل و زردچوبه:0:به میزان لازم | ابلیموی ترش و تازه:30:قاشق | آب جوش:1200:میلیلیتر | روغن مایع:1:به میزان لازم","پیاز را نگینی خرد کرده و در قابلمه با مقداری روغن مایع تفت دهید تا سبک و طلایی شود. | سینه مرغ را به صورت نگینی خرد کرده، به پیاز اضافه کنید و همراه با زردچوبه تفت دهید تا تغییر رنگ دهد. | هویج نگینی خرد شده و سیب زمینی نگینی خرد شده را به قابلمه اضافه کرده و چند دقیقه تفت دهید. | رب گوجه فرنگی را اضافه کرده و تفت دهید تا بوی خامی آن گرفته شده و رنگ باز کند، سپس آب جوش را اضافه کنید. | اجازه دهید سبزیجات و مرغ با حرارت ملایم به مدت ۳۰ تا ۴۰ دقیقه کاملاً بپزند. | در ۱۵ دقیقه پایانی پخت، رشته سوپی (ورمیشل) را اضافه کنید و اجازه دهید رشته‌ها نرم شوند (زیاد هم نزنید تا له نشوند). | در ۵ دقیقه آخر جعفری خرد شده، نمک و فلفل و ابلیموی ترش و تازه را اضافه کرده و پس از جا افتادن سوپ، آن را سرو کنید."
"dish-11-1766956416038","سوسیس خانگی مرغ","fastfood","یک سوسیس سالم و خوش‌طعم تهیه شده از سینه مرغ، سبزیجات و مغزیجات که فاقد مواد نگهدارنده صنعتی بوده و گزینه‌ای عالی برای ساندویچ‌های خانگی و صبحانه است.","balanced","معتدل و تر","سیر یا آویشن","280","60","متوسط","ایران","سینه مرغ بدون استخوان:600:گرم | سیر تازه:3:حبه | نشاسته گندم:30:گرم | روغن مایع:1:به میزان لازم | هویج پخته و نگینی شده:100:گرم | پسته خام:20:گرم | پودر پیاز:0:عدد | زنجبیل:0:به میزان لازم | هل:0:به میزان لازم | پودر سیر:0:حبه | نمک و فلفل و زردچوبه:0:به میزان لازم","سینه مرغ بدون استخوان را به خوبی پاک کرده و دو بار چرخ کنید تا بافتی کاملاً خمیری، یکنواخت و چسبنده به دست آید. | مرغ چرخ شده را همراه با سیر له شده، روغن مایع، نشاسته گندم و تمامی ادویه‌های مخصوص (پودر پیاز، زنجبیل، هل، پودر سیر، نمک، فلفل و زردچوبه) در دستگاه غذاساز بریزید و تا زمان رسیدن به یک خمیر کاملاً منسجم میکس کنید. | هویج پخته و نگینی شده را به همراه مغز پسته خام به مایه اضافه کرده و با دست کمی ورز دهید تا قطعات به صورت یکنواخت در کل خمیر پخش شوند. | یک لایه سلفون مخصوص پخت را پهن کرده، مواد را روی آن قرار دهید و با فشار دست به شکل استوانه‌ای کاملاً فشرده کنید؛ سپس سلفون را چند دور دور آن پیچیده و دو سر آن را با نخ یا گره محکم کنید تا هوا وارد نشود. | رول‌های سوسیس را به مدت ۶۰ دقیقه در دستگاه بخارپز یا در سبدی روی بخار آب جوش قرار دهید تا کاملاً پخته و سفت شوند. | پس از پخت، سوسیس‌ها را در دمای محیط قرار دهید تا خنک شوند و سپس برای تثبیت بافت و کیفیت بهتر، حداقل ۳ ساعت در یخچال استراحت دهید."
"dish-11-1766956905814","کباب برگ","kabab","یکی از مجلسی‌ترین و اصیل‌ترین کباب‌های ایرانی که از گوشت راسته یا فیله گوسفندی تهیه شده و بافتی بسیار نرم و لطیف دارد.","hot","گرم و تر","سماق، ریحان، نان سنگک","500","60","سخت","ایران","گوشت راسته یا فیله گوسفندی:600:گرم | پیاز سفید:2:عدد | روغن زیتون:4:قاشق | نمک و فلفل سیاه و زرد چوبه:1:به میزان لازم | زعفران دم‌کرده غلیظ:0:به میزان لازم | کره:50:گرم","گوشت را روی تخته کار قرار داده و با چاقوی تیز آن را به پهنای حدود ۷ سانتی‌متر و ضخامت نیم سانتی‌متر برش دهید. | با پشت چاقو یا بیفتک‌کوب روی گوشت ضربه بزنید تا بافت آن باز و یکدست شود. | پیاز را رنده کرده و فقط آب آن را بگیرید و با فلفل سیاه، روغن و زعفران مخلوط کنید و گوشت را در آن بخوابانید (نمک نزنید). | پس از گذشت حداقل ۴ ساعت، گوشت را به سیخ بکشید؛ گوشت باید روی تخته قرار گیرد و سیخ از میان آن رد شود. | روی زغال داغ کباب کنید و اواسط پخت نمک بپاشید و سس کره و زعفران را روی آن بمالید."
"dish-11-1766958808663","بورش (اوکراین)","international","یک سوپ کلاسیک و سنتی اروپای شرقی که به دلیل استفاده از چغندر دارای رنگ قرمز درخشان است. این غذا ترکیبی مغذی از سبزیجات و گوشت است که با طعمی ملس و همراهی خامه ترش سرو می‌شود.","cold","سرد و تر","فلفل سیاه و شوید","280","75","متوسط","اوکراین","چغندر متوسط:450:گرم | کلم سفید خرد شده:400:گرم | سیب‌زمینی متوسط:450:عدد | هویج رنده شده:150:گرم | پیاز خرد شده:1:عدد | رب گوجه فرنگی:30:قاشق | گوشت گاو یا مرغ (اختیاری):200:گرم | آب گوشت یا سبزیجات:1500:میلی‌لیتر | سیر رنده شده:2:حبه | سرکه:15:به میزان لازم | شکر:5:به میزان لازم | نمک و فلفل سیاه و زرد چوبه:1:به میزان لازم | خامه ترش:100:میلیلیتر | شوید تازه:30:گرم","در صورتی که از گوشت استفاده می‌کنید، ابتدا آن را با مقداری آب بپزید تا کاملاً نرم شود. سپس گوشت را خارج کرده و خرد کنید و آب آن را برای مراحل بعد صاف کرده و نگه دارید. | چغندرها را پوست بگیرید و به صورت خلالی بسیار نازک یا رنده شده آماده کنید. در یک قابلمه بزرگ، پیاز و هویج را با کمی روغن تفت دهید تا نرم شوند، سپس چغندر را اضافه کرده و ۵ تا ۷ دقیقه دیگر تفت دهید. | رب گوجه‌فرنگی، سرکه و شکر را به سبزیجات تفت داده شده اضافه کنید و ۲ دقیقه دیگر به تفت دادن ادامه دهید تا رنگ رب باز شود و طعم‌ها ترکیب شوند. | آب گوشت (یا سبزیجات) و کلم سفید خرد شده را به قابلمه اضافه کنید. چاشنی نمک و فلفل را تنظیم کرده و اجازه دهید سوپ به مدت ۳۰ دقیقه با حرارت ملایم بجوشد. | سیب‌زمینی‌های مکعبی و گوشت پخته خرد شده را اضافه کنید. در قابلمه را بگذارید و اجازه دهید ۲۰ تا ۲۵ دقیقه دیگر بپزد تا سیب‌زمینی‌ها کاملاً مغزپخت شوند. | در ۵ دقیقه پایانی، سیر رنده شده را اضافه کنید تا عطر آن در سوپ بپیچد. بورش را در ظرف سرو کشیده و با یک قاشق خامه ترش و شوید تازه خرد شده تزئین و به صورت داغ میل کنید."
"dish-11-1766959134380","Fish and Chips (ماهی و چیپس - انگلستان)","international","یک غذای کلاسیک بریتانیایی شامل فیله‌های ماهی درخشان و ترد در پوششی از خمیر مخصوص به همراه سیب‌زمینی‌های سرخ‌شده دو پخته که با نخود فرنگی و سس تارتار سرو می‌شود.","cold","سرد و تر","سرکه مالت یا لیمو","850","45","متوسط","انگلستان","فیله ماهی سفید (کاد، هادوک یا پلاچ, حدود ۱۸۰-۲۰۰ گرم هر فیله):4:عدد | سیب‌زمینی متوسط (به شکل چیپس ضخیم خرد شده):4:عدد | آرد گندم:200:گرم | آب گازدار سرد (یا آبجو سرد):150:میلی‌لیتر | بکینگ پودر:5:گرم | نمک و فلفل سیاه و زرد چوبه:1:به میزان لازم | روغن نباتی برای سرخ کردن عمیق:1000:میلی‌لیتر | نخود فرنگی له شده:200:گرم | سس تارتار:100:میلی‌لیتر | سرکه مالت:30:میلیلیتر | ابلیموی ترش و تازه:1:قاشق","سیب‌زمینی‌های خرد شده را در آب سرد به مدت ۱۵ دقیقه خیس کنید، سپس آبکش کرده و کاملا با دستمال خشک کنید تا تمام رطوبت آن گرفته شود. | روغن نباتی را در یک قابلمه عمیق یا سرخ‌کن به دمای ۱۶۰ درجه سانتی‌گراد برسانید. سیب‌زمینی‌ها را در دو مرحله سرخ کنید: ابتدا به مدت ۵-۷ دقیقه تا نرم شوند ولی رنگ نگیرند. آن‌ها را خارج کرده و روی دستمال کاغذی قرار دهید. | دما را به ۱۸۰ درجه سانتی‌گراد افزایش دهید. فیله‌های ماهی را کاملا خشک کنید و با نمک و فلفل مزه‌دار کنید. | برای تهیه خمیر: آرد، بکینگ پودر، نمک و فلفل را در کاسه‌ای مخلوط کنید. آب گازدار سرد را کم‌کم اضافه کنید و به آرامى هم بزنید تا خمیر نسبتا غلیظ و یکدستی به دست آید. | هر فیله ماهی را ابتدا در کمی آرد اضافه بغلتانید و سپس در خمیر فرو ببرید تا کاملا پوشیده شود. ماهی‌ها را به آرامی در روغن داغ ۱۸۰ درجه سانتی‌گراد قرار دهید. | ماهی‌ها را به مدت ۵-۷ دقیقه سرخ کنید تا طلایی، ترد و پخته شوند. آن‌ها را خارج کرده و روی توری یا دستمال کاغذی قرار دهید تا روغن اضافی آن گرفته شود. | چیپس‌های نیم‌پز شده را دوباره در روغن داغ ۱۸۰ درجه سانتی‌گراد بریزید و برای ۲-۳ دقیقه دیگر سرخ کنید تا کاملا ترد و طلایی شوند. | فیش اند چیپس را بلافاصله و به صورت داغ در کنار نخود فرنگی له شده، سس تارتار، سرکه مالت و برش‌های لیمو ترش سرو کنید."
"dish-11-1766961078330","Moroccan Dried Fruit Pilaf (پلو مراکشی با میوه خشک )","international","یک غذای معطر و اصیل مراکشی که از ترکیب برنج با مرغ، میوه‌های خشک و ادویه‌های گرم تهیه می‌شود و طعمی متمایز و مجلسی دارد.","hot","گرم و خشک","ماست، دوغ، ترشیجات ملایم","620","90","متوسط","مراکش","برنج:720:پیمانه | سینه یا ران مرغ:500:گرم | کشمش پلویی:90:گرم | برگه زردآلو (قیصی):10:عدد | بادام و پسته:70:گرم | پیاز:2:عدد | روغن زیتون:45:قاشق | ادویه مراکشی (دارچین، زنجبیل، زیره، زردچوبه):0:به میزان لازم | نمک و فلفل و زردچوبه:1:به میزان لازم","پیازها را به صورت نگینی خرد کرده و در قابلمه با روغن زیتون تفت دهید تا سبک و طلایی شوند. | تکه‌های مرغ را به پیاز اضافه کرده و همراه با ادویه مراکشی، نمک و فلفل تفت دهید تا عطر ادویه‌ها خارج شده و رنگ مرغ تغییر کند. | مقدار کمی آب به مرغ اضافه کرده و درب قابلمه را ببندید تا مرغ با حرارت ملایم کاملاً بپزد. | در یک تابه کوچک، کشمش پلویی و برگه زردآلو را با کمی کره یا روغن تفت دهید تا میوه‌ها براق و حجیم شوند. | برنج را در آب جوش پخته و پس از رسیدن به مرحله مناسب، آن را آبکش کنید. | ته قابلمه ته‌دیگ دلخواه را قرار داده، برنج و مرغ پخته شده را لایه لایه داخل قابلمه بریزید و اجازه دهید برنج به مدت ۴۵ دقیقه دم بکشد. | هنگام سرو، پلو را در دیس کشیده و مخلوط میوه‌های خشک تفت داده شده و مغز بادام و پسته را برای تزیین روی آن قرار دهید."
"dish-11-1766961391030","Pirozhki (پیراشکی گوشت)","international","پیراشکی گوشت یکی از محبوب‌ترین غذاهای فست‌فودی خانگی است که از یک خمیر لطیف و مواد میانی خوشمزه شامل گوشت چرخ‌کرده، قارچ و فلفل دلمه‌ای تهیه می‌شود. این غذا هم به صورت سرخ شده و هم به صورت پخته در فر سرو می‌شود.","hot","گرم و تر","آبلیمو، سالاد فصل، سماق","380","90","Medium","روسیه","آرد سفید:375:گرم | مایه خمیر فوری:10:گرم | شیر ولرم:240:پیمانه | روغن مایع:1:به میزان لازم | گوشت چرخ کرده:300:گرم | قارچ دگمه ای:200:گرم | فلفل دلمه‌ای:1:عدد | پیاز:1:عدد | رب گوجه فرنگی:40:قاشق | نمک، فلفل، آویشن و زردچوبه:0:به میزان لازم","ابتدا مایه خمیر فوری را به همراه یک قاشق چایخوری شکر در شیر ولرم مخلوط کرده و ۱۰ دقیقه در جای گرم قرار دهید تا عمل بیاید و پف کند. | در یک ظرف بزرگ، مایه خمیر عمل آمده را با روغن مایع مخلوط کنید، سپس آرد را الک کرده و کم‌کم اضافه کنید تا خمیری نرم بدست آید که به دست نچسبد. خمیر را ۱۰ دقیقه ورز دهید و سپس ۱ ساعت در محیط گرم استراحت دهید تا حجم آن دو برابر شود. | پیاز را نگینی خرد کرده و در تابه با کمی روغن تفت دهید تا سبک شود، سپس گوشت چرخ‌کرده را اضافه کرده و تا زمان تغییر رنگ تفت دهید. | قارچ‌های اسلایس شده و فلفل دلمه‌ای خرد شده را به مواد اضافه کنید و با حرارت بالا تفت دهید تا آب قارچ کشیده شود. | رب گوجه فرنگی و ادویه‌ها (نمک، فلفل، آویشن و زردچوبه) را اضافه کرده و چند دقیقه تفت دهید تا بوی خامی رب گرفته شود، سپس شعله را خاموش کنید تا مواد کاملاً خنک شوند. | از خمیر چانه‌های کوچک برداشته، با وردنه به شکل گرد باز کنید و مقداری از مواد خنک شده را در مرکز خمیر قرار دهید. لبه‌های خمیر را روی هم آورده و با چنگال یا دست محکم ببندید. | پیراشکی‌ها را در روغن داغ سرخ کنید و یا در سینی فر چرب شده چیده و در فر با دمای ۱۸۰ درجه سانتی‌گراد به مدت ۲۰ تا ۳۰ دقیقه قرار دهید تا طلایی شوند."
"dish-11-1766963128331","Spaghetti Bolognese (ماکارونی به سبک ایتالیا )","international","سس بولونیز یکی از مشهورترین سس‌های اصیل ایتالیایی است که از ترکیب گوشت چرخ‌کرده و سبزیجات معطر تهیه می‌شود. راز خوشمزگی این پاستا در پخت طولانی و ملایم سس آن است تا طعم‌ها کاملاً به خورد هم بروند.","hot","گرم و تر","روغن زیتون فرابکر و ریحان","775","110","متوسط","Italy","اسپاگتی:500:گرم | گوشت چرخ کرده:400:گرم | پیاز:1:عدد | هویج:100:گرم | ساقه کرفس:50:گرم | پوره گوجه‌فرنگی:400:میلیلیتر | روغن زیتون:45:قاشق | ارگانو و ریحان:0:به میزان لازم","پیاز، هویج و ساقه کرفس را به صورت بسیار ریز (نگینی ریز) خرد کنید. | روغن زیتون را در یک قابلمه مناسب گرم کرده و سبزیجات خرد شده را تفت دهید تا کاملاً نرم و سبک شوند. | گوشت چرخ‌کرده را به قابلمه اضافه کرده و با حرارت متوسط تفت دهید تا رنگ آن قهوه‌ای شده و آب آن کشیده شود. | پوره گوجه‌فرنگی و سبزیجات معطر (ارگانو و ریحان) را اضافه کرده و هم بزنید. شعله را به حداقل رسانده و درب قابلمه را بگذارید تا سس به مدت ۱.۵ ساعت به آرامی بپزد و کاملاً غلیظ و جا افتاده شود. | در یک قابلمه بزرگ، آب و نمک را به جوش آورده و اسپاگتی را داخل آن بریزید. پاستا را تا مرحله (Al dente) بپزید و سپس آبکش کنید. | اسپاگتی را با سس بولونیز آماده شده مخلوط کرده و در صورت تمایل با پنیر پارمزان رنده شده سرو نمایید."
"dish-11-1766972486976","Vareniki (وارنیکی - اوکراین)","international","وارنیکی یکی از محبوب‌ترین غذاهای سنتی اوکراین است که از خمیر نازک پر شده با مواد متنوع تهیه می‌شود. در این نسخه کلاسیک، خمیر با ترکیبی از سیب‌زمینی پخته و پیاز داغ پر شده و در نهایت با خامه ترش و شوید تازه سرو می‌گردد.","balanced","undefined","فلفل سیاه (برای شور)|دارچین (برای شیرین)","420","60","متوسط","اوکراین","آرد سفید:375:گرم | آب گرم:240:میلی‌لیتر | تخم‌مرغ:1:عدد | نمک و فلفل و زردچوبه:1:به میزان لازم | سیب‌زمینی پخته:500:عدد | پیاز داغ:1:عدد | کره:80:گرم | نمک و فلفل و زردچوبه:1:به میزان لازم | خامه ترش:150:میلیلیتر | شوید تازه خرد شده:50:گرم","آرد را با مقداری نمک مخلوط کرده، تخم‌مرغ و آب گرم را به آن اضافه کنید و ورز دهید تا خمیری نرم، لطیف و یکدست حاصل شود. خمیر را در ظرفی قرار داده، روی آن را بپوشانید و ۳۰ دقیقه استراحت دهید. | برای تهیه مواد میانی، سیب‌زمینی‌های پخته شده را کاملاً له کنید. نیمی از کره را در تابه ذوب کرده، پیاز داغ را به آن اضافه کنید و سپس با سیب‌زمینی، نمک و فلفل مخلوط نمایید تا یکدست شوند. | خمیر را روی سطح آردپاشی شده به قطر حدود ۲ میلی‌متر با وردنه باز کنید. با استفاده از یک لیوان یا کاتر گرد، دایره‌هایی به قطر ۷ تا ۸ سانتی‌متر از خمیر برش بزنید. | در مرکز هر دایره خمیری، حدود یک قاشق چایخوری از مواد میانی قرار دهید. لبه‌های خمیر را روی هم آورده و با انگشت یا چنگال محکم فشار دهید تا به شکل نیم‌دایره کاملاً بسته شود. | یک قابلمه بزرگ آب را با کمی نمک به جوش آورید. وارنیکی‌ها را به آرامی در آب جوش بریزید. زمانی که وارنیکی‌ها روی سطح آب شناور شدند (حدود ۳ تا ۵ دقیقه)، آن‌ها را با یک کفگیر سوراخ‌دار خارج کنید. | وارنیکی‌ها را در دیس سرو چیده، باقی‌مانده کره را ذوب کرده و روی آن‌ها بریزید. در نهایت با خامه ترش و شوید تازه خرد شده تزیین و به صورت گرم سرو کنید."
"dish-12-1766794336336","آش شلغم (درمانی)","ash","یک آش سنتی و مقوی ایرانی که به دلیل خواص فراوان شلغم، بهترین گزینه برای درمان سرماخوردگی، سرفه و تقویت سیستم ایمنی بدن در فصول سرد سال است.","hot","گرم و تر","زیره و فلفل سیاه","320","60","آسان","ایران","شلغم:500:گرم | ماش:100:پیمانه | برنج نیم‌دانه:180:پیمانه | گشنیز و اسفناج خرد شده:300:گرم | پیاز:1:عدد | آب:1500:میلیلیتر | روغن زیتون:30:قاشق | نمک و فلفل و زردچوبه:1:به میزان لازم | نمک و فلفل و زردچوبه:1:به میزان لازم","پیاز را به صورت نگینی ریز خرد کرده و در قابلمه با مقداری روغن و زردچوبه تفت مختصری دهید تا سبک و شفاف شود. | ماش و برنج نیم‌دانه را که از قبل شسته‌اید، به همراه ۱.۵ لیتر آب به پیازها اضافه کنید و اجازه دهید با حرارت متوسط بپزند تا نیم‌پز شوند. | شلغم‌ها را پوست گرفته، به صورت مکعبی خرد کرده و به قابلمه بیفزایید تا به همراه سایر مواد نرم شوند. | گشنیز و اسفناج خرد شده را به همراه نمک به آش اضافه کرده و حرارت را ملایم کنید. | اجازه دهید آش با حرارت کم کاملاً جا افتاده و غلیظ شود، سپس آن را به صورت گرم میل نمایید."
"dish-12-1766799342396","لوبیاپلو با گوشت تکه‌ای","polo","غذای مجلسی ایرانی با لوبیا سبز تازه و تکه‌های گوشت گوسفندی و عطر دارچین.","balanced","معتدل مایل به سرد","دارچین، زیره سیاه، گل سرخ","580","150","متوسط","ایران","برنج:4:پیمانه | لوبیا سبز خرد شده:400:گرم | گوشت گوسفندی تکه‌ای:300:گرم | رب گوجه فرنگی:3:قاشق","گوشت را با پیاز بپزید. لوبیا را تفت داده و به گوشت و رب اضافه کنید. | برنج را آبکش کنید. | لایه لایه برنج، مایه گوشت و پودر دارچین بریزید و دم کنید."
"dish-12-1766876956936","کشک بادمجان","khorak","کشک بادمجان یکی از اصیل‌ترین و محبوب‌ترین پیش‌غذاهای ایرانی است که با ترکیب بادمجان سرخ‌شده یا کبابی، کشک، پیاز داغ و سیر تهیه می‌شود و طعمی بی‌نظیر دارد.","hot","گرم و خشک","سیر، نعنا داغ، گردو","380","60","متوسط","ایران","بادمجان قلمی:750:عدد | کشک غلیظ:240:میلیلیتر | پیاز بزرگ:2:عدد | سیر:4:حبه | نعنا خشک:10:گرم | گردوی خرد شده:45:گرم | روغن مایع:1:به میزان لازم | نمک و فلفل و زردچوبه:1:به میزان لازم | نمک و فلفل سیاه و زرد چوبه:1:به میزان لازم","ابتدا بادمجان‌ها را پوست گرفته، ورقه کنید و مقداری نمک روی آن‌ها بپاشید تا تلخی آن‌ها گرفته شود. پس از ۳۰ دقیقه آن‌ها را شسته و خشک کنید. | بادمجان‌ها را در روغن داغ سرخ کنید تا دو طرف آن‌ها طلایی شود (یا برای رژیمی بودن، آن‌ها را در فر یا روی گاز کبابی کنید). | پیازها را خلالی خرد کرده و در تابه تفت دهید تا طلایی و سبک شوند. نیمی از آن را برای تزیین کنار بگذارید. | سیرهای له شده را به پیازهای داخل تابه اضافه کرده و تفت دهید تا عطر آن‌ها خارج شود، سپس زردچوبه و فلفل سیاه را اضافه کنید. | نعنا خشک را در کمی روغن به مدت ۳۰ ثانیه تفت دهید (نعنا داغ) و نیمی از آن را به مخلوط پیاز و سیر اضافه کنید. | بادمجان‌های سرخ شده را کاملاً بکوبید تا له شوند، سپس به تابه اضافه کرده و با پیاز و سیر تفت دهید. | کمی آب جوش (حدود ۱۰۰ میلی‌لیتر) اضافه کرده و درب تابه را بگذارید تا بادمجان‌ها با حرارت ملایم مغزپخت و نرم شوند. | کشک را با کمی آب رقیق کرده، به تابه اضافه کنید و خوب هم بزنید. اجازه دهید ۱۰ دقیقه روی حرارت بماند تا آب اضافی آن کشیده شود. | گردوی خرد شده را اضافه کرده و پس از چند دقیقه حرارت را خاموش کنید. کشک بادمجان را در ظرف ریخته و با پیاز داغ، نعنا داغ، سیر داغ و گردو تزیین کنید."
"dish-12-1766877137847","کوفته سبزی شیرازی","khorak","کوفته سبزی شیرازی یکی از اصیل‌ترین و لذیذترین غذاهای سنتی شهر شیراز است که به دلیل استفاده از سبزیجات معطر فراوان و ترکیب برنج و نخود، عطری بی‌نظیر و بافتی منسجم دارد. این غذا معمولاً در مهمانی‌های خاص و به عنوان یک وعده کامل سرو می‌شود.","hot","گرم و خشک","ماست، دوغ، آبلیمو","480","120","متوسط","ایران","گوشت چرخ کرده:400:گرم | نخود آبگوشتی:200:گرم | برنج نیم‌دانه:360:پیمانه | سبزی کوفته (تره، جعفری، شوید، مرزه، ترخون):500:گرم | پیاز:2:عدد | کشمش و گردو:100:گرم | نمک و فلفل و زردچوبه:0:به میزان لازم | آب:1500:میلیلیتر | روغن زیتون:60:قاشق","نخود و برنج را از شب قبل در ظرف‌های جداگانه خیس کنید و چندین بار آب آن‌ها را عوض کنید تا نفخ نخود گرفته شود. | نخود و برنج را در آبکش ریخته و پس از آنکه آب اضافی‌شان کاملاً خارج شد، آن‌ها را با آسیاب یا چرخ‌گوشت به صورت نیم‌کوب خرد کنید؛ دقت کنید که نباید کاملاً له یا آرد شوند. | یکی از پیازها را با رنده ریز رنده کرده و آب آن را کاملاً بگیرید. گوشت چرخ‌کرده را با پیاز رنده شده، مخلوط برنج و نخود نیم‌کوب، نیمی از سبزیجات خرد شده و ادویه‌ها (نمک، فلفل، زردچوبه) در یک ظرف بزرگ ترکیب کنید. | مایه کوفته را حدود ۱۰ دقیقه با دست ورز دهید تا کاملاً چسبنده و منسجم شود. این مرحله برای باز نشدن کوفته‌ها در آب بسیار حیاتی است. | پیاز دوم را به صورت خلالی خرد کرده و در قابلمه‌ای بزرگ با روغن تفت دهید تا طلایی شود. سپس زردچوبه، باقی‌مانده سبزیجات و آب را اضافه کنید و اجازه دهید تا آب به جوش بیاید. | به اندازه یک پرتقال متوسط از مایه کوفته برداشته، در دست گرد کنید و وسط آن را با مقداری کشمش و گردو پر کنید. کوفته را دوباره ببندید و به آرامی در سس در حال جوش قرار دهید. | پس از قرار دادن تمام کوفته‌ها، حرارت را کم کرده و اجازه دهید به مدت ۹۰ تا ۱۲۰ دقیقه با درِ نیمه‌باز قابلمه مغزپخت شوند تا سس غلیظ شده و کوفته‌ها روغن بیندازند."
"dish-12-1766881812358","حلیم بادمجان اصفهان","khorak","حلیم بادمجان یکی از اصیل‌ترین و لذیذترین غذاهای سنتی اصفهان است که به دلیل استفاده از گوشت سردست گوسفندی و کوبیدن فراوان، بافتی بسیار کش‌دار و طعمی منحصر‌به‌فرد دارد. این غذا معمولاً با نان تازه و سبزی خوردن سرو می‌شود.","hot","گرم و خشک","کشک، روغن حیوانی، شربت سکنجبین","480","150","متوسط","ایران","بادمجان قلمی:1000:عدد | گوشت سر دست گوسفندی:300:گرم | برنج نیم‌دانه:180:پیمانه | پیاز بزرگ:2:عدد | کشک:200:میلیلیتر | نعنا خشک:15:گرم | نمک و فلفل و زردچوبه:1:به میزان لازم | نمک و فلفل و زردچوبه:1:به میزان لازم | نمک و فلفل و زردچوبه:1:به میزان لازم | چوب دارچین:1:قطعه | گردوی خرد شده برای تزیین:50:گرم | روغن مایع:1:به میزان لازم | آب:1200:میلیلیتر","پیازها را نگینی خرد کرده و در روغن تفت دهید تا کاملاً طلایی شوند؛ نیمی از پیاز داغ را برای تزئین نهایی کنار بگذارید. | گوشت سردست را به همراه زردچوبه، چوب دارچین و حدود ۸۰۰ میلی‌لیتر آب روی حرارت قرار دهید تا کاملاً پخته و نرم شود. پس از پخت، چوب دارچین را خارج کرده و گوشت را ریش‌ریش کنید. | بادمجان‌ها را پوست گرفته، تلخی آن‌ها را بگیرید و در روغن سرخ کنید. سپس آن‌ها را با مقداری از آب گوشت بپزید تا کاملاً نرم و له شوند. | برنج نیم‌دانه را با حدود ۴۰۰ میلی‌لیتر آب بپزید تا دانه‌ها کاملاً باز شده و برنج به اصطلاح شفته و وا رفته شود. | گوشت ریش‌ریش شده، بادمجان‌های پخته و برنج شفته را در یک قابلمه با هم مخلوط کرده و با گوشت‌کوب دستی به خوبی بکوبید تا مواد یکدست شده و حالت کش‌دار پیدا کنند. | کشک را با مقداری آب رقیق کرده و به مخلوط اضافه کنید. قابلمه را ۱۰ تا ۱۵ دقیقه روی حرارت ملایم قرار داده و مدام هم بزنید تا طعم‌ها ترکیب شده و غذا جا بیفتد. | در انتها حلیم بادمجان را در ظرف مناسب کشیده و با نعنا داغ، پیاز داغ، گردوی خرد شده و کمی پودر دارچین تزیین و سرو نمایید."
"dish-12-1766883317767","خورش گردو (فسنجان بدون گوشت)","stew","یک نسخه گیاهی و بسیار خوشمزه از خورش اصیل فسنجان که در آن از قارچ دگمه‌ای به جای گوشت استفاده شده است. این خورش با گردوی فراوان و رب انار تهیه شده و گزینه‌ای عالی برای گیاهخواران است.","hot","گرم و خشک","رب انار ترش، سکنجبین، گشنیز","485","180","متوسط","ایران","مغز گردوی چرخ‌کرده:300:گرم | رب انار:45:قاشق | پیاز رنده‌شده:1:عدد | شکر:30:به میزان لازم | قارچ دگمه ای:250:گرم | نمک و فلفل و زردچوبه:1:به میزان لازم | نمک و فلفل و زردچوبه:1:به میزان لازم | آب سرد:720:لیتر | زعفران دم‌کرده:1:به میزان لازم","گردوی چرخ‌کرده را همراه با پیاز رنده‌شده و زردچوبه در یک قابلمه ریخته و بدون اضافه کردن روغن، روی حرارت ملایم کمی تفت دهید تا بوی خامی گردو گرفته شده و کمی روغن پس دهد. | آب سرد را به قابلمه اضافه کنید و اجازه دهید خورش با حرارت بسیار ملایم به جوش بیاید تا گردوها به آرامی پخته شوند و روغن بیندازند. | برای شوک حرارتی و خروج بهتر روغن گردو، هر ۳۰ دقیقه یک تکه یخ کوچک به خورش در حال جوش اضافه کنید. | پس از حدود ۲ ساعت که گردوها پختند و خورش به روغن افتاد، رب انار، شکر (بسته به ذائقه) و زعفران دم‌کرده را اضافه کنید. | قارچ‌های دگمه‌ای را در تابه‌ای جداگانه با مقدار بسیار کمی روغن تفت دهید تا آب آن‌ها کشیده شود و سپس در ۳۰ دقیقه پایانی پخت به قابلمه خورش اضافه کنید. | اجازه دهید خورش کاملاً غلیظ شده و روغن تیره گردو روی سطح آن جمع شود، سپس همراه با چلو زعفرانی سرو نمایید."
"dish-12-1766883592583","خورش بادمجان با غوره","stew","خورش بادمجان با غوره یکی از اصیل‌ترین و لذیذترین خورش‌های سفره ایرانی است که ترکیب بادمجان سرخ شده و طعم ترش و جذاب غوره در کنار گوشت مغزپخت، طعمی بی‌نظیر به آن می‌بخشد.","hot","گرم و خشک (غوره کمی از شدت گرمی می‌کاهد)","زیره سیاه و شکر (در صورت تمایل به ملس شدن)","465","120","متوسط","ir","بادمجان متوسط:800:عدد | گوشت خورشتی:500:گرم | غوره تازه (بدون دم):100:قاشق | رب گوجه فرنگی:50:قاشق | پیاز بزرگ:1:عدد | رب گوجه فرنگی:2:قاشق | زعفران دم‌کرده:0:به میزان لازم | نمک و فلفل و زردچوبه:0:به میزان لازم | روغن زیتون:60:قاشق","بادمجان‌ها را پوست کنده و به صورت طولی برش دهید، سپس در آب نمک قرار دهید تا تلخی آن‌ها گرفته شود. پس از ۳۰ دقیقه، آن‌ها را شسته، خشک کرده و در روغن زیتون سرخ کنید. | پیاز را نگینی خرد کرده و در قابلمه با مقداری روغن تفت دهید تا سبک و طلایی شود، سپس گوشت خورشتی را اضافه کرده و همراه با زردچوبه و فلفل تفت دهید تا تغییر رنگ دهد. | رب گوجه‌فرنگی را به مخلوط گوشت و پیاز اضافه کرده و کمی سرخ کنید تا بوی خامی آن گرفته شده و رنگ باز کند، سپس ۳ لیوان آب جوش اضافه کرده و اجازه دهید گوشت با حرارت ملایم بپزد. | گوجه‌فرنگی‌ها را به صورت حلقه‌ای برش داده و در تابه به صورت جداگانه کمی سرخ کنید تا فرم خود را حفظ کنند. | در نیم ساعت آخر پخت گوشت، بادمجان‌های سرخ شده، گوجه‌فرنگی‌های حلقه‌ای و غوره‌ها را به آرامی روی خورش بچینید. | زعفران دم‌کرده و نمک را به خورش اضافه کنید و اجازه دهید خورش با حرارت بسیار کم کاملاً جا بیفتد و غلیظ شود."
"dish-12-1766883843657","خورش ریواس با مرغ","stew","خورش ریواس با مرغ یک غذای اصیل و لذیذ ایرانی است که ترکیبی از طعم ترش و ملس ریواس فصلی با عطر سبزیجات معطر و زعفران است.","cold","سرد و خشک","زعفران، نبات یا عسل (بعد از غذا)","420","75","متوسط","ir","سینه یا ران مرغ:800:گرم | ریواس:500:گرم | پیاز بزرگ:1:عدد | جعفری خرد شده:150:گرم | نعناع:50:قاشق | زعفران دم‌کرده:1:به میزان لازم | نمک و فلفل و زردچوبه:1:به میزان لازم | روغن زیتون:45:قاشق | آب:600:میلیلیتر","پیاز را به صورت نگینی خرد کرده و در قابلمه با مقداری روغن تفت دهید تا سبک و طلایی شود. | تکه‌های مرغ را به پیاز اضافه کرده و تفت دهید تا دو طرف آن‌ها کمی سرخ شده و تغییر رنگ دهند. | زردچوبه، نمک و فلفل را به مرغ اضافه کرده، سپس آب را بیافزایید و اجازه دهید مرغ با حرارت ملایم بپزد. | جعفری و نعناع را ساطوری خرد کرده و در یک تابه با کمی روغن تفت دهید، سپس آن‌ها را به مرغ نیم‌پز شده اضافه کنید. | پوست نازک روی ساقه‌های ریواس را جدا کرده و آن‌ها را به قطعات مساوی ۳ سانتی‌متری برش بزنید. | در ۱۵ دقیقه پایانی پخت خورش، ریواس‌های خرد شده و زعفران دم‌کرده را اضافه کنید. دقت کنید که ریواس نباید زیاد بجوشد تا شکل خود را حفظ کند. | پس از اینکه خورش کاملاً جا افتاد و روغن انداخت، نمک و فلفل آن را اندازه کرده و در ظرف مناسب همراه چلو سرو کنید."
"dish-12-1766884212693","خوراک کدو حلوایی و گردو","stew","یک خوراک سنتی، مقوی و خوش‌طعم ایرانی که از ترکیب کدو حلوایی کاراملی، گردو و عطر دلپذیر زعفران و هل تهیه می‌شود. این خوراک معمولاً به عنوان میان‌ وعده یا دسر گرم سرو می‌گردد.","balanced","معتدل (ترکیب سرد و گرم)","عسل، دارچین، هل، زیره","320","40","آسان","ir","کدو حلوایی:1000:گرم | مغز گردو خرد شده:100:پیمانه | شکر قهوه‌ای یا عسل:45:میلیلیتر | کره:30:گرم | آب:100:میلیلیتر | پودر دارچین:0:به میزان لازم | پودر هل:0:به میزان لازم | زعفران دم‌کرده:0:به میزان لازم","کدو حلوایی را پوست گرفته و به قطعات مکعبی یکسان (حدود ۳ سانتی‌متر) خرد کنید. | در یک تابه وسیع، کره را ذوب کرده و تکه‌های کدو را به آرامی در آن تفت دهید تا رنگ آن‌ها کمی تغییر کرده و نرم شوند. | ۱۰۰ میلی‌لیتر آب را به تابه اضافه کنید، درب آن را بگذارید و با حرارت ملایم اجازه دهید کدوها نیم‌پز شوند. | شکر قهوه‌ای یا عسل را به همراه پودر دارچین، پودر هل و زعفران دم‌کرده به کدوها اضافه کرده و به آرامی مخلوط کنید تا کدوها له نشوند. | مغز گردوهای خرد شده را اضافه کرده و اجازه دهید خوراک روی حرارت ملایم بماند تا آب اضافی آن کاملاً تبخیر شده و کدوها با ترکیب کره و شکر حالتی براق و کاراملی پیدا کنند. | خوراک را در ظرف مورد نظر کشیده و با کمی پودر دارچین تزیین نموده و به صورت گرم سرو کنید."
"dish-12-1766956905814","کباب بناب","kabab","کباب بناب یکی از اصیل‌ترین و لذیذترین کباب‌های آذربایجان است که به دلیل شیوه خاص خرد کردن پیاز به صورت ساطوری و ابعاد بزرگتر نسبت به کباب کوبیده معمولی مشهور است.","hot","گرم و تر","سماق، ریحان، دوغ محلی","450","45","متوسط","ایران","گوشت مخلوط گوسفند و گوساله:800:گرم | پیاز سفید:4:عدد | کره:50:گرم | نمک و فلفل سیاه و زرد چوبه:1:به میزان لازم | سماق:1:قاشق","پیازها را پوست کنده و با یک چاقوی تیز به صورت ساطوری بسیار ریز خرد کنید. توجه داشته باشید که پیاز نباید رنده شود تا آب نیندازد و بافت کباب حفظ شود. | گوشت چرخ‌کرده را در ظرفی مناسب قرار داده و پیازهای ساطوری شده را به آن اضافه کنید. | نمک و فلفل سیاه را به میزان لازم به مخلوط گوشت و پیاز اضافه نمایید. | مواد را به مدت ۱۰ تا ۱۵ دقیقه به خوبی با دست ورز دهید تا کاملاً یکدست شده و چسبندگی لازم برای چسبیدن به سیخ را پیدا کند. | مایه کباب را به مدت حداقل ۱ ساعت در یخچال قرار دهید تا استراحت کند و طعم‌ها به خورد هم بروند. | گوشت را به اندازه گلوله‌های بزرگ تقسیم کرده و به سیخ‌های پهن مخصوص بناب بکشید و با انگشتان دست روی آن شیار ایجاد کنید. | منقل زغال را آماده کنید و سیخ‌ها را روی حرارت ملایم و یکنواخت قرار دهید تا کباب‌ها مغزپخت شوند. | در حین پخت، کره را ذوب کرده و با برس روی کباب‌ها رومال کنید تا از خشک شدن آن‌ها جلوگیری کرده و کباب‌ها نرم و براق شوند. | کباب آماده شده را به همراه نان سنگک تازه، ریحان و سماق فراوان سرو کنید."
"dish-12-1766958808663","بورش (بورش - روسیه)","international","یک سوپ کلاسیک و مغذی روسی که با رنگ قرمز درخشان چغندر و ترکیبی از گوشت گوساله و سبزیجات تازه تهیه می‌شود. این سوپ معمولاً با یک قاشق خامه ترش و شوید تازه سرو می‌گردد.","balanced","معتدل و تر","خامه ترش یا شوید","425","100","متوسط","روسیه","گوشت گوساله (مکعبی خرد شده):300:گرم | چغندر متوسط (پوست کنده و رنده شده یا نواری خرد شده):400:گرم | سیب‌زمینی متوسط (مکعبی خرد شده):300:عدد | کلم برگ متوسط (نواری خرد شده):400:گرم | هویج متوسط (رنده شده):100:گرم | پیاز متوسط (خرد شده):1:عدد | سیر (له شده):2:حبه | رب گوجه فرنگی:30:قاشق | سرکه سیب (یا آبلیمو):15:میلیلیتر | آب گوشت یا آب:1.5:لیتر | روغن نباتی:30:میلی‌لیتر | نمک و فلفل سیاه و زرد چوبه:1:به میزان لازم","گوشت گوساله را با نمک و فلفل مزه‌دار کنید. در یک قابلمه بزرگ، روغن نباتی را گرم کرده و گوشت‌ها را تفت دهید تا تمام طرفین آن‌ها قهوه‌ای شود، سپس گوشت را از قابلمه خارج کنید. | پیاز خرد شده و هویج رنده شده را به همان قابلمه اضافه کنید و ۵ تا ۷ دقیقه تفت دهید تا نرم شوند. سپس چغندر را اضافه کرده و ۱۰ دقیقه دیگر به تفت دادن ادامه دهید. | رب گوجه‌فرنگی را اضافه کنید و ۲ دقیقه تفت دهید تا بوی خامی آن گرفته شود. سرکه سیب را اضافه کرده و مواد را با هم مخلوط کنید. | آب گوشت یا آب را به قابلمه اضافه کنید و گوشت‌های سرخ شده را به ظرف برگردانید. پس از به جوش آمدن، حرارت را کم کرده و به مدت ۱ ساعت با درب بسته بپزید تا گوشت کاملاً نرم شود. | سیب‌زمینی‌های مکعبی و کلم خرد شده را اضافه کرده، نمک و فلفل را اندازه کنید و ۲۰ تا ۲۵ دقیقه دیگر زمان دهید تا سبزیجات کاملاً پخته شوند. | سیر له شده را در ۵ دقیقه پایانی پخت به سوپ اضافه کنید و طعم آن را نهایتاً تنظیم نمایید. | بورش را داغ در ظرف سرو بکشید و روی آن را با یک قاشق خامه ترش و شوید تازه خرد شده تزئین کنید. این غذا معمولاً با نان چاودار سرو می‌شود."
"dish-12-1766959134380","French Onion Soup (سوپ پیاز - فرانسه)","international","یک سوپ کلاسیک و اصیل فرانسوی که از کاراملی شدن پیازها در کره طعمی عمیق و لذیذ می‌گیرد و با نان باگت تست شده و پنیر ذوب شده سرو می‌شود.","hot","گرم و تر","سرکه، آبلیمو و آویشن","450","85","متوسط","France","پیاز زرد بزرگ:4:عدد | کره:50:گرم | آب گوشت یا استخوان:1000:میلی‌لیتر | آرد سفید:15:گرم | نان باگت اسلایس شده:4:عدد | پنیر گرویر یا موزارلا:200:گرم | برگ بو:1:به میزان لازم | آویشن تازه:0:به میزان لازم | نمک و فلفل سیاه:1:به میزان لازم","پیازها را به صورت خلالی نازک خرد کنید. در یک قابلمه با کفه ضخیم، کره را ذوب کرده و پیازها را اضافه کنید. | پیازها را روی حرارت ملایم حدود ۴۵ دقیقه تفت دهید و مرتب هم بزنید تا کاملاً کاراملی و قهوه‌ای شوند. این مرحله برای طعم اصلی سوپ حیاتی است. | آرد سفید را اضافه کرده و حدود ۱ دقیقه تفت دهید تا بوی خامی آن گرفته شود. | آب گوشت، برگ بو و آویشن را اضافه کنید. اجازه دهید سوپ به جوش بیاید، سپس حرارت را کم کرده و بگذارید ۳۰ دقیقه آرام بجوشد. | برگ بو را از سوپ خارج کنید. سوپ را در کاسه‌های مناسب فر بریزید. | روی هر کاسه یک اسلایس نان باگت قرار داده و روی آن را با پنیر فراوان بپوشانید. | کاسه‌ها را در فر با حالت گریل قرار دهید تا پنیر ذوب، طلایی و حباب‌دار شود."
"dish-12-1766961078330","متبل لبنانی (Moutabal)","international","متبل یک پیش‌غذای اصیل و لذیذ لبنانی است که از ترکیب بادمجان کبابی شده با ارده و سیر تهیه می‌شود. این دیپ خوشمزه با بافت کرمی و طعم دودی، انتخابی عالی برای پذیرایی‌های بین‌المللی است.","cold","سرد و خشک","سیر | نعنا خشک | پونه | زیره","185","40","متوسط","لبنان","بادمجان بزرگ:800:گرم | طحینه:80:میلیلیتر | آبلیمو تازه:45:میلی‌لیتر | سیر له شده:2:حبه | ماست یونانی (اختیاری):20:گرم | روغن زیتون:30:قاشق | نمک و فلفل و زردچوبه:1:به میزان لازم | نمک و فلفل سیاه:1:به میزان لازم | جعفری خرد شده:20:گرم | دانه انار برای تزیین (اختیاری):25:گرم","بادمجان‌ها را روی شعله مستقیم گاز یا گریل کبابی کنید تا کاملا نرم شوند و پوستشان کاملا بسوزد تا طعم دودی به گوشت بادمجان نفوذ کند. | بادمجان‌های داغ را داخل یک کیسه پلاستیکی یا ظرف دربسته قرار دهید و ۱۰ دقیقه صبر کنید تا بخار کنند؛ این کار باعث می‌شود پوست آن‌ها به راحتی جدا شود. | پوست سوخته بادمجان‌ها را بگیرید و کلاهک آن‌ها را جدا کنید، سپس گوشت بادمجان را با چنگال یا ساطور له کنید تا بافت آن حفظ شود. | در یک ظرف مناسب، بادمجان‌های له شده را با طحینه، آبلیموی تازه، سیر له شده، ماست یونانی، نمک و فلفل سیاه مخلوط نمایید. | مواد را با قاشق یا همزن دستی به خوبی هم بزنید تا کاملا یکدست و کرمی شوند، سپس طعم آن را با توجه به ذائقه خود تنظیم کنید. | متبل را در ظرف سرو پخش کرده و با پشت قاشق یک شیار یا گودی دایره‌ای در مرکز آن برای ریختن روغن زیتون ایجاد کنید. | در نهایت روی پیش‌غذا را با روغن زیتون فراوان، جعفری تازه خرد شده و دانه‌های انار تزیین کرده و با نان پیتا سرو کنید."
"dish-12-1766961391030","پیراشکی مرغ و قارچ (روسیه)","international","پیراشکی مرغ و قارچ یک غذای خوشمزه و محبوب بین‌المللی با ریشه روسی است که از خمیر لطیف خانگی و مواد میانی غنی تهیه می‌شود و می‌تواند به صورت سرخ شده یا در فر طبخ شود.","cold","سرد و تر (مرغ و قارچ)","زیره سیاه، آویشن، فلفل سیاه","450","90","متوسط","روسیه","آرد سفید:375:گرم | خمیر مایه فوری:10:گرم | شیر ولرم:240:پیمانه | سینه مرغ پخته و ریش شده:300:گرم | قارچ اسلایس شده:200:گرم | فلفل دلمه‌ای:1:عدد | پیاز:1:عدد | رب گوجه فرنگی:30:قاشق | روغن مایع:1:به میزان لازم | زرده تخم‌مرغ برای رومال:1:عدد | نمک و ادویه:0:به میزان لازم","ابتدا خمیر مایه را با شیر ولرم مخلوط کرده و ۱۰ دقیقه زمان دهید تا عمل بیاید؛ سپس روغن مایع و آرد سفید را بتدریج اضافه کرده و ورز دهید تا خمیر لطیفی حاصل شود و ۱ ساعت در جای گرم استراحت دهید. | پیاز را نگینی خرد کرده و در تابه با کمی روغن تفت دهید تا سبک شود، سپس سینه مرغ پخته و ریش شده، قارچ اسلایس شده و فلفل دلمه‌ای خرد شده را اضافه کرده و با هم سرخ کنید. | رب گوجه فرنگی، نمک و ادویه‌ها را به مواد میانی اضافه کرده و پس از کمی تفت دادن، تابه را از روی حرارت بردارید تا مواد کاملاً خنک شوند. | خمیر را بعد از استراحت کمی ورز دهید تا هوای آن گرفته شود، سپس چانه‌های کوچک جدا کرده، پهن کنید و مقداری از مواد میانی را داخل آن قرار داده و لبه‌های خمیر را محکم ببندید. | پیراشکی‌ها را در سینی فر چرب شده چیده، با زرده تخم‌مرغ رومال کنید و در فر با دمای ۱۸۰ درجه سانتی‌گراد به مدت ۲۵ تا ۳۰ دقیقه قرار دهید تا روی آن‌ها کاملاً طلایی شود."
"dish-12-1766963128331","Spaghetti Carbonara (اسپاگتی کاربونارا - ایتالیا)","international","اسپاگتی کاربونارا یکی از اصیل‌ترین و لذیذترین پاستاهای ایتالیایی است که با ترکیبی از تخم‌مرغ، پنیر پارمزان و بیکن تهیه می‌شود. راز خوشمزگی این غذا در ایجاد سسی غلیظ و کرمی بدون استفاده از خامه است که تنها با حرارت پاستا و مخلوط تخم‌مرغ حاصل می‌شود.","hot","گرم و خشک","جعفری تازه یا آویشن","620","20","متوسط","ایتالیا","اسپاگتی:400:گرم | بیکن مرغوب:150:گرم | تخم‌مرغ کامل:2:گرم | زرده تخم‌مرغ:2:عدد | پنیر پارمزان رنده شده:100:گرم | فلفل سیاه تازه آسیاب شده:0:به میزان لازم | نمک (برای جوشاندن پاستا):0:به میزان لازم","یک قابلمه بزرگ آب را به همراه نمک به جوش آورید و اسپاگتی‌ها را طبق دستور روی بسته‌بندی بپزید تا به حالت دندان‌گیر (Al dente) برسند. | در حین پخت پاستا، بیکن‌ها را به قطعات کوچک خرد کرده و در یک تابه بزرگ روی حرارت متوسط تفت دهید تا کاملاً ترد و طلایی شوند. | در یک کاسه متوسط، تخم‌مرغ‌های کامل، زرده‌های تخم‌مرغ، پنیر پارمزان و مقدار زیادی فلفل سیاه را با هم مخلوط کنید تا یکدست شوند. | قبل از آبکش کردن پاستا، حدود نصف پیمانه از آب شور پاستا را بردارید و کنار بگذارید. سپس پاستا را آبکش کنید. | پاستای داغ را بلافاصله به تابه بیکن‌ها اضافه کرده و هم بزنید تا با چربی بیکن آغشته شود. | تابه را از روی حرارت مستقیم بردارید (این مرحله برای جلوگیری از املت شدن تخم‌مرغ حیاتی است). مخلوط تخم‌مرغ و پنیر را اضافه کرده و سریع و مداوم هم بزنید. | در صورت نیاز، کمی از آب پاستای کنار گذاشته شده را اضافه کنید تا سس حالتی خامه‌ای و روان به خود بگیرد. بلافاصله در ظرف گرم سرو کنید."
"dish-12-1766972486976","پیتزا سبزیجات (Vegetable Pizza)","international","پیتزای سبزیجات یک انتخاب سالم، مغذی و خوش‌طعم است که با استفاده از نان سبوس‌دار و ترکیبی از سبزیجات تازه تهیه می‌شود. این غذا به دلیل داشتن فیبر بالا و استفاده از پنیر کم‌چرب، گزینه‌ای مناسب برای رژیم‌های غذایی سالم و گیاه‌خواری است.","cold","undefined","سیاه دانه و زنیان","420","25","آسان","ایتالیا","خمیر پیتزا سبوس‌دار:4:عدد | قارچ ورقه‌ای:250:گرم | کدو سبز کوچک:1:گرم | کلم بروکلی خرد شده:100:گرم | فلفل دلمه‌ای رنگی:2:عدد | زیتون سیاه بدون هسته:50:گرم | پنیر پیتزا کم‌چرب:400:گرم | سس گوجه‌فرنگی خانگی:240:میلی‌لیتر","ابتدا کدو سبز و قارچ‌ها را به صورت حلقه‌ای خرد کرده و در یک تابه نچسب بدون روغن کمی تفت دهید تا آب اضافی آن‌ها کشیده شود و بافت بهتری پیدا کنند. | کلم بروکلی‌های خرد شده را به مدت ۳ دقیقه در آب جوش قرار داده (بلانچ کنید) و سپس بلافاصله در آب سرد بریزید تا رنگ سبز آن‌ها حفظ شود. | فلفل دلمه‌ای‌های رنگی را به صورت خلالی یا نگینی خرد کرده و برای چیدن روی پیتزا آماده کنید. | سس گوجه‌فرنگی خانگی را به طور مساوی روی سطح هر چهار خمیر پیتزای سبوس‌دار بمالید. | مقداری از پنیر پیتزا را روی سس بپاشید، سپس سبزیجات آماده شده شامل کدو، قارچ، بروکلی و فلفل دلمه‌ای را به زیبایی روی خمیرها بچینید. | باقیمانده پنیر پیتزا را روی سبزیجات پخش کرده و زیتون‌های سیاه را برای تزیین نهایی روی پیتزاها قرار دهید. | پیتزاها را در فری که از قبل با دمای ۱۹۰ درجه سانتی‌گراد گرم شده است، به مدت ۲۰ تا ۲۵ دقیقه قرار دهید تا نان‌ها کاملاً پخته و پنیر روی آن‌ها طلایی شود."
"dish-13-1766794336336","آش شله قلمکار","ash","آش شله قلمکار یکی از اصیل‌ترین، مقوی‌ترین و لذیذترین آش‌های سنتی ایرانی است که به دلیل داشتن گوشت ریش‌ریش شده و حبوبات متنوع، بافتی بسیار غلیظ، کشدار و طعمی منحصر‌به‌فرد دارد. این آش معمولاً در مناسبت‌های خاص و به عنوان نذری طبخ می‌شود.","hot","گرم و تر","سرکه و دارچین","520","240","سخت","ایران","گوشت گوسفندی (سردست):500:گرم | آرد نخودچی:100:قاشق | لوبیا چیتی:100:گرم | لوبیا قرمز:100:پیمانه | عدس:100:پیمانه | برنج:90:پیمانه | سبزی آش (تره، جعفری، گشنیز، ترخون، مرزه):800:گرم | پیاز:4:عدد | نمک و فلفل و زردچوبه:1:به میزان لازم | نمک و فلفل سیاه:1:به میزان لازم | نمک و فلفل و زردچوبه:1:به میزان لازم | روغن زیتون:100:قاشق | آب:2500:میلیلیتر","حبوبات (به جز عدس) را از ۲۴ ساعت قبل خیس کرده و چندین بار آب آن‌ها را عوض کنید تا نفخ آن‌ها به طور کامل گرفته شود. | گوشت را به همراه یک عدد پیاز چهار قاچ شده و مقداری زردچوبه در آب بپزید تا کاملاً نرم شود، سپس گوشت را از استخوان جدا کرده و ریش‌ریش کنید. | نخود، لوبیا قرمز و لوبیا چیتی را به صورت جداگانه یا با هم بپزید. عدس و برنج را نیز در قابلمه‌ای جداگانه با مقدار کافی آب بپزید تا برنج کاملاً له و شکفته شود. | سبزی آش را به ترکیب برنج و عدس پخته شده اضافه کنید و اجازه دهید سبزی‌ها کاملاً پخته شوند و رنگ آن‌ها تغییر کند. | حبوبات پخته شده و گوشت ریش‌ریش شده را به همراه آب گوشت صاف شده به قابلمه اصلی اضافه کنید. | پیازهای باقی‌مانده را به صورت خلالی خرد کرده و در روغن فراوان سرخ کنید تا کاملاً طلایی و ترد شوند (پیاز داغ). | نیمی از پیاز داغ را به همراه نمک، فلفل سیاه و زردچوبه به آش اضافه کرده و مواد را با گوشت‌کوب یا قاشق بزرگ مدام هم بزنید. | اجازه دهید آش با حرارت بسیار ملایم به مدت یک ساعت جا بیفتد و با هم زدن مداوم بافت آن کشدار شود، سپس در ظرف سرو ریخته و با باقی‌مانده پیاز داغ تزیین کنید."
"dish-13-1766876956936","سوسیس بندری","khorak","سوسیس بندری یکی از غذاهای نوستالژیک و تند جنوبی است که از ترکیب سوسیس، پیاز فراوان و سیب‌زمینی تهیه شده و معمولاً با نان باگت و سس تند سرو می‌شود.","hot","گرم و خشک","ترشیجات یا ماست","480","35","آسان","ایران","سوسیس آلمانی:500:گرم | پیاز بزرگ:3:عدد | رب گوجه فرنگی:45:قاشق | سیب‌زمینی متوسط:2:عدد | فلفل قرمز:0:به میزان لازم | نمک و فلفل و زردچوبه:1:به میزان لازم | روغن مخصوص سرخ کردنی:1:به میزان لازم | نمک و فلفل و زردچوبه:1:به میزان لازم | نمک و فلفل سیاه:1:به میزان لازم","پیازها را به صورت خلالی نازک خرد کرده و در روغن تفت دهید تا کاملاً سبک و طلایی شوند. | سوسیس‌ها را به صورت مورب (اریب) برش زده و در تابه دیگری با مقدار کمی روغن تفت دهید تا طلایی شوند. | سیب‌زمینی‌ها را به صورت نگینی خرد کرده، در روغن سرخ کنید و سپس کنار بگذارید. | در مرکز تابه پیازها، رب گوجه‌فرنگی را همراه با زردچوبه و فلفل قرمز تفت دهید تا بوی خامی رب گرفته شده و رنگ آن باز شود. | سوسیس و سیب‌زمینی سرخ شده را به پیاز و رب اضافه کرده، نمک و فلفل سیاه بزنید و با افزودن مقدار بسیار کمی آب جوش، اجازه دهید ۱۰ دقیقه با حرارت ملایم طعم‌ها به خورد هم بروند."
"dish-13-1766877137847","کوفته نخودچی (اراک)","khorak","کوفته نخودچی یکی از غذاهای اصیل و سنتی استان مرکزی و شهر اراک است که به دلیل داشتن آرد نخودچی بافت بسیار لطیفی دارد و چاشنی ملس سرکه و شیره انگور طعمی منحصر به فرد به آن می‌بخشد.","hot","گرم و خشک","سرکه شیره، ترشی بادمجان","720","60","متوسط","ایران","گوشت چرخ کرده:500:گرم | آرد نخودچی:350:قاشق | پیاز:2:عدد | زعفران دم‌کرده:0:به میزان لازم | نمک و فلفل و زردچوبه:1:به میزان لازم | نعنا خشک:10:گرم | سرکه:120:به میزان لازم | شیره انگور:120:پیمانه | آب یا استاک گوشت:720:میلی‌لیتر | روغن مایع:1:به میزان لازم","یکی از پیازها را با رنده ریز رنده کرده و آب آن را کاملاً جدا کنید تا باعث وا رفتن کوفته‌ها نشود. | گوشت چرخ‌کرده را در کاسه‌ای بزرگ با پیاز رنده شده، نمک، فلفل، زردچوبه و زعفران دم‌کرده مخلوط کنید. | آرد نخودچی را کم‌کم به مایه گوشت اضافه کرده و حدود ۱۰ دقیقه به خوبی ورز دهید تا مایه منسجم شده و دیگر به دست نچسبد. | از مایه آماده شده گلوله‌هایی به اندازه گردو برداشته، در دست کاملاً گرد کنید و در تابه با مقداری روغن تفت دهید تا سطح آن‌ها طلایی شود و خودشان را بگیرند. | پیاز دوم را نگینی خرد کرده و در قابلمه تفت دهید تا سبک شود؛ سپس کمی زردچوبه و نعنا خشک را اضافه کرده و بلافاصله آب یا استاک گوشت را بریزید تا به جوش بیاید. | کوفته‌های سرخ شده را به آرامی درون سس در حال جوش قرار داده و حرارت را ملایم کنید تا به مدت ۴۰ دقیقه مغزپخت شوند. | در ۲۰ دقیقه پایانی پخت، سرکه و شیره انگور را با هم مخلوط کرده و به عنوان چاشنی به قابلمه اضافه کنید تا طعم ملس نهایی به خورد کوفته‌ها برود."
"dish-13-1766881812358","ماهی گردبیج","khorak","ماهی گردبیج یکی از اصیل‌ترین و محبوب‌ترین غذاهای دریایی استان گیلان است که در آن ماهی سفید با ترکیبی لذیذ از گردو، رب انار و سبزیجات معطر محلی پر شده و به صورت کبابی یا در فر طبخ می‌شود.","balanced","سرد و تر (به سمت اعتدال با مصلحات)","گردو، فلفل سیاه، سیر، زیتون پرورده","1400","60","متوسط","ایران","ماهی سفید درسته ۱ عدد:1:عدد | گردوی آسیاب شده:200:گرم | سبزی‌های معطر محلی (چوچاق، خالواش) یا گشنیز و نعنا:50:گرم | رب انار:30:قاشق | سیر رنده شده:3:حبه | نمک و فلفل سیاه و زرد چوبه:1:به میزان لازم | روغن یا کره:30:گرم | گلپر:0:به میزان لازم","ابتدا ماهی سفید را تمیز کرده، پولک‌های آن را بگیرید و داخل شکم را خالی کنید. ماهی را شسته و با دستمال مخصوص کاملاً خشک کنید. | در یک ظرف مناسب، گردوی آسیاب شده، سبزیجات معطر ساطوری شده، رب انار ملس، سیر رنده شده، گلپر، نمک و فلفل سیاه را با هم مخلوط کنید تا خمیر یکدستی حاصل شود. | داخل شکم ماهی را با مقدار کمی نمک و فلفل مزه‌دار کنید، سپس مواد میانی را داخل شکم ماهی پر کنید. | لبه‌های شکم ماهی را با نخ و سوزن تمیز به آرامی بدوزید تا مواد در هنگام پخت از آن خارج نشود. | کف سینی فر را با کمی روغن چرب کرده و ماهی را در آن قرار دهید. روی ماهی را با کمی کره یا روغن چرب کنید. | سینی را در فر که از قبل با دمای ۱۸۰ درجه سانتی‌گراد گرم شده است، به مدت ۴۵ تا ۶۰ دقیقه قرار دهید تا ماهی کاملاً مغزپخت و پوست آن طلایی شود. | ماهی آماده شده را در ظرف مورد نظر قرار داده، نخ را به آرامی جدا کنید و همراه با کته شمالی و نارنج تازه سرو کنید."
"dish-13-1766883317767","خورش گردو و کدو تنبل","stew","یک خورش اصیل و مجلسی ایرانی که با طعم ملس و عطر زعفران، جایگزینی جذاب برای فسنجان سنتی است. ترکیب گردو و کدو تنبل بافتی غلیظ و طعمی منحصر به فرد ایجاد می‌کند.","hot","گرم و خشک","انار ترش، سکنجبین، آب‌لیمو","520","120","متوسط","ایران","مغز گردو:300:پیمانه | کدو تنبل پوست کنده و خرد شده:500:گرم | سینه یا ران مرغ:600:گرم | پیاز بزرگ:1:عدد | رب انار:30:قاشق | شکر (در صورت تمایل):15:به میزان لازم | زعفران دم‌کرده:1:به میزان لازم | روغن مایع:1:به میزان لازم | آب سرد:1000:لیتر | نمک و فلفل سیاه و زرد چوبه:1:به میزان لازم","ابتدا مغز گردوها را کاملاً آسیاب کنید تا خمیری و یکدست شوند. | پیاز را ریز رنده کنید و در قابلمه با کمی روغن تفت دهید تا سبک و شفاف شود، سپس گردوی آسیاب شده را اضافه کرده و ۲ دقیقه دیگر تفت دهید تا بوی خامی گردو گرفته شود. | ۱۰۰۰ میلی‌لیتر آب سرد را به گردوها اضافه کرده و اجازه دهید با حرارت بسیار ملایم به مدت حداقل ۱ ساعت بجوشد تا گردوها روغن بیندازند. | تکه‌های مرغ را با نمک، فلفل و زردچوبه در تابه جداگانه تفت دهید تا طلایی شوند و سپس به قابلمه خورش اضافه کنید. | کدو تنبل‌های خرد شده را در کمی روغن تفت دهید تا هنگام پخت فرم خود را حفظ کنند و له نشوند؛ سپس در ۴۵ دقیقه پایانی پخت به خورش اضافه کنید. | در انتهای پخت، رب انار، شکر و زعفران دم‌کرده را اضافه کرده و اجازه دهید خورش به مدت ۳۰ دقیقه دیگر با حرارت ملایم جا بیفتد و غلیظ شود."
"dish-13-1766883592583","خورش بادمجان شکم پر","stew","یک غذای اصیل و مجلسی ایرانی با طعمی ملس و لذیذ که از ترکیب بادمجان‌های سرخ شده و مغز گوشت، گردو و سبزیجات معطر تهیه می‌شود.","hot","گرم و خشک","ماست، دوغ یا سکنجبین","420","70","متوسط","ir","بادمجان دلمه‌ای کوچک یا قلمی ضخیم:800:گرم | گوشت چرخ کرده:250:گرم | پیاز:2:عدد | گردو خرد شده:100:پیمانه | سبزی معطر (نعنا، جعفری، چوچاق):100:گرم | رب انار:60:قاشق | رب گوجه فرنگی:45:قاشق | سیر:3:حبه | نمک و فلفل و زردچوبه:0:به میزان لازم","بادمجان‌ها را پوست بگیرید (کلاهک را برای زیبایی کار نگه دارید)، یک شکاف طولی روی آن‌ها ایجاد کنید و به مدت ۳۰ دقیقه در آب نمک قرار دهید تا تلخی‌شان گرفته شود. سپس آن‌ها را خشک کرده و در روغن داغ به صورت کامل سرخ کنید. | یک عدد پیاز را رنده کرده و در تابه تفت دهید تا سبک شود. سپس گوشت چرخ‌کرده، سیر له شده، گردوی خرد شده، سبزیجات معطر و ادویه‌ها را اضافه کرده و به خوبی تفت دهید تا مواد کاملاً یکدست و سرخ شوند. | داخل شکم بادمجان‌های سرخ شده را با مایه گوشتی آماده شده پر کنید. | برای تهیه سس خورش، پیاز دوم را به صورت نگینی خرد کرده و تفت دهید. رب گوجه فرنگی و رب انار را اضافه کرده و کمی تفت دهید تا بوی خامی آن‌ها گرفته شود. سپس حدود ۵۰۰ میلی‌لیتر آب به آن اضافه کنید تا سس رقیقی به دست آید. | بادمجان‌های شکم‌پر را با دقت درون سس بچینید. درب ظرف را بگذارید و اجازه دهید خورش با حرارت ملایم به مدت ۴۰ دقیقه بپزد تا سس غلیظ شده و بادمجان‌ها کاملاً مغزپخت شوند."
"dish-13-1766883843657","خورش ساک (گلستان)","stew","خورش ساک یکی از اصیل‌ترین و خوشمزه‌ترین غذاهای سنتی استان گلستان و شهر گرگان است. این خورش خوش‌عطر با ترکیب گوشت، اسفناج فراوان و نخود تهیه می‌شود و به دلیل استفاده از آب نارنج، طعمی ملس و منحصر‌به‌فرد دارد که معمولاً همراه با پلو یا زرشک‌پلو سرو می‌شود.","balanced","معتدل مایل به سرد","fلفل سیاه و سیر","420","150","متوسط","ir","گوشت گوسفندی با استخوان یا ماهیچه:500:گرم | اسفناج:1000:گرم | نخود خام:200:گرم | پیاز:1:عدد | سیر:4:حبه | آرد گندم:20:گرم | آب نارنج:120:میلیلیتر | روغن زیتون:45:قاشق | نمک و فلفل و زردچوبه:1:به میزان لازم | نمک و فلفل و زردچوبه:1:به میزان لازم | نمک و فلفل و زردچوبه:1:به میزان لازم","نخودها را از شب قبل خیس کنید. سپس آن‌ها را با مقداری آب بپزید و پس از پخت، پوست رویی نخودها را جدا کنید (این مرحله برای شفافیت و کیفیت خورش ساک ضروری است). | پیاز را به صورت نگینی خرد کرده و در قابلمه با کمی روغن تفت دهید تا سبک و طلایی شود. | گوشت گوسفندی را به پیاز اضافه کرده و با زردچوبه و فلفل سیاه تفت دهید تا تغییر رنگ دهد. سپس مقداری آب جوش اضافه کرده و اجازه دهید گوشت با حرارت ملایم بپزد. | اسفناج‌ها را شسته و درشت خرد کنید. آن‌ها را در تابه جداگانه‌ای با کمی روغن تفت دهید تا حجمشان کم شود و سپس به قابلمه گوشت نیم‌پز اضافه کنید. | نخودهای پخته و پوست‌گرفته را به خورش بیفزایید. | آرد گندم را در مقداری آب سرد کاملاً حل کنید تا گلوله نشود، سپس آن را به آرامی به خورش اضافه کنید تا باعث لعاب‌دار شدن و غلظت خورش شود. | سیرها را خرد کرده و با کمی روغن سرخ کنید (سیرداغ تهیه کنید). | در ۲۰ دقیقه پایانی پخت، سیرداغ، نمک و آب نارنج را به خورش اضافه کنید. حرارت را ملایم کنید تا خورش کاملاً جا بیفتد و روغن بیندازد."
"dish-13-1766884212693","خورش قیمه نثار قزوین","stew","خورش قیمه نثار یکی از اصیل‌ترین و مجلل‌ترین غذاهای سنتی استان قزوین است که با ترکیب گوشت بره، زعفران، انواع خلال‌ها و ادویه‌های معطر تهیه شده و بر روی برنج سرو می‌شود.","hot","گرم و خشک","سالاد شیرازی، دوغ، سبزی خوردن","650","120","متوسط","ir","گوشت گوسفندی قیمه‌ای (ریز خرد شده):400:گرم | پیاز:2:عدد | رب گوجه فرنگی:40:قاشق | خلال بادام:40:گرم | خلال پسته:40:گرم | زرشک:50:پیمانه | خلال پوست پرتقال (شیرین شده):30:پیمانه | زعفران دم‌کرده غلیظ:0:به میزان لازم | شکر:20:به میزان لازم | هل:0:به میزان لازم | چوب دارچین:1:قطعه | گلاب:30:قاشق | کره:50:گرم | نمک و فلفل سیاه و زرد چوبه:1:به میزان لازم | آب جوش:600:میلیلیتر","پیازها را به صورت نگینی ریز خرد کرده و در قابلمه با مقداری روغن تفت دهید تا سبک و طلایی شوند. | گوشت گوسفندی ریز خرد شده را به پیاز اضافه کرده و به خوبی تفت دهید تا رنگ گوشت تغییر کرده و آب آن کشیده شود. | زردچوبه، فلفل سیاه و چوب دارچین را به گوشت اضافه کنید. سپس رب گوجه‌فرنگی را افزوده و تفت دهید تا بوی خامی آن گرفته شده و رنگ باز کند. | آب جوش را به قابلمه اضافه کرده و حرارت را ملایم کنید تا گوشت کاملاً پخته شده و سس خورش غلیظ و کم‌حجم شود. | خلال بادام را در مقداری گلاب خیس کنید تا کاملاً نرم و معطر شود. | زرشک را با نیمی از کره و شکر در یک تابه کوچک تفت دهید تا براق شود (دقت کنید حرارت کم باشد تا زرشک نسوزد). | خلال بادام خیس خورده، خلال پسته و خلال پوست پرتقال شیرین شده را به صورت جداگانه یا ترکیبی با باقی‌مانده کره تفت مختصری دهید. | در ۱۰ دقیقه پایانی پخت گوشت، نمک، پودر هل و نیمی از زعفران دم‌کرده را به قابلمه اضافه کنید. چوب دارچین را در این مرحله خارج کنید. | برنج را دم کنید. هنگام سرو، برنج را در دیس کشیده و گوشت پخته شده را همراه با مخلوط خلال‌ها و زرشک تفت داده شده به صورت لایه‌ای یا تزیینی روی آن قرار دهید و باقی‌مانده زعفران را روی برنج بریزید."
"dish-13-1766956905814","کباب ترش گیلانی","kabab","کباب مجلسی و خوش‌طعم خطه گیلان که گوشت راسته در سسی از گردو و رب انار مارینه می‌شود.","balanced","معتدل (مایل به سردی در صورت ترشی زیاد)","برنج زعفرانی، سیر ترشی، زیتون پرورده","550","60","متوسط","ایران","گوشت راسته گوساله یا گوسفند:600:گرم | گردوی آسیاب شده:100:گرم | رب انار:3:قاشق | سبزی محلی (چوچاق یا نعناع و جعفری):2:قاشق غذاخوری | پیاز:1:عدد | سیر:2:حبه | نمک و فلفل و زردچوبه:1:به میزان لازم | روغن زیتون:2:قاشق","گوشت را به قطعات منظم کبابی (چنجه) خرد کنید. | پیاز و سیر را رنده کرده و آب پیاز را بگیرید (تفاله پیاز باعث سوختن کباب می‌شود). | در یک کاسه بزرگ، مرغ را با گردوی آسیاب شده، رب انار، سبزیجات خرد شده، روغن زیتون، نمک و فلفل و آب پیاز مخلوط کنید. | مواد را حداقل ۴ ساعت در یخچال استراحت دهید (نمک را اضافه نکنید تا گوشت سفت نشود). | گوشت‌ها را به سیخ بکشید و روی ذغال با حرارت ملایم کباب کنید (مراقب باشید گردوها نسوزند). | در دقایق پایانی پخت نمک بپاشید و با کته سرو کنید."
"dish-13-1766958808663","Bratwurst (سوسیس برات‌ورست - آلمان)","international","سوسیس برات‌ورست یکی از اصیل‌ترین و محبوب‌ترین سوسیس‌های آلمانی است که از ترکیب گوشت چرخ‌کرده، شیر و ادویه‌های معطر تهیه می‌شود و به دلیل بافت لطیف و طعم خاصش شهرت دارد.","hot","گرم و خشک","خردل یا سرکه","480","60","متوسط","آلمان","گوشت مخلوط گاو و گوسفند:600:گرم | شیر بسیار سرد:100:پیمانه | پودر زیره سبز:0:به میزان لازم | پودر جوز هندی:0:به میزان لازم | پودر خردل:0:به میزان لازم | نمک و فلفل سفید:0:به میزان لازم | روده پاک شده طبیعی یا سلفون مخصوص:0:به میزان لازم","گوشت مخلوط گاو و گوسفند را به صورت بسیار ریز چرخ کرده و به مدت ۳۰ دقیقه در فریزر قرار دهید تا کاملاً سرد شود. | گوشت سرد شده را همراه با شیر بسیار سرد، پودر زیره سبز، پودر جوز هندی، پودر خردل، نمک و فلفل سفید در غذاساز ریخته و تا زمان به دست آمدن بافتی کرمی، یکنواخت و چسبنده میکس کنید. | خمیر سوسیس آماده شده را با استفاده از چرخ‌گوشت مجهز به نازل سوسیس‌ساز یا قیف مخصوص، درون روده طبیعی یا کاور سلفونی تزریق کنید. | سوسیس‌ها را در فواصل مشخص با استفاده از نخ آشپزی گره بزنید تا به قطعات مساوی تقسیم شوند. | سوسیس‌ها را به مدت ۲۰ دقیقه در آب با دمای ۸۰ درجه سانتی‌گراد (قبل از مرحله جوش) قرار دهید تا پخته شوند. | در نهایت سوسیس‌ها را از آب خارج کرده و روی گریل یا در تابه با مقداری روغن سرخ کنید تا سطح آن‌ها کاملاً برشته و طلایی شود."
"dish-13-1766959134380","فریتاتا (فریتاتا - ایتالیا)","international","فریتاتا یک غذای اصیل و لذیذ ایتالیایی است که از ترکیب تخم‌مرغ، خامه، سبزیجات معطر و پنیر تهیه می‌شود. این غذا بافتی نرم و پفکی دارد و گزینه‌ای عالی برای وعده صبحانه دیرهنگام یا شام سبک است.","hot","گرم و تر","ادویه‌های گرم، زیتون، سبزیجات معطر","320","25","متوسط","ایتالیا","تخم‌مرغ:8:عدد | خامه صبحانه:100:گرم | قارچ اسلایس شده:150:گرم | فلفل دلمه‌ای رنگی خرد شده:100:عدد | پنیر موزارلا یا چدار:120:گرم | پیازچه خرد شده:2:عدد | روغن زیتون:30:قاشق | نمک و ادویه ایتالیایی:0:به میزان لازم","فر را روی دمای ۱۸۰ درجه سانتی‌گراد گرم کنید. | در یک تابه مناسب که قابلیت قرار گرفتن در فر را داشته باشد، روغن زیتون را گرم کرده و قارچ و فلفل دلمه‌ای را تفت دهید تا آب قارچ کاملاً کشیده شود. | در یک کاسه بزرگ، تخم‌مرغ‌ها، خامه صبحانه، پیازچه خرد شده، نمک، ادویه ایتالیایی و نیمی از پنیر را ریخته و به خوبی هم بزنید تا یکدست شوند. | مخلوط تخم‌مرغ را روی سبزیجات تفت داده شده در تابه بریزید و سطح مواد را یکنواخت کنید. | اجازه دهید تابه چند دقیقه روی حرارت ملایم گاز بماند تا لبه‌های آن کمی سفت شود، سپس باقی‌مانده پنیر را روی آن پخش کنید. | تابه را به مدت ۱۰ تا ۱۵ دقیقه در طبقه وسط فر قرار دهید تا فریتاتا کاملاً پف کرده و روی آن طلایی شود."
"dish-13-1766961078330","Murgh Makhani (خورش مرغ کره‌ای - هند)","international","یک خوراک کلاسیک و پرطرفدار هندی که با تکه‌های مرغ مزه‌دار شده در سسی غلیظ و ابریشمی از گوجه‌فرنگی، کره و خامه تهیه می‌شود. این غذا به دلیل طعم ملایم و بافت کره‌ای‌اش در سراسر جهان محبوب است.","balanced","معتدل و تر","نعناع تازه یا هل","540","45","متوسط","هند","سینه مرغ بدون استخوان:500:گرم | زنجبیل و سیر رنده شده:3:حبه | ماست:250:میلیلیتر | پودر فلفل قرمز:0:به میزان لازم | پودر زردچوبه:0:به میزان لازم | گرم ماسالا:0:به میزان لازم | کره:100:گرم | پیاز متوسط:1:عدد | گوجه‌فرنگی پوره شده:400:میلیلیتر | خامه پرچرب:120:میلی‌لیتر | رب گوجه فرنگی:30:قاشق | پودر گشنیز:0:به میزان لازم | پودر زیره:0:به میزان لازم | عسل یا شکر:15:میلیلیتر | نمک و فلفل و زردچوبه:0:به میزان لازم","تکه‌های مرغ را در یک ظرف بزرگ با نیمی از مخلوط زنجبیل و سیر، پودر فلفل قرمز، زردچوبه، نمک و ماست ترکیب کنید و اجازه دهید حداقل ۳۰ دقیقه در یخچال بماند تا کاملاً مزه‌دار شود. | نیمی از کره را در یک قابلمه بزرگ یا تابه عمیق ذوب کنید. مرغ‌های مزه‌دار شده را اضافه کرده و تفت دهید تا رنگ آن‌ها تغییر کرده و کمی طلایی شوند، سپس مرغ‌ها را از قابلمه خارج کنید. | باقی‌مانده کره را به همان قابلمه اضافه کنید. پیاز را که به صورت نگینی ریز خرد شده اضافه کرده و تفت دهید تا کاملاً نرم و سبک شود. سپس بقیه مخلوط زنجبیل و سیر را به آن اضافه کنید. | رب گوجه‌فرنگی، پوره گوجه‌فرنگی، پودر گشنیز، زیره و نمک را به پیازها اضافه کنید. اجازه دهید سس به مدت ۱۰ تا ۱۵ دقیقه روی حرارت ملایم بجوشد تا غلیظ شده و روغن بیندازد. | مرغ‌های تفت داده شده را به سس غلیظ برگردانید. عسل (یا شکر) و ادویه گرم ماسالا را اضافه کنید و درب ظرف را بگذارید تا به مدت ۲۰ تا ۲۵ دقیقه با حرارت ملایم کاملاً مغزپخت شود. | در مرحله نهایی، خامه پرچرب را به خورش اضافه کرده و به خوبی هم بزنید. اجازه دهید خورش فقط به مدت ۱ تا ۲ دقیقه دیگر روی حرارت بماند تا خامه گرم شود (نباید بجوشد). در نهایت غذا را همراه با نان سیر یا برنج باسماتی سرو کنید."
"dish-13-1766961391030","پیتی (Piti - آذربایجان)","international","پیتی یکی از اصیل‌ترین و لذیذترین غذاهای سنتی منطقه آذربایجان است که به صورت آرام‌پز در ظرف‌های سفالی مخصوص به نام دویچه تهیه می‌شود. این غذا ترکیبی از گوشت بره، نخود و سیب‌زمینی است که با عطر زعفران و طعم بی‌نظیر دنبه همراه شده و معمولاً در دو مرحله (آب غذا و گوشت کوبیده) سرو می‌شود.","hot","گرم و تر","پیاز یا سماق","912","210","متوسط","آذربایجان","گوشت بره (با استخوان، تکه شده):600:گرم | نخود (از شب قبل خیسانده و پخته شده):200:گرم | سیب‌زمینی متوسط (مکعبی خرد شده):4:عدد | شاه‌بلوط (پخته و پوست کنده، اختیاری):100:گرم | پیاز متوسط (خلالی خرد شده):2:عدد | دنبه یا چربی گوسفند (مکعبی خرد شده):100:گرم | پودر زردچوبه:0:به میزان لازم | زعفران دم کرده:0:به میزان لازم | نمک و فلفل سیاه و زرد چوبه:1:به میزان لازم | آب:1.2:میلیلیتر | پیاز (برای سرو):1:عدد | سماق (برای سرو):0:قاشق","نخودهای از قبل خیسانده شده را به مدت ۳۰ دقیقه در آب بجوشانید تا نیم‌پز شوند، سپس آن‌ها را آبکش کنید. | در یک قابلمه سنگین یا چهار ظرف سفالی تک‌نفره (دویچه)، ابتدا دنبه‌های خرد شده را قرار داده و روی حرارت بسیار ملایم بگذارید تا کمی ذوب شده و روغن پس بدهند. | تکه‌های گوشت بره را به ظرف اضافه کنید و کمی تفت دهید تا رنگ گوشت تغییر کرده و اطراف آن طلایی شود. | نخود نیم‌پز، پیازهای خلالی، سیب‌زمینی‌های مکعبی و شاه‌بلوط‌های پوست‌کنده را به ترتیب به مواد داخل ظرف اضافه کنید. | پودر زردچوبه، نمک، فلفل سیاه و زعفران دم‌کرده را برای خوش‌رنگ و معطر شدن به مواد بیفزایید. | آب را به آرامی به ظرف اضافه کنید تا کاملاً روی سطح مواد را بپوشاند. | درب قابلمه یا ظرف‌های سفالی را با فویل یا خمیر محکم ببندید و روی حرارت بسیار ملایم (یا در فر با دمای ۱۵۰ درجه سانتی‌گراد) به مدت ۳ ساعت بپزید تا گوشت و نخود کاملاً نرم و لذیذ شوند. | هنگام سرو، ابتدا آب غلیظ غذا را در کاسه جداگانه ریخته و با نان ترید کنید. سپس مواد باقی‌مانده را در ظرف اصلی له کرده و همراه با پیاز خلالی تازه و سماق فراوان میل نمایید."
"dish-13-1766963128331","پلو هندی با ادویه تند (Spicy Indian Pilaf)","international","یک غذای اصیل و معطر هندی که با برنج دانه بلند، مرغ و ترکیبی از ادویه‌های گرمسیری تهیه شده و طعمی تند و دلپذیر دارد. این غذا برای علاقه‌مندان به غذاهای تند و پرادویه انتخابی عالی است.","hot","گرم و خشک","ماست و خیار یا دوغ","780","60","متوسط","India","برنج دانه بلند:540:پیمانه | سینه مرغ خرد شده:500:گرم | پیاز:2:عدد | سیر و زنجبیل رنده شده:2:حبه | فلفل سبز تند:3:عدد | ادویه گرم ماسالا:5:گرم | نمک و فلفل و زردچوبه:0:به میزان لازم | زیره:0:به میزان لازم | هل:0:به میزان لازم | گشنیز تازه برای تزیین:40:گرم | روغن زیتون:60:قاشق | زعفران دم‌کرده:0:به میزان لازم","ابتدا پیازها را به صورت نگینی خرد کرده و در یک تابه بزرگ با روغن زیتون تفت دهید تا کاملاً طلایی و سبک شوند. | سینه مرغ خرد شده را به پیازها اضافه کنید و تفت دهید تا رنگ مرغ تغییر کند؛ سپس مخلوط سیر و زنجبیل رنده شده را اضافه کرده و ۲ دقیقه دیگر تفت دهید. | ادویه گرم ماسالا، زردچوبه، زیره، هل و فلفل‌های سبز خرد شده را به تابه اضافه کنید و اجازه دهید عطر ادویه‌ها در اثر حرارت آزاد شود. | در قابلمه‌ای جداگانه آب را به جوش آورده و برنج را که از قبل خیس کرده‌اید اضافه کنید. برنج را زمانی که هنوز مغز آن کمی سفت است (زنده‌تر از حد معمول) آبکش کنید. | کف قابلمه کمی روغن ریخته و ته‌دیگ دلخواه را قرار دهید. سپس برنج و مخلوط مرغ و ادویه را به صورت لایه لایه داخل قابلمه بریزید. | زعفران دم‌کرده را روی سطح برنج پخش کنید، درب قابلمه را با دم‌کنی بپوشانید و اجازه دهید پلو به مدت ۴۰ دقیقه با حرارت ملایم دم بکشد. | در پایان، پلو را در دیس مورد نظر کشیده و با گشنیز تازه تزیین و سرو کنید."
"dish-14-1766794336336","آش کدو حلوایی","ash","آش کدو حلوایی یکی از غذاهای سنتی، خوشمزه و مقوی ایرانی است که به دلیل طعم ملس و بافت لطیفش، در فصل‌های پاییز و زمستان طرفداران زیادی دارد. این آش سرشار از ویتامین و فیبر است.","cold","سرد و تر","عسل، دارچین و زنجبیل","340","85","متوسط","ایران","کدو حلوایی:500:گرم | برنج:180:پیمانه | ماش:100:پیمانه | پیاز:2:عدد | شیره انگور یا شکر:45:پیمانه | دارچین و زعفران دم‌کرده به میزان لازم:0:به میزان لازم | آب:1500:میلیلیتر | روغن زیتون:30:قاشق | نمک و فلفل و زردچوبه:1:به میزان لازم","ابتدا ماش و برنج را که از قبل شسته‌اید، در یک قابلمه بزرگ ریخته و با ۱.۵ لیتر آب روی حرارت ملایم قرار دهید تا کاملاً پخته و نرم شوند. | کدو حلوایی را پوست گرفته، هسته‌های آن را جدا کنید و به قطعات کوچک تقسیم نمایید؛ سپس آن‌ها را به قابلمه اضافه کنید تا پخته شده و در بافت آش کاملاً له شوند. | پیازها را به صورت نگینی خرد کرده و در تابه با مقداری روغن تفت دهید تا طلایی و سبک شوند. | نیمی از پیاز داغ را به همراه شیره انگور (یا شکر) و زعفران دم‌کرده به قابلمه آش اضافه کرده و اجازه دهید مواد با هم بجوشند و طعم‌ها ترکیب شوند. | آش را به طور مرتب هم بزنید تا برنج و کدو باعث غلظت یافتن آش شوند و اصطلاحاً آش جا بیفتد. | در مرحله آخر، دارچین و نمک را اضافه کنید و پس از چند دقیقه حرارت دادن، آش را در ظرف مورد نظر کشیده و با باقی‌مانده پیاز داغ تزیین و سرو کنید."
"dish-14-1766799342396","ماش‌پلو","polo","یک پلوی سنتی و مقوی که برای تقویت عمومی بدن بسیار مفید است.","cold","سرد و خشک","زیره، فلفل سیاه، خرمای سرخ‌شده، نیمرو یا گوشت","480","60","آسان","ایران","برنج:4:پیمانه | ماش:1.5:پیمانه | زعفران دم‌کرده:1:به میزان لازم","ماش را بپزید تا نرم شود. برنج را در آب جوش ریخته و ماش را به آن اضافه کنید. | برنج و ماش را آبکش کرده و دم کنید. | موقع سرو با کره و زعفران تزیین کنید."
"dish-14-1766876956936","خوراک سوسیس و سیب‌زمینی","khorak","این خوراک لذیذ و سریع، ترکیبی از سوسیس‌های تفت داده شده، سیب‌زمینی‌های برشته، فلفل دلمه‌ای و قارچ است که با پنیر پیتزا و ادویه‌های معطر به یک وعده غذایی کامل و محبوب تبدیل می‌شود.","hot","گرم و تر","آبلیمو یا سماق","650","30","آسان","بین‌المللی","سوسیس کوکتل:500:گرم | سیب‌زمینی بزرگ:3:عدد | فلفل دلمه‌ای رنگی:1:عدد | قارچ اسلایس شده:200:گرم | پنیر پیتزا:150:گرم | آویشن:0:به میزان لازم | پودر سیر:0:حبه | روغن زیتون:45:قاشق | نمک و فلفل و زردچوبه:0:به میزان لازم","سیب‌زمینی‌ها را به صورت مکعبی یکسان خرد کرده و در تابه با نیمی از روغن زیتون سرخ کنید تا کاملاً طلایی و ترد شوند، سپس آن‌ها را از تابه خارج کرده و کنار بگذارید. | سوسیس‌های کوکتل را به صورت حلقه‌ای برش بزنید و در همان تابه با باقی‌مانده روغن تفت دهید تا سطح آن‌ها کاملاً سرخ شود. | فلفل دلمه‌ای خرد شده و قارچ‌های اسلایس شده را به سوسیس‌ها اضافه کنید و حرارت را کمی بالا ببرید تا آب قارچ‌ها کشیده شده و سبزیجات نرم شوند. | سیب‌زمینی‌های سرخ شده را به تابه برگردانید و نمک، فلفل، زردچوبه، پودر سیر و آویشن را روی مواد بپاشید و به خوبی هم بزنید تا طعم ادویه‌ها به خورد تمامی مواد برود. | در مرحله نهایی، پنیر پیتزا را به طور یکنواخت روی سطح خوراک پخش کنید. درب تابه را ببندید و اجازه دهید با حرارت ملایم به مدت ۲ دقیقه بماند تا پنیر کاملاً ذوب شود؛ سپس گرم سرو کنید."
"dish-14-1766877137847","کوفته هلو (شیراز)","khorak","کوفته هلو یکی از اصیل‌ترین و لذیذترین غذاهای سنتی شهر شیراز است. این کوفته به دلیل استفاده از هویج و زردچوبه رنگی متمایل به نارنجی دارد و به همین دلیل به نام هلو شناخته می‌شود. طعم این غذا ملس (ترش و شیرین) است و مغز آن با آلو و گردو پر می‌شود.","balanced","معتدل رو به گرم (به دلیل هویج)","آبلیمو، آبغوره","450","70","متوسط","ایران","گوشت چرخ کرده:400:گرم | هویج رنده شده:400:گرم | آرد نخودچی:40:قاشق | پیاز:2:عدد | شکر:30:به میزان لازم | آبلیمو یا سرکه:30:به میزان لازم | آلو بخارا:100:عدد | گردوی آسیاب شده:50:گرم | روغن مایع:1:به میزان لازم | آب:600:میلیلیتر | نمک و فلفل و زردچوبه:1:به میزان لازم | نمک و فلفل و زردچوبه:1:به میزان لازم | نمک و فلفل و زردچوبه:1:به میزان لازم | زعفران:1:به میزان لازم","ابتدا هویج‌ها را با رنده بسیار ریز رنده کرده و سپس با فشار دست، آب اضافی آن‌ها را کاملاً بگیرید تا باعث وا رفتن کوفته نشود. | یکی از پیازها را رنده کرده و آب آن را کاملاً جدا کنید. پیاز دیگر را به صورت خلالی خرد کرده و برای تهیه سس کنار بگذارید. | در یک ظرف بزرگ، گوشت چرخ‌کرده، هویج رنده شده، پیاز رنده شده، آرد نخودچی، نمک، فلفل و زردچوبه را با هم مخلوط کرده و به مدت حداقل ۱۰ دقیقه خوب ورز دهید تا مایه ای منسجم و چسبنده به دست آید. | از مایه گوشتی به اندازه یک هلوی متوسط برداشته، کف دست پهن کنید و میان آن یک عدد آلو بخارا و مقداری گردو قرار دهید. سپس مایه را جمع کرده و به شکل گرد یا بیضی فرم دهید. | در یک قابلمه مناسب، پیاز خلالی را با روغن تفت دهید تا طلایی شود. سپس کمی زردچوبه و در صورت تمایل مقداری رب گوجه‌فرنگی اضافه کرده و تفت دهید. در نهایت آب را اضافه کنید و اجازه دهید سس به جوش بیاید. | کوفته‌ها را به آرامی و یکی‌یکی در سس در حال جوش قرار دهید. حرارت را ملایم کنید و اجازه دهید کوفته‌ها به مدت ۴۵ تا ۶۰ دقیقه کاملاً پخته و مغزپخت شوند. | در ۱۰ دقیقه پایانی پخت، مخلوط شکر، آبلیمو (یا سرکه) و زعفران دم‌کرده را به سس اضافه کنید تا طعم ملس و عطر عالی به غذا بدهد. پس از جا افتادن سس، غذا آماده سرو است."
"dish-14-1766881812358","کوکو کدو سبز (ایران)","khorak","کوکو کدو سبز یکی از غذاهای گیاهی، سبک و بسیار خوشمزه ایرانی است که به دلیل کالری پایین و زمان پخت کوتاه، گزینه‌ای عالی برای وعده شام یا پیش‌غذا محسوب می‌شود. این کوکو با عطر شوید و سیر، طعمی منحصربه‌فرد دارد.","cold","سرد و تر","ادویه‌های گرم، زیره سیاه، نعناع داغ، سیر، ماست چکیده موسیردار","480","30","آسان","ایران","کدو سبز متوسط:800:گرم | تخم مرغ:4:عدد | پیازچه یا پیاز:1:عدد | آرد گندم یا آرد سوخاری:25:گرم | شوید تازه یا خشک:10:گرم | سیر رنده‌شده:2:حبه | نمک و فلفل سیاه و زرد چوبه:1:به میزان لازم | روغن مایع:1:به میزان لازم","کدوها را تمیز شسته و با پوست یا بدون پوست با رنده درشت رنده کنید. | روی کدوهای رنده‌شده کمی نمک بپاشید و اجازه دهید ۱۰ دقیقه بماند، سپس کدوها را با دست محکم فشار دهید تا آب اضافی آن‌ها کاملاً خارج شود؛ این کار باعث ترد شدن کوکو می‌شود. | پیازچه (یا پیاز) را بسیار ریز خرد کنید. | در یک ظرف مناسب، کدوی آب‌گرفته شده را با تخم‌مرغ‌ها، پیازچه خردشده، سیر رنده‌شده، شوید، آرد و ادویه‌ها (نمک، فلفل و زردچوبه) مخلوط کنید. | مایه را به خوبی هم بزنید تا بافتی یکدست و منسجم پیدا کند. | روغن را در یک تابه نچسب داغ کنید و مایه کوکو را به صورت قاشقی (دانه دانه) یا به صورت یکجا در تابه بریزید. | حرارت را روی حالت متوسط قرار دهید تا کوکوها مغزپخت شده و دو طرف آن‌ها کاملاً طلایی و سرخ شود."
"dish-14-1766883317767","خورش گل کلم","stew","خورش گل کلم یکی از لذیذترین و مجلسی‌ترین خورش‌های ایرانی است که با ترکیبی از گوشت، گل کلم سرخ شده و چاشنی‌های معطر تهیه می‌شود. این خورش به دلیل داشتن گل کلم، بافتی نرم و طعمی منحصر به فرد دارد و معمولاً با چلو ایرانی سرو می‌گردد.","cold","سرد و تر","fلفل سیاه، زیره، دارچین، زنجبیل","420","120","متوسط","ایران","گل کلم متوسط:500:گرم | گوشت خورشتی:400:گرم | پیاز بزرگ:1:عدد | رب گوجه فرنگی:40:قاشق | آب‌غوره یا آب‌لیمو:45:قاشق | لپه (اختیاری):100:پیمانه | زعفران دم‌کرده:0:به میزان لازم | نمک و فلفل و زردچوبه:0:به میزان لازم | چوب دارچین:1:قطعه | روغن مایع:0:به میزان لازم | آب:750:میلیلیتر","ابتدا پیاز را نگینی خرد کرده و در قابلمه با مقداری روغن تفت دهید تا سبک و طلایی شود. | گوشت خورشتی را به پیاز اضافه کرده و با زردچوبه و فلفل تفت دهید تا رنگ گوشت تغییر کند. در صورت استفاده از لپه، آن را که از قبل خیسانده‌اید در این مرحله اضافه کرده و کمی تفت دهید. | آب را به قابلمه اضافه کرده و حرارت را زیاد کنید تا به جوش بیاید، سپس شعله را ملایم کنید تا گوشت و لپه کاملاً بپزند. | گل کلم را به تکه‌های متوسط تقسیم کرده و در یک تابه جداگانه با کمی روغن و مقداری زردچوبه تفت دهید تا طلایی شوند و بوی خامی آن‌ها گرفته شود. | رب گوجه‌فرنگی را در تابه با کمی روغن تفت دهید تا بوی خامی آن گرفته شده و رنگ باز کند، سپس آن را به همراه نمک و چوب دارچین به قابلمه خورش اضافه کنید. | در ۲۰ دقیقه پایانی پخت، گل کلم‌های تفت داده شده را به خورش اضافه کنید (دقت کنید که گل کلم زود می‌پزد و نباید له شود). | در ۵ دقیقه آخر، آب‌غوره و زعفران دم‌کرده را اضافه کرده، میزان نمک را تنظیم کنید و پس از چند قل زدن و جا افتادن خورش، شعله را خاموش کنید."
"dish-14-1766883592583","خورش بادمجان ( کبابی و رژیمی )","stew","یک نسخه سالم و کم‌کالری از خورش بادمجان اصیل ایرانی که به دلیل استفاده از بادمجان کبابی به جای سرخ شده، دارای طعم دودی ملایم و بافتی سبک است. این غذا برای افرادی که به دنبال رژیم‌های کاهش وزن یا تغذیه سالم هستند بسیار مناسب است.","hot","گرم و خشک","کشک یا ماست کم‌چرب","280","90","متوسط","ir","بادمجان قلمی:800:عدد | سینه مرغ یا گوشت گوساله بدون چربی:500:گرم | رب گوجه فرنگی:40:قاشق | پیاز:2:عدد | سیر:3:حبه | روغن زیتون:30:قاشق | زعفران:1:به میزان لازم | آبغوره:60:قاشق | نمک و فلفل و زردچوبه:0:به میزان لازم","بادمجان‌ها را روی شعله مستقیم گاز یا ذغال کبابی کنید تا پوست آن‌ها کاملاً بسوزد و مغزپخت شوند. سپس آن‌ها را در یک ظرف دربسته قرار دهید تا با بخار خود نرم شده و پوستشان به راحتی جدا شود. بادمجان‌های پوست کنده را به صورت درسته یا ساطوری کنار بگذارید. | پیازها را نگینی خرد کرده و در قابلمه با روغن زیتون تفت دهید تا سبک و طلایی شوند. سپس گوشت یا سینه مرغ خرد شده را به همراه سیر رنده شده اضافه کرده و تفت دهید تا رنگ گوشت تغییر کند. | زردچوبه و فلفل سیاه را به گوشت اضافه کرده و سپس حدود ۵۰۰ میلی‌لیتر آب جوش روی مواد بریزید. حرارت را ملایم کنید و اجازه دهید گوشت به طور کامل بپزد. | رب گوجه‌فرنگی را در یک تابه کوچک با مقدار بسیار کمی روغن تفت دهید تا رنگ آن باز شود، سپس آن را در اواسط پخت به قابلمه خورش اضافه کنید. | پس از پخت کامل گوشت، بادمجان‌های کبابی آماده شده را به همراه زعفران دم‌کرده، آبغوره و نمک به قابلمه اضافه نمایید. | اجازه دهید خورش به مدت ۲۰ تا ۳۰ دقیقه با حرارت بسیار ملایم ریز جوش بزند تا طعم دودی بادمجان با سایر مواد ترکیب شده و خورش کاملاً جا بیفتد و غلیظ شود."
"dish-14-1766883843657","خورش سیب آلبالو","stew","یک خورش اصیل و مجلسی ایرانی با طعم ملس و عطری بی‌نظیر که از ترکیب سیب درختی و آلبالوی تازه تهیه می‌شود.","balanced","معتدل","زعفران و دارچین","450","90","متوسط","ir","گوشت مرغ یا گوشت قرمز:500:گرم | سیب درختی زرد یا قرمز:3:عدد | آلبالو بدون هسته:200:گرم | پیاز:1:عدد | شکر (اختیاری):30:به میزان لازم | چوب دارچین:1:قطعه | زعفران دم‌کرده:1:به میزان لازم | روغن زیتون:45:قاشق | نمک و فلفل و زردچوبه:0:به میزان لازم","پیاز را به صورت نگینی خرد کرده و در قابلمه با روغن زیتون تفت دهید تا سبک و طلایی شود. | گوشت مرغ یا گوشت قرمز را به پیاز اضافه کرده و همراه با زردچوبه و فلفل تفت دهید تا رنگ گوشت تغییر کند، سپس مقداری آب اضافه کرده و اجازه دهید با حرارت ملایم بپزد. | سیب‌ها را پوست گرفته و به قطعات مکعبی درشت خرد کنید، سپس آن‌ها را در تابه با کمی روغن تفت دهید تا در هنگام پخت در خورش له نشوند و شکل خود را حفظ کنند. | آلبالوهای بدون هسته را به همراه شکر (در صورت تمایل) در ظرفی جداگانه کمی حرارت دهید تا شکر حل شده و آلبالوها کمی آب بیندازند. | در ۳۰ دقیقه پایانی پخت، سیب‌های تفت داده شده، مخلوط آلبالو و شکر، زعفران دم‌کرده، چوب دارچین و نمک را به خورش اضافه کنید. | اجازه دهید خورش با حرارت بسیار کم جا بیفتد و آب آن غلیظ شود؛ دقت کنید که سیب‌ها بیش از حد نپزند و در انتها چوب دارچین را از خورش خارج کنید."
"dish-14-1766956905814","کباب تابه ای زعفرانی","kabab","کباب تابه ای زعفرانی یکی از محبوب‌ترین و اصیل‌ترین غذاهای خانگی ایرانی است که به دلیل طعم لذیذ زعفران و پخت سریع، انتخابی عالی برای وعده‌های ناهار یا شام محسوب می‌شود.","hot","گرم و خشک","سماق، گوجه فرنگی، ماست","420","45","متوسط","ایران","گوشت چرخ کرده:600:گرم | پیاز بزرگ:2:عدد | رب گوجه فرنگی:60:قاشق | زعفران دم‌کرده غلیظ:1:به میزان لازم | نمک و فلفل سیاه و زرد چوبه:1:به میزان لازم | روغن و کره:50:گرم | فلفل سبز:3:عدد | رب گوجه فرنگی:4:قاشق","پیازها را رنده کرده و آب اضافی آن‌ها را کاملاً بگیرید تا کباب وا نرود. | گوشت چرخ کرده، پیاز آب‌گرفته، نمک، فلفل سیاه، زردچوبه و نیمی از زعفران دم‌کرده غلیظ را در ظرفی ریخته و ۵ دقیقه ورز دهید تا مایه کباب منسجم و چسبنده شود. | کف تابه را با روغن و کره چرب کرده و مایه گوشتی را با ضخامت یکسان در تمام سطح تابه پهن کنید. | با لبه کفگیر چوبی یا چاقو، گوشت را به صورت نوارهای طولی یا مستطیلی برش دهید. | تابه را روی حرارت ملایم قرار دهید تا گوشت آب بیندازد، سپس درب تابه را بگذارید تا با بخار خودش مغزپخت شود. | پس از تبخیر شدن آب گوشت، دو طرف کباب‌ها را سرخ کنید. در اواخر پخت، گوجه‌فرنگی‌های حلقه‌شده و فلفل سبزها را کنار کباب‌ها بچینید. | رب گوجه فرنگی را با کمی آب جوش و باقی‌مانده زعفران دم‌کرده غلیظ مخلوط کرده و روی کباب‌ها بریزید تا سس غلیظ شود و طعم‌ها به خورد هم بروند."
"dish-14-1766958808663","سوپ بروکلی (ایتالیایی)","international","این سوپ کرمی و لذیذ ترکیبی از کلم بروکلی تازه، سیب‌زمینی و خامه است که با طعم ملایم سیر و کره، یک پیش‌غذای ایده‌آل و مقوی محسوب می‌شود.","hot","گرم و خشک (پایه بروکلی)","روغن زیتون، زیره سبز و فلفل سیاه","285","35","آسان","ایتالیا","کلم بروکلی:500:گرم | پیاز متوسط:1:عدد | سیر:2:حبه | سیب‌زمینی متوسط:1:عدد | آب مرغ یا سبزیجات:960:میلی‌لیتر | خامه صبحانه:100:گرم | پنیر چدار رنده شده (اختیاری):50:گرم | نمک، فلفل سیاه و آویشن:0:به میزان لازم | کره:20:گرم","پیاز و سیر را به صورت نگینی خرد کرده و در یک قابلمه مناسب با کره تفت دهید تا سبک و شفاف شوند. | سیب‌زمینی را پوست کنده و به صورت نگینی خرد کنید، سپس همراه با گل‌های کلم بروکلی به قابلمه اضافه کرده و ۵ دقیقه تفت دهید. | آب مرغ یا سبزیجات را به مواد اضافه کنید و اجازه دهید با حرارت متوسط به مدت ۲۰ دقیقه بپزند تا تمام سبزیجات کاملاً نرم شوند. | پس از پخت، قابلمه را از روی حرارت برداشته و مواد را با گوشت‌کوب برقی یا در مخلوط‌کن کاملاً پوره کنید تا بافتی یکدست حاصل شود. | خامه صبحانه، نمک، فلفل سیاه و آویشن را اضافه کرده و سوپ را روی حرارت بسیار ملایم هم بزنید تا داغ شود (دقت کنید که سوپ به مرحله جوش نرسد). | در مرحله نهایی، پنیر چدار رنده شده را اضافه کرده و پس از کمی ذوب شدن، سوپ را به صورت گرم سرو کنید."
"dish-14-1766959134380","Gnocchi al Pesto (نیوکی با سس پستو - ایتالیا)","international","نیوکی یک نوع پاستای سنتی ایتالیایی است که از ترکیب پوره سیب‌زمینی و آرد تهیه می‌شود. این گلوله‌های خمیری لطیف وقتی با سس پستوی معطر (ترکیب ریحان، دانه کاج و پنیر پارمزان) همراه می‌شوند، یک وعده غذایی بسیار لذیذ و محبوب را می‌سازند.","balanced","معتدل و تر","فلفل سیاه یا سیر","540","60","متوسط","ایتالیا","سیب‌زمینی (آب‌پز و پوره شده):800:عدد | آرد گندم:250:گرم | تخم‌مرغ:1:عدد | نمک به مقدار لازم:0:به میزان لازم | برگ ریحان تازه (برای سس پستو):60:گرم | سیر:2:حبه | دانه کاج (یا گردو):40:گرم | پنیر پارمزان رنده شده:60:گرم | روغن زیتون:100:قاشق | نمک و فلفل سیاه و زرد چوبه:1:به میزان لازم","سیب‌زمینی‌های آب‌پز و پوره شده را روی یک سطح تمیز پهن کنید تا کاملاً خنک شوند. در وسط پوره یک حفره ایجاد کرده و تخم‌مرغ و نمک را داخل آن بریزید. | آرد را به تدریج روی مواد الک کرده و با دست شروع به مخلوط کردن کنید. خمیر را تا جایی که یکدست و لطیف شود و به دست نچسبد ورز دهید؛ توجه داشته باشید که ورز دادن بیش از حد باعث سفت شدن نیوکی‌ها می‌شود. | خمیر را به چند قسمت تقسیم کرده و هر قسمت را به شکل نوارهای استوانه‌ای به قطر ۲ سانتی‌متر لوله کنید. سپس نوارها را به قطعات ۲ سانتی‌متری برش بزنید. | با استفاده از پشت چنگال یا ابزار مخصوص، روی هر قطعه خمیر شیارهای کوچکی ایجاد کنید. این کار به جذب بهتر سس توسط نیوکی کمک می‌کند. | یک قابلمه بزرگ را از آب پر کرده، کمی نمک بزنید و بگذارید به جوش بیاید. نیوکی‌ها را به آرامی در آب جوش بریزید. به محض اینکه نیوکی‌ها روی سطح آب شناور شدند (حدود ۲ تا ۳ دقیقه)، آن‌ها را با کفگیر خارج کنید. | برای تهیه سس پستو: برگ‌های ریحان، سیر، دانه کاج، نمک و فلفل را در غذاساز بریزید. در حین کار، روغن زیتون را به آرامی و به صورت خطی اضافه کنید تا سس غلیظ و یکدست شود. در انتها پنیر پارمزان را اضافه کرده و فقط در حد مخلوط شدن هم بزنید. | نیوکی‌های گرم و پخته شده را مستقیماً به ظرف سس پستو منتقل کنید. مقداری از آبِ جوش پاستا را (حدود ۳۰ میلی‌لیتر) به آن اضافه کرده و به آرامی هم بزنید تا تمام نیوکی‌ها به سس آغشته شوند. | بلافاصله غذا را در ظرف مورد نظر سرو کرده و در صورت تمایل با کمی پنیر پارمزان اضافه و چند برگ ریحان تزیین کنید."
"dish-15-1766794336336","آش کنجد","ash","آش کنجد یکی از غذاهای سنتی و بسیار مقوی ایرانی است که به دلیل داشتن کنجد و برنج، منبع غنی از انرژی و کلسیم محسوب می‌شود. این آش بافت نرم و طعمی لذیذ دارد که معمولاً در وعده ناهار یا شام سرو می‌گردد.","hot","گرم و تر","سرکه یا سماق","380","90","متوسط","ایرانی","کنجد سفید:200:به میزان لازم | برنج نیم‌دانه:180:پیمانه | سبزی آش:500:گرم | پیاز داغ:1:عدد | نمک و زردچوبه:0:به میزان لازم | آب:1500:میلیلیتر","برنج نیم‌دانه را از ۲ ساعت قبل خیس کرده و سپس با ۱۵۰۰ میلی‌لیتر آب روی حرارت قرار دهید تا کاملاً پخته و شکفته شود. | کنجد سفید را در تابه بدون روغن تفت دهید تا بوی خامی آن گرفته شود، سپس آن را پس از خنک شدن آسیاب کنید تا پودر شود. | کنجد آسیاب شده را به برنج در حال پخت اضافه کنید و به آرامی هم بزنید تا در آب برنج حل شده و گلوله نشود. | سبزی آش و پیاز داغ را به قابلمه اضافه کرده و نمک و زردچوبه را برای طعم‌دهی و رنگ‌دهی به آش بیفزایید. | حرارت را بسیار ملایم کرده و اجازه دهید آش به مدت ۶۰ دقیقه به آرامی بجوشد تا کاملاً جا بیفتد و غلیظ شود."
"dish-15-1766799342396","پلو اسفندی (آباده)","polo","غذای سنتی و بسیار مقوی شهر آباده که ترکیبی از هفت نوع غلات و حبوبات است.","hot","گرم و تر","ماست و خیار، سالاد شیرازی، دوغ محلی","550","180","سخت","ایران","برنج:4:پیمانه | گوشت گوسفندی:400:گرم | حبوبات (عدس، لوبیا، نخود، ماش):1.5:پیمانه | ادویه مخصوص (میخک، پودر گل سرخ):1:قاشق غذاخوری","حبوبات و گوشت را جداگانه بپزید. | برنج را آبکش کرده و لایه لایه با حبوبات، گوشت و ادویه‌ها دم کنید. | روغن حیوانی داغ روی پلو بدهید."
"dish-15-1766876956936","خوراک سیرابی و شیردان","khorak","خوراک سیرابی و شیردان یکی از غذاهای سنتی، مقوی و پرطرفدار ایرانی است که به دلیل داشتن پروتئین بالا و ویتامین‌های گروه ب، برای تقویت سیستم ایمنی و سلامت معده بسیار مفید است. این غذا با پخت طولانی در کنار پیاز و سیر فراوان، بافتی نرم و طعمی مطبوع پیدا می‌کند.","cold","سرد و تر","دارچین، زنجبیل، سرکه، سیر، زیره","320","300","متوسط","ایران","سیرابی و شیردان گوسفندی:800:حبه | پیاز درشت:3:عدد | سیر:6:حبه | پودر دارچین:0:به میزان لازم | نمک و فلفل و زردچوبه:0:به میزان لازم | آب لیمو یا سرکه برای سرو:50:به میزان لازم | آب:2:میلیلیتر","سیرابی و شیردان را ابتدا با آب ولرم و برس کاملاً تمیز کرده و چندین بار آبکشی کنید، سپس آن‌ها را به قطعات مربعی یک‌اندازه برش بزنید. | یک عدد از پیازها را به صورت نگینی خرد کرده و در یک قابلمه مناسب با کمی روغن تفت دهید تا سبک و شفاف شود. | سیرابی‌های خرد شده را به قابلمه اضافه کنید و به مدت ۵ دقیقه با پیاز تفت دهید تا بوی خامی آن‌ها گرفته شود. | سیرهای له شده، زردچوبه و فلفل سیاه را اضافه کرده و هم بزنید؛ سپس ۲ لیتر آب جوش را روی مواد بریزید. | درب قابلمه را گذاشته و حرارت را ملایم کنید. اجازه دهید خوراک به مدت ۴ تا ۵ ساعت به آرامی بپزد تا سیرابی‌ها کاملاً نرم شوند. | دو عدد پیاز باقی‌مانده را می‌توانید برای غلظت بیشتر در اواسط پخت به صورت درسته یا خلالی اضافه کنید. | در ۳۰ دقیقه پایانی پخت، نمک و پودر دارچین را به خوراک اضافه کنید تا طعم نهایی شکل بگیرد و آب غذا غلیظ شود. | خوراک آماده شده را در ظرف مورد نظر بکشید و در کنار آب لیمو ترش تازه یا سرکه سرو کنید."
"dish-15-1766877137847","کوفته برنجی","khorak","کوفته برنجی یکی از غذاهای اصیل و محبوب سفره‌های ایرانی است که با ترکیبی متناسب از گوشت، برنج و لپه تهیه شده و در سسی خوش‌طعم و غلیظ پخته می‌شود.","balanced","معتدل","زیره، گلپر، ترشی","385","90","متوسط","ایران","گوشت چرخ کرده:400:گرم | برنج:180:پیمانه | لپه:100:پیمانه | سبزی کوفته (جعفری، گشنیز، نعنا، مرزه):250:گرم | پیاز:2:عدد | رب گوجه فرنگی:60:قاشق | آلو (اختیاری):8:عدد | نمک و فلفل و زردچوبه:1:به میزان لازم | نمک و فلفل و زردچوبه:1:به میزان لازم | نمک و فلفل و زردچوبه:1:به میزان لازم | چوب دارچین:1:قطعه | آب:750:میلیلیتر | روغن مایع:0:به میزان لازم","برنج و لپه را از قبل خیس کرده و به صورت جداگانه در آب جوش نیم‌پز کنید؛ سپس آن‌ها را آبکش نموده و اجازه دهید کاملاً خنک شوند. | یکی از پیازها را رنده کرده، آب اضافی آن را کاملاً بگیرید و در کاسه‌ای بزرگ با گوشت چرخ‌کرده، برنج و لپه نیم‌پز، سبزی خرد شده و ادویه‌ها (نمک، فلفل، زردچوبه) مخلوط کنید. | مایه کوفته را به مدت ۱۰ تا ۱۵ دقیقه با دست ورز دهید تا کاملاً چسبنده و یکدست شود؛ این مرحله برای جلوگیری از وا رفتن کوفته‌ها بسیار حیاتی است. | از مایه گوشتی به اندازه یک نارنگی برداشته، در دست گرد کنید و در صورت تمایل یک عدد آلو در مرکز آن قرار داده و مایه را دور آن کاملاً ببندید. | پیاز دوم را به صورت نگینی خرد کرده و در قابلمه‌ای مناسب با روغن تفت دهید تا طلایی شود، سپس رب گوجه‌فرنگی را اضافه کرده و تفت دهید تا بوی خامی آن گرفته شده و رنگ باز کند. | آب و چوب دارچین را به قابلمه اضافه کنید و منتظر بمانید تا سس به جوش بیاید. | پس از جوش آمدن سس، کوفته‌ها را یکی‌یکی و به آرامی درون قابلمه قرار دهید. حرارت را ملایم کرده و درب قابلمه را نیمه‌باز بگذارید. | اجازه دهید کوفته‌ها به مدت ۶۰ دقیقه با حرارت ملایم بپزند تا سس غلیظ شود و غذا کاملاً جا بیفتد."
"dish-15-1766881812358","کله پاچه","khorak","کله پاچه یکی از اصیل‌ترین و مقوی‌ترین غذاهای سنتی ایران است که از پختن سر و دست و پای گوسفند تهیه می‌شود. این غذا به دلیل پروتئین و کلسترول بالا معمولاً به عنوان یک صبحانه کامل و پرانرژی سرو می‌گردد و نیاز به زمان پخت طولانی با حرارت ملایم دارد تا کاملاً لذیذ و جا افتاده شود.","hot","گرم و تر","آبلیمو، آب نارنج، دارچین، گلپر","750","600","سخت","ایران","کله و پاچه گوسفند ۱ دست کامل:2.5:کیلوگرم | پیاز بزرگ:3:عدد | سیر:1:حبه | نخود (اختیاری):100:گرم | چوب دارچین:2:قطعه | نمک و فلفل و زردچوبه:1:به میزان لازم | زنجبیل:0:به میزان لازم | نمک و فلفل سیاه و زرد چوبه:1:به میزان لازم | نمک و فلفل و زردچوبه:1:به میزان لازم | آب سرد:4:لیتر | آب لیمو یا نارنج برای سرو:60:میلی‌لیتر","کله و پاچه را روی شعله مستقیم کز داده (اسموت کردن) تا موهای ریز آن کاملاً از بین برود، سپس با چاقو یا برس سطح آن را تراشیده و چندین بار با آب سرد به دقت بشویید و مجرای بینی را با فشار آب کاملاً تمیز کنید. | نخودها را از شب قبل خیس کرده و چند بار آب آن را عوض کنید تا نفخ آن گرفته شود. | در یک قابلمه بسیار بزرگ، پیازها را به صورت چهار قاچ خرد کرده و به همراه حبه‌های سیر پوست کنده و مقدار کمی روغن تفت دهید تا بوی خامی آن‌ها گرفته شود. | کله و پاچه‌ها را داخل قابلمه قرار داده و حدود ۴ لیتر آب سرد روی آن‌ها بریزید، به طوری که آب کاملاً روی مواد را بپوشاند. | اجازه دهید آب به جوش بیاید؛ در این مرحله کف‌های تیره‌ای روی سطح آب جمع می‌شود که باید با قاشق آن‌ها را جدا کرده و دور بریزید تا آب غذا در نهایت شفاف باشد. | زردچوبه، فلفل سیاه، زنجبیل، چوب دارچین و نخودهای خیس خورده را اضافه کنید. (از اضافه کردن نمک در این مرحله خودداری کنید زیرا باعث سفت شدن گوشت می‌شود). | درب قابلمه را محکم ببندید و حرارت را به حداقل برسانید. اجازه دهید غذا به مدت ۸ تا ۱۰ ساعت (ترجیحاً از شب تا صبح) به آرامی بپزد تا گوشت کاملاً نرم شده و آب آن غلیظ شود. | در ۳۰ دقیقه پایانی پخت، نمک را اضافه کرده و میزان چاشنی را تست کنید. | هنگام سرو، چوب دارچین و پیازهای پخته را خارج کرده، چربی روی آب (روغن غذا) را جدا نموده، با کمی دارچین تفت دهید و دوباره روی غذا بریزید. کله پاچه را همراه با آب لیمو یا نارنج تازه و نان سنگک میل کنید."
"dish-15-1766883317767","خورش گوجه بادمجان با مرغ","stew","خورش گوجه بادمجان با مرغ یکی از محبوب‌ترین و اصیل‌ترین خورش‌های ایرانی است که با ترکیب بادمجان‌های سرخ‌شده، مرغ مغزپخت و سس گوجه‌فرنگی معطر تهیه می‌شود. وجود غوره در این غذا طعمی ملس و دلچسب به آن می‌بخشد.","hot","گرم و خشک","کشک، آب‌غوره، ماست","480","90","متوسط","ایران","بادمجان قلمی:800:عدد | ران یا سینه مرغ:800:گرم | گوجه‌فرنگی متوسط:400:عدد | پیاز بزرگ:1:عدد | رب گوجه فرنگی:60:قاشق | غوره (اختیاری):30:قاشق | نمک و فلفل و زردچوبه:1:به میزان لازم | نمک و فلفل و زردچوبه:1:به میزان لازم | نمک و فلفل و زردچوبه:1:به میزان لازم | روغن سرخ‌کردنی:150:میلیلیتر | آب جوش:600:میلیلیتر","بادمجان‌ها را پوست بگیرید و به مدت ۳۰ دقیقه در آب و نمک قرار دهید تا تلخی آن‌ها گرفته شود. سپس آن‌ها را شسته، کاملاً خشک کنید و در روغن سرخ کنید تا طلایی شوند. | پیاز را نگینی خرد کرده و در قابلمه با کمی روغن تفت دهید تا سبک و کاراملی شود. سپس تکه‌های مرغ را به پیاز اضافه کرده و به همراه زردچوبه و فلفل تفت دهید تا رنگ مرغ تغییر کند. | رب گوجه‌فرنگی را به مرغ اضافه کنید و چند دقیقه تفت دهید تا بوی خامی آن گرفته شده و رنگ سس خوش‌رنگ شود. | آب جوش را به قابلمه اضافه کنید، حرارت را ملایم کنید و اجازه دهید مرغ به مدت ۴۵ تا ۶۰ دقیقه کاملاً بپزد. | گوجه‌فرنگی‌ها را از وسط نصف کرده و در یک تابه جداگانه کمی تفت دهید تا نرم شوند. | در ۲۰ دقیقه پایانی پخت، بادمجان‌های سرخ‌شده، گوجه‌فرنگی‌ها و غوره را روی مرغ‌ها بچینید. نمک خورش را اندازه کنید و اجازه دهید خورش با حرارت ملایم کاملاً جا بیفتد و غلیظ شود."
"dish-15-1766883592583","خورش بادمجان و غوره گیاهی","stew","یک خوراک اصیل و لذیذ ایرانی که به دلیل حذف گوشت و استفاده از قارچ، گزینه‌ای بسیار سالم و مناسب برای گیاه‌خواران و علاقه‌مندان به غذاهای سبک است. طعم ترش غوره در کنار بادمجان‌های سرخ شده، ترکیبی بی‌نظیر ایجاد می‌کند.","hot","گرم و خشک (مناسب برای افراد سردمزاج)","ادویه کاری یا پودر دارچین","280","60","متوسط","ir","بادمجان:800:عدد | رب گوجه فرنگی:60:قاشق | غوره:100:قاشق | پیاز بزرگ:2:عدد | سیر:3:حبه | قارچ (اختیاری):250:گرم | نمک، فلفل، زردچوبه و دارچین:0:به میزان لازم | روغن زیتون:60:قاشق | رب گوجه فرنگی:400:قاشق | آب جوش:240:میلیلیتر","بادمجان‌ها را پوست گرفته، به صورت ورقه‌ای برش بزنید و روی آن‌ها نمک بپاشید تا تلخی‌شان گرفته شود. پس از ۳۰ دقیقه آن‌ها را شسته، خشک کرده و با مقداری روغن زیتون در تابه سرخ کنید و کنار بگذارید. | پیازها را به صورت خلالی خرد کرده و در همان تابه تفت دهید تا کاملاً طلایی و سبک شوند. سپس سیرهای خرد شده را اضافه کرده و تفت دهید تا عطر آن‌ها خارج شود. | اگر از قارچ استفاده می‌کنید، قارچ‌های ورقه‌ای را به پیازها اضافه کرده و با حرارت بالا تفت دهید تا آب آن‌ها کشیده شود. | رب گوجه‌فرنگی را به همراه زردچوبه، فلفل و پودر دارچین به تابه اضافه کنید و حدود ۲ دقیقه تفت دهید تا رنگ رب باز شده و بوی خامی آن گرفته شود. | گوجه‌فرنگی‌ها را به صورت حلقه‌ای برش داده و کف قابلمه یا تابه روی مخلوط پیاز و قارچ بچینید. سپس بادمجان‌های سرخ شده را به آرامی روی گوجه‌ها قرار دهید. | غوره‌ها را روی سطح بادمجان‌ها پخش کنید. یک لیوان آب جوش را از کناره ظرف اضافه کرده و درب قابلمه را بگذارید. | اجازه دهید خورش به مدت ۳۰ الی ۴۰ دقیقه با حرارت ملایم بپزد تا کاملاً جا بیفتد، طعم‌ها با هم ترکیب شوند و خورش به روغن بیفتد. در انتهای پخت نمک خورش را اندازه کنید."
"dish-15-1766883843657","خورش سیب درختی ملس","stew","یک خورش اصیل و مجلسی ایرانی که با ترکیب گوشت، لپه و سیب درختی تهیه می‌شود. این غذا طعمی ملس (ترش و شیرین) و عطر دلپذیری از زعفران و دارچین دارد که تجربه‌ای متفاوت از خورش‌های سنتی را ارائه می‌دهد.","hot","گرم و تر","دارچین، گلاب و عرق کاسنی","420","120","متوسط","ir","گوشت خورشتی:400:گرم | لپه:100:پیمانه | سیب درختی سفت:3:عدد | پیاز درشت:1:عدد | رب گوجه فرنگی:45:قاشق | آبلیمو یا سرکه:30:به میزان لازم | شکر:15:به میزان لازم | زعفران:1:به میزان لازم | چوب دارچین:1:قطعه | روغن زیتون:45:قاشق | نمک و فلفل و زردچوبه:0:به میزان لازم","لپه‌ها را از چند ساعت قبل خیس کرده و سپس با مقداری آب جداگانه نیم‌پز کنید تا بوی خامی آن گرفته شود، سپس آبکش کنید. | پیاز را به صورت نگینی خرد کرده و در روغن زیتون تفت دهید تا سبک و طلایی شود، سپس گوشت خورشتی را اضافه کرده و همراه با زردچوبه و فلفل خوب سرخ کنید تا تغییر رنگ دهد. | رب گوجه‌فرنگی را به مخلوط گوشت اضافه کرده و تفت دهید تا بوی خامی آن گرفته شده و رنگ باز کند، سپس حدود ۴ لیوان آب جوش اضافه کنید و اجازه دهید گوشت با حرارت ملایم بپزد. | در اواسط پخت گوشت، لپه‌های نیم‌پز شده را به قابلمه اضافه کنید تا طعم مواد به خورد هم برود و پخت آن‌ها کامل شود. | سیب‌ها را پوست گرفته، به صورت پره‌ای درشت یا مکعبی برش بزنید و در تابه با کمی روغن و چوب دارچین تفت دهید تا در حین پخت له نشوند. | در ۲۰ دقیقه پایانی پخت، سیب‌های تفت داده شده، زعفران دم‌کرده، آبلیمو، شکر و نمک را به خورش اضافه کنید و اجازه دهید خورش با حرارت کم کاملاً جا بیفتد و به روغن بیفتد."
"dish-15-1766956905814","کباب تابه ای مرغ","kabab","کباب تابه ای مرغ یک غذای مجلسی، لذیذ و سریع ایرانی است که به دلیل استفاده از مخلوط ران و سینه مرغ، بافتی بسیار نرم و آبدار دارد و با عطر زعفران و کره تکمیل می‌شود.","cold","سرد و تر","زعفران، فلفل سیاه، زردچوبه","345","45","متوسط","ایران","مخلوط سینه و ران مرغ:600:گرم | پیاز متوسط:2:عدد | سیر:2:حبه | فلفل دلمه‌ای:1:عدد | زعفران دم‌کرده:0:به میزان لازم | کره:50:گرم | نمک، فلفل سیاه و پاپریکا:0:به میزان لازم","گوشت مرغ (مخلوط سینه و ران) را همراه با چربی طبیعی آن دو بار چرخ کنید تا کاملاً نرم و یکدست شود. | پیاز، سیر و فلفل دلمه‌ای را با رنده ریز رنده کرده و سپس آب آن‌ها را با فشار دست کاملاً بگیرید تا مایه کباب شل نشود. | مرغ چرخ‌شده را در ظرفی بزرگ با پیاز، سیر، فلفل دلمه‌ای رنده شده، ادویه‌ها (نمک، فلفل، پاپریکا) و نیمی از زعفران دم‌کرده مخلوط کنید. | مایه کباب را حدود ۱۰ دقیقه با دست خوب ورز دهید تا چسبندگی لازم را پیدا کند و سپس نیم ساعت در یخچال استراحت دهید. | کف یک تابه مناسب را با کمی روغن یا کره چرب کرده، مایه کباب را به صورت یکنواخت در کف آن پهن کنید و با کاردک به صورت نوارهای بلند برش بزنید. | درب تابه را بگذارید و روی حرارت ملایم قرار دهید؛ ابتدا کباب آب می‌اندازد، اجازه دهید با همان آب مغزپخت شود. | در اواخر پخت، باقی‌مانده زعفران را با کره ذوب شده مخلوط کرده و با برس روی کباب‌ها بمالید، سپس کباب‌ها را برگردانید تا هر دو طرف آن‌ها طلایی و سرخ شود."
"dish-15-1766958808663","Bruschetta al Pomodoro (بروسکتا آلا پومودورو - ایتالیا)","international","بروسکتا یکی از محبوب‌ترین پیش‌غذاهای کلاسیک ایتالیایی است که از ترکیب گوجه‌فرنگی‌های رسیده، ریحان تازه، سیر و روغن زیتون فرابکر روی نان‌های برشته شده تهیه می‌شود. این غذا به دلیل سادگی و تاکید بر کیفیت مواد اولیه، انتخابی عالی برای شروع یک وعده غذایی است.","balanced","معتدل و تر","فلفل سیاه یا آویشن","215","20","آسان","ایتالیا","گوجه‌فرنگی متوسط و رسیده (مکعبی خرد شده):600:عدد | سیر (له شده یا ریز خرد شده):2:حبه | ریحان تازه (خرد شده):20:گرم | روغن زیتون:45:قاشق | نان باگت یا نان تست مرغوب:8:عدد | نمک و فلفل سیاه و زرد چوبه:1:به میزان لازم","در یک کاسه مناسب، گوجه‌فرنگی‌های مکعبی خرد شده را با ۱ حبه سیر له شده، ریحان تازه خرد شده، ۳۰ میلی‌لیتر از روغن زیتون، نمک و فلفل سیاه مخلوط کنید. | اجازه دهید مخلوط به مدت ۱۰ تا ۱۵ دقیقه در دمای محیط استراحت کند تا عصاره گوجه‌فرنگی خارج شده و طعم‌ها با روغن زیتون و سیر ترکیب شوند. | برش‌های نان باگت یا تست را در توستر قرار دهید یا در فر با دمای ۲۰۰ درجه سانتی‌گراد به مدت ۵ تا ۷ دقیقه برشته کنید تا کاملاً طلایی و ترد شوند. | یک حبه سیر باقی‌مانده را از وسط نصف کرده و بلافاصله روی سطح زبر نان‌های تست شده (سمتی که برشته شده) بمالید تا عطر سیر به بافت نان منتقل شود. | مخلوط گوجه‌فرنگی را به طور سخاوتمندانه روی هر برش نان قرار دهید، به طوری که تمام سطح نان را بپوشاند. | باقی‌مانده روغن زیتون (۱۵ میلی‌لیتر) را روی بروسکتاها بریزید و بلافاصله تا نان‌ها ترد هستند سرو کنید."
"dish-15-1766959134380","Golubtsy (گولوبتسی - روسیه)","international","گولوبتسی یک غذای سنتی و اصیل روسی است که شامل برگ‌های نرم شده کلم است که با ترکیبی خوش‌طعم از گوشت چرخ‌کرده و برنج پر شده و در یک سس غنی از گوجه‌فرنگی پخته می‌شود.","balanced","معتدل و تر","زیره سیاه و فلفل سیاه","530","90","متوسط","روسیه","کلم برگ متوسط:1:عدد | گوشت چرخ کرده:500:گرم | برنج ۱/۲ پیمانه (نیم‌پز شده):90:پیمانه | پیاز بزرگ ۱ عدد ریز خرد شده:1:عدد | سیر ۲ حبه رنده شده:2:حبه | روغن نباتی ۲ قاشق غذاخوری:30:میلی‌لیتر | رب گوجه فرنگی:60:قاشق | آب مرغ یا گوشت ۳ پیمانه:720:میلی‌لیتر | خامه ترش ۱/۴ پیمانه (اختیاری):60:میلیلیتر | نمک و فلفل سیاه و زرد چوبه:1:به میزان لازم | شوید تازه برای تزیین:20:گرم","سر کلم را جدا کرده و آن را در آب جوش به مدت ۱۰ تا ۱۵ دقیقه بپزید تا برگ‌ها کاملاً نرم شوند، سپس برگ‌ها را جدا کرده و قسمت‌های ضخیم آن‌ها را ببرید. | گوشت چرخ‌کرده را با پیاز خرد شده، سیر رنده شده، برنج نیم‌پز، نمک و فلفل سیاه مخلوط کنید تا مایه میانی یکدستی حاصل شود. | مقداری از مواد گوشتی را در مرکز هر برگ کلم قرار دهید، لبه‌ها را به سمت داخل تا کنید و کلم را به صورت رول‌های محکم بپیچید. | در یک قابلمه بزرگ، روغن نباتی را داغ کرده و رب گوجه‌فرنگی را کمی تفت دهید، سپس آب مرغ یا گوشت را اضافه کرده و اجازه دهید سس به جوش بیاید. | گولوبتسی‌های آماده شده را به صورت منظم در قابلمه سس بچینید و با درب بسته به مدت ۱ تا ۱.۵ ساعت روی حرارت ملایم بپزید تا کاملاً مغزپخت شوند. | در ۱۵ دقیقه آخر پخت، خامه ترش را به سس اضافه کنید و در نهایت دلمه‌ها را با شوید تازه تزیین و سرو نمایید."
"dish-16-1766794336336","آش گندم (یزد)","ash","آش گندم یکی از اصیل‌ترین و مقوی‌ترین غذاهای سنتی استان یزد است که به دلیل داشتن گندم و حبوبات متنوع، منبع غنی از فیبر و پروتئین محسوب می‌شود و در فصول سرد بسیار محبوب است.","balanced","معتدل و خشک","زیره یا روغن زیتون","420","150","Medium","ایرانی (یزدی)","گندم پوست کنده:200:گرم | آرد نخودچی:100:قاشق | لوبیا چیتی:100:گرم | سبزی آش:500:گرم | پیاز داغ:1:عدد | سیر داغ:5:حبه | نعنا خشک:20:گرم | کشک:200:میلیلیتر | آب:2000:میلیلیتر | نمک و فلفل و زردچوبه:1:به میزان لازم","ابتدا گندم، نخود و لوبیا چیتی را از شب قبل در آب خیس کرده و چندین بار آب آن‌ها را عوض کنید تا نفخ حبوبات گرفته شود. | حبوبات و گندم خیس خورده را به همراه ۲ لیتر آب در یک قابلمه بزرگ ریخته و روی حرارت قرار دهید تا به جوش آید، سپس حرارت را ملایم کرده و اجازه دهید کاملاً پخته و نرم شوند. | پس از پخت کامل حبوبات و گندم (به طوری که گندم کاملاً لعاب بیندازد)، سبزی آش را که از قبل شسته و خرد کرده‌اید به قابلمه اضافه کنید. | نیمی از پیاز داغ و سیر داغ را به همراه زردچوبه و فلفل در مقداری روغن تفت داده و به آش اضافه کنید تا طعم‌ها با هم ترکیب شوند. | اجازه دهید آش با حرارت بسیار کم کاملاً جا بیفتد و به غلظت مناسب برسد؛ در این مرحله نمک را اندازه کنید. | پس از جا افتادن، آش را در ظرف سرو ریخته و روی آن را با کشک، نعنا داغ (تفت داده شده در روغن) و باقی‌مانده پیاز داغ و سیر داغ تزیین نمایید."
"dish-16-1766799342396","پلو با ته دیگ سیب زمینی رنده شده ","polo","تمرکز این پلوی ساده روی ته دیگ ترد و برشته‌ی سیب‌زمینی رنده شده است.","cold","سرد و تر","زیره سیاه، فلفل سیاه، آویشن","400","90","آسان","ایران","برنج ایرانی:4:پیمانه | سیب زمینی درشت:3:عدد | زعفران دم‌کرده:1:به میزان لازم","سیب‌زمینی‌ها را رنده درشت کرده و نشاسته آن را بشویید. | آن‌ها را با زعفران و نمک مخلوط کنید. | کف قابلمه روغن داغ ریخته و سیب‌زمینی را فشرده کنید و برنج را روی آن دم کنید."
"dish-16-1766876956936","سیرابی و شیردان","khorak","خوراک سیرابی و شیردان یکی از سنتی‌ترین و مقوی‌ترین غذاهای ایرانی است که به دلیل طبع گرم و خواص درمانی برای تقویت معده و سیستم ایمنی شهرت دارد. این غذا با پخت طولانی و آرام تهیه می‌شود تا بافتی کاملاً نرم و طعمی لذیذ پیدا کند.","cold","سرد و تر","دارچین، سرکه، سیر، زنجبیل","380","300","متوسط","ایران","سیرابی و شیردان گوسفندی (تمیز شده):1000:حبه | پیاز بزرگ:3:عدد | سیر:5:حبه | نخود (اختیاری):200:گرم | آب:2500:میلیلیتر | چوب دارچین:2:قطعه | نمک، زردچوبه و فلفل سیاه:0:به میزان لازم | آب لیمو یا سرکه برای سرو:0:به میزان لازم","سیرابی‌ها را با دقت بسیار زیاد تمیز کرده، چندین بار با آب سرد بشویید و سپس به قطعات متوسط برش دهید. | پیازها را به صورت نگینی یا چهار قاچ خرد کرده و به همراه سیرهای پوست کنده، چوب دارچین و زردچوبه در یک قابلمه بزرگ بریزید. | سیرابی‌های خرد شده و نخود (که از شب قبل خیسانده شده) را به قابلمه اضافه کنید. | آب را روی مواد ریخته و قابلمه را روی حرارت زیاد قرار دهید تا به جوش بیاید؛ سپس حرارت را ملایم کرده و درب قابلمه را بگذارید. | اجازه دهید غذا به مدت ۴ تا ۵ ساعت با حرارت ملایم بپزد تا کاملاً نرم شود (در صورت استفاده از زودپز این زمان به ۱.۵ ساعت کاهش می‌یابد). | در یک ساعت پایانی پخت، چوب دارچین را خارج کرده و نمک و فلفل سیاه را به میزان لازم به غذا اضافه کنید. | پس از پخت کامل و غلیظ شدن آب غذا، سیرابی را در ظرف مورد نظر کشیده و همراه با آب لیمو یا سرکه و نان سنگک تازه سرو نمایید."
"dish-16-1766877137847","شامی کباب (لرستان)","khorak","شامی کباب لرستانی یا شامی خرم‌آبادی یکی از لذیذترین انواع شامی است که به دلیل استفاده از گردو و رب انار طعمی شبیه به فسنجان دارد و بسیار مقوی است.","hot","گرم و خشک","رب انار، آب نارنج، سبزی خوردن","1650","50","متوسط","ایران","گوشت چرخ کرده:400:گرم | گردو چرخ‌کرده:150:گرم | سبزی معطر (ریحان، ترخون، مرزه):10:گرم | آرد نخودچی:25:قاشق | پیاز بزرگ رنده‌شده:1:عدد | رب انار:30:قاشق | نمک و فلفل سیاه و زرد چوبه:1:به میزان لازم | روغن سرخ‌کردنی:100:میلیلیتر","ابتدا پیاز را با رنده ریز رنده کرده و آب آن را کاملاً بگیرید تا از وا رفتن شامی‌ها جلوگیری شود. | گوشت چرخ‌کرده، گردوی آسیاب شده، پیاز آب‌گرفته، سبزی‌های معطر، آرد نخودچی و ادویه‌ها (نمک، فلفل، زردچوبه) را در یک کاسه بزرگ بریزید. | مواد را به مدت ۱۰ دقیقه با دست خوب ورز دهید تا کاملاً منسجم و چسبنده شوند. | از مواد به اندازه یک نارنگی کوچک برداشته، در کف دست پهن کنید و با انگشت وسط آن را سوراخ کنید (این کار به مغزپخت شدن شامی کمک می‌کند). | در یک ماهیتابه روغن ریخته و پس از داغ شدن، شامی‌ها را با حرارت ملایم سرخ کنید تا دو طرف آن‌ها طلایی و پخته شود. | رب انار را با مقداری آب رقیق کرده و در ۱۰ دقیقه آخر پخت روی شامی‌ها بریزید تا سس غلیظ شده و به خورد شامی برود، یا سس را به صورت جداگانه در کنار دیس شامی سرو کنید."
"dish-16-1766881812358","بریانی اصفهان","khorak","بریانی یکی از مشهورترین و لذیذترین غذاهای سنتی اصفهان است که از ترکیب گوشت گوسفندی و جگر تهیه شده و به همراه نان سنگک و آبِ گوشت غلیظ سرو می‌شود.","hot","گرم و خشک","سماق، دوغ با نعنا و گل سرخ، سبزی خوردن تازه","850","120","متوسط","ایران","گوشت سر دست گوسفند:600:گرم | جگر سفید (شش):250:گرم | پیاز درشت:3:عدد | چوب دارچین:2:قطعه | زعفران دم‌کرده:0:به میزان لازم | نعنا خشک:10:گرم | نمک و فلفل سیاه و زرد چوبه:1:به میزان لازم | گردو و خلال بادام برای تزیین:50:گرم | نان سنگک:4:عدد | روغن مایع:1:به میزان لازم | آب:1200:میلیلیتر","گوشت سر دست گوسفند را به همراه یک عدد پیاز، زردچوبه، چوب دارچین و آب در قابلمه بریزید و روی حرارت قرار دهید تا گوشت کاملاً پخته و نرم شود، به طوری که در انتها حدود یک پیمانه آب گوشت باقی بماند. | جگر سفید را به صورت جداگانه با یک عدد پیاز، نمک، فلفل و کمی آب بپزید. پس از پخت کامل و اتمام آب، آن را چرخ کرده و در تابه با مقداری روغن تفت دهید و برای تزیین کنار بگذارید. | گوشت پخته شده را از استخوان جدا کرده و پس از خنک شدن، آن را به همراه یک عدد پیاز خام باقی‌مانده چرخ کنید. | به گوشت چرخ‌شده، نعنا خشک، زعفران دم‌کرده، نمک و فلفل سیاه اضافه کنید و مایه را به خوبی با دست ورز دهید تا کاملاً یکدست و منسجم شود. | کفگیر مخصوص بریانی یا یک تابه کوچک را روی حرارت ملایم قرار دهید، مقداری روغن کف آن بریزید و کمی پودر دارچین بپاشید. | مقداری از مایه گوشت را به اندازه کف دست برداشته و در کفگیر یا تابه پهن کنید. اجازه دهید با حرارت ملایم زیر آن سرخ و برشته شود. | کمی از آب گوشت غلیظ و چرب را روی نان سنگک بریزید تا نان نرم شود. بریانی سرخ شده را روی نان برگردانید، جگر سفید تفت داده شده را کنار آن قرار دهید و با گردو و خلال بادام تزیین کنید."
"dish-16-1766883317767","خورش گوجه سبز","stew","یکی از اصیل‌ترین و لذیذترین خورش‌های فصل بهار که با ترکیب عطر نعنا و جعفری و طعم ترش و جذاب گوجه سبز، طرفداران بسیاری در میان سفره‌های ایرانی دارد.","cold","سرد و تر","ادویه‌های گرم، پودر سیر، کمی شکر","420","120","متوسط","ایران","گوجه سبز:500:گرم | گوشت خورشتی:400:گرم | سبزی (نعنا و جعفری):500:گرم | پیاز بزرگ:1:عدد | شکر (در صورت تمایل):15:به میزان لازم | نمک و فلفل سیاه و زرد چوبه:1:به میزان لازم | روغن مایع:1:به میزان لازم | آب:800:میلیلیتر","پیاز بزرگ را به صورت نگینی و ریز خرد کرده و در قابلمه با مقداری روغن مایع تفت دهید تا سبک و طلایی شود. | گوشت خورشتی یا مرغ را به پیازها اضافه کرده و همراه با زردچوبه و فلفل سیاه به خوبی تفت دهید تا رنگ گوشت تغییر کند. | حدود ۸۰۰ میلی‌لیتر آب به قابلمه اضافه کنید و اجازه دهید گوشت با حرارت ملایم نیم‌پز شود. | سبزی (نعنا و جعفری) را خرد کرده و در یک تابه جداگانه با روغن تفت دهید تا عطر آن آزاد و سرخ شود (توجه کنید که نعنا زیاد سرخ نشود تا طعم تلخی نگیرد). | سبزی‌های سرخ شده را به قابلمه حاوی گوشت اضافه کنید و اجازه دهید خورش به پخت خود ادامه دهد. | در ۳۰ دقیقه پایانی پخت، گوجه سبزهای شسته شده را که دم آن‌ها را گرفته‌اید به خورش اضافه کنید. | نمک و در صورت تمایل شکر را برای ملس شدن طعم خورش در اواخر پخت اضافه کنید. | اجازه دهید خورش با حرارت بسیار ملایم کاملاً جا بیفتد و روغن بیندازد، سپس آن را در ظرف مورد نظر کشیده و با چلو ایرانی سرو کنید."
"dish-16-1766883592583","خورش بادمجان و کدو","stew","خورش بادمجان و کدو یکی از غذاهای اصیل و پرطرفدار سفره‌های ایرانی است که با ترکیب گوشت گوسفندی، سبزیجات سرخ‌شده و طعم ملس غوره تهیه می‌شود.","balanced","معتدل (به واسطه ترکیب مصلحات)","","485","150","متوسط","ir","گوشت خورشتی:400:گرم | بادمجان قلمی:4:عدد | کدو سبز:4:گرم | پیاز درشت:1:عدد | رب گوجه فرنگی:3:قاشق | رب گوجه فرنگی:45:قاشق | غوره تازه یا آبغوره:80:قاشق | نمک و فلفل سیاه و زرد چوبه:1:به میزان لازم | روغن مایع:1:به میزان لازم | نمک و فلفل و زردچوبه:1:به میزان لازم","ابتدا بادمجان‌ها و کدوها را پوست گرفته، نمک بزنید و پس از ۳۰ دقیقه آن‌ها را بشویید و کاملاً خشک کنید؛ سپس در روغن داغ سرخ کرده و کنار بگذارید. | پیاز را به صورت نگینی خرد کرده و در قابلمه با مقداری روغن تفت دهید تا طلایی شود، سپس گوشت خورشتی را اضافه کرده و تا زمان تغییر رنگ تفت دهید. | زردچوبه، فلفل سیاه و رب گوجه‌فرنگی را به گوشت اضافه کرده و تفت دهید تا بوی خامی رب گرفته شده و رنگ آن باز شود. | حدود ۳ تا ۴ لیوان آب جوش به قابلمه اضافه کرده و اجازه دهید گوشت با حرارت ملایم به مدت حدود ۲ ساعت کاملاً پخته و نرم شود. | در ۳۰ دقیقه پایانی پخت گوشت، بادمجان‌ها و کدوهای سرخ شده را به همراه گوجه‌فرنگی‌های حلقه شده به آرامی روی خورش بچینید. | در ۱۰ دقیقه آخر، غوره یا آبغوره را به همراه نمک به خورش اضافه کنید و اجازه دهید خورش کاملاً جا افتاده و روغن بیندازد."
"dish-16-1766883843658","خورش سیب و آلو با زعفران","stew","یکی از خورش‌های اصیل و خوش‌عطر ایرانی که با ترکیب طعم ملس آلو و شیرینی سیب در کنار عطر زعفران تهیه می‌شود و انتخابی مجلسی برای سفره‌های سنتی است.","balanced","معتدل (متمایل به گرم)","دارچین، زنجبیل، عسل","450","150","متوسط","ir","گوشت گوسفندی یا گوساله:400:گرم | سیب درختی زرد سفت:600:گرم | آلو بخارا:150:عدد | پیاز بزرگ:1:عدد | زعفران دم‌کرده:1:به میزان لازم | شکر (در صورت تمایل):15:به میزان لازم | آبلیمو یا آبغوره:15:قاشق | نمک و فلفل سیاه و زرد چوبه:1:به میزان لازم | روغن مایع:1:به میزان لازم | آب:750:میلیلیتر","پیاز را نگینی خرد کرده و در قابلمه با روغن مایع به میزان لازم تفت دهید تا طلایی و سبک شود. | گوشت‌های خرد شده را به پیاز اضافه کرده و به خوبی تفت دهید تا تغییر رنگ دهند، سپس زردچوبه و فلفل سیاه را اضافه کنید و کمی دیگر تفت دهید تا عطر ادویه‌ها خارج شود. | ۷۵۰ میلی‌لیتر آب به قابلمه اضافه کرده و پس از جوش آمدن، حرارت را ملایم کنید تا گوشت کاملاً بپزد (بسته به نوع گوشت بین ۱.۵ تا ۲.۵ ساعت). | آلو بخارا را که از نیم ساعت قبل در آب خیس کرده‌اید، در کمی روغن تفت داده و ۳۰ دقیقه مانده به اواخر پخت گوشت، به قابلمه اضافه کنید. | سیب‌ها را پوست گرفته، به قطعات درشت و یکسان خرد کنید و در تابه با کمی روغن و مقداری از زعفران تفت دهید تا بافت سیب هنگام پخت در خورش وا نرود. | در ۱۵ دقیقه پایانی پخت، سیب‌های تفت داده شده، مابقی زعفران دم‌کرده، شکر، آبلیمو یا آبغوره و نمک را به خورش اضافه کنید و اجازه دهید خورش جا افتاده و به روغن بیفتد."
"dish-16-1766956905814","کباب زردک اصفهان","kabab","یک غذای سنتی و خاص اصفهانی شبیه به شامی که با هویج ایرانی (زردک) تهیه شده و طعمی ملس دارد.","hot","گرم و تر","سرکه شیره، ترشیجات","450","50","متوسط","ایران","گوشت چرخ کرده:500:گرم | زردک یا هویج:400:گرم | آرد نخودچی:2:قاشق | پیاز:1:عدد | شکر:2:به میزان لازم | سرکه:0.5:به میزان لازم | زعفران:1:به میزان لازم | نمک و فلفل و زردچوبه:1:به میزان لازم","زردک‌ها را پوست گرفته و ریز رنده کنید. | پیاز را رنده کرده و آب آن را بگیرید. | گوشت، زردک، پیاز، آرد نخودچی، نمک، fلفل و زردچوبه را مخلوط کرده و خوب ورز دهید تا منسجم شود. | از مواد به اندازه کتلت برداشته، فرم دهید و در روغن سرخ کنید. | شکر، سرکه، نصف لیوان آب و زعفران را مخلوط کرده و روی حرارت بگذارید تا کمی بجوشد و قوام بیاید. | کباب‌های سرخ شده را درون این شهد قرار دهید و اجازه دهید ۱۰ دقیقه با حرارت ملایم بپزند تا طعم بگیرند."
"dish-16-1766958808663","Burrito (بوریتوی مکزیکی)","international","یک غذای اصیل و کامل مکزیکی که از ترکیب گوشت چرخ‌کرده طعم‌دار، لوبیا، برنج و سبزیجات تازه در نان تورتیلای گندم تهیه می‌شود. این غذا سرشار از پروتئین و طعم‌های گرم و تند است.","hot","گرم و خشک","گشنیز و آووکادو","620","35","متوسط","مکزیک","نان تورتیلای گندم بزرگ:4:عدد | گوشت چرخ کرده:500:گرم | پیاز:1:عدد | سیر:2:حبه | لوبیا چیتی یا قرمز (پخته):200:گرم | برنج پخته:180:پیمانه | ذرت:80:گرم | پنیر چدار رنده شده:120:گرم | سالسا:120:میلیلیتر | خامه ترش:60:میلیلیتر | گشنیز تازه خرد شده:15:گرم | فلفل سبز خرد شده:2:عدد | نمک و فلفل و زردچوبه:1:به میزان لازم | نمک و فلفل سیاه:1:به میزان لازم | پودر چیلی:0:به میزان لازم | پودر زیره:0:به میزان لازم | روغن نباتی:15:میلی‌لیتر","در یک تابه بزرگ، روغن نباتی را گرم کرده و پیاز ریز خرد شده را تفت دهید تا سبک و طلایی شود. سپس گوشت چرخ‌کرده را اضافه کرده و تا زمانی که رنگ آن کاملاً تغییر کند و قهوه‌ای شود، تفت دادن را ادامه دهید. | سیر رنده شده را همراه با پودر چیلی، پودر زیره، نمک و فلفل سیاه به گوشت اضافه کرده و حدود ۱ دقیقه تفت دهید تا عطر ادویه‌ها خارج شود. | لوبیا پخته، ذرت و فلفل سبز خرد شده را به تابه اضافه کرده و مواد را برای ۵ دقیقه دیگر با هم تفت دهید تا طعم‌ها با هم ترکیب شوند. سپس از روی حرارت برداشته و گشنیز تازه خرد شده را با مواد مخلوط کنید. | نان‌های تورتیلا را در یک تابه تمیز یا در مایکروویو کمی گرم کنید تا نرم شوند. در مرکز هر تورتیلا، ابتدا یک لایه برنج پخته، سپس مخلوط گوشت و لوبیا، مقداری پنیر چدار، سالسا و یک قاشق خامه ترش قرار دهید. | لبه‌های چپ و راست تورتیلا را به سمت مرکز جمع کرده و سپس از پایین به سمت بالا به صورت محکم رول کنید. بوریتوها را می‌توانید بلافاصله سرو کنید یا برای برشته شدن نان و ذوب شدن پنیر، آن‌ها را ۲ دقیقه در تابه داغ بدون روغن گریل کنید."
"dish-16-1766959134380","Greek Pilaf (پلو یونانی)","international","پلو یونانی یک غذای لذیذ و رنگارنگ مدیترانه‌ای است که با ترکیب مرغ، قارچ و فلفل‌های رنگی تهیه می‌شود. این غذا به روش کته طبخ شده و تمامی طعم‌های آب مرغ و زعفران را به خود جذب می‌کند.","balanced","سرد و تر (متمایل به اعتدال)","فلفل سیاه و آویشن","480","60","متوسط","Greece","برنج:540:پیمانه | سینه مرغ نگینی:400:گرم | قارچ ورقه شده:300:گرم | پیاز:1:عدد | فلفل دلمه‌ای رنگی:1:عدد | روغن زیتون:45:قاشق | زعفران و نمک:0:به میزان لازم | آب مرغ:750:میلی‌لیتر","پیاز را به صورت نگینی خرد کرده و در یک قابلمه مناسب با روغن زیتون تفت دهید تا سبک و طلایی شود. | سینه مرغ نگینی شده را به پیازها اضافه کرده و تفت دهید تا تغییر رنگ داده و کمی سرخ شوند. | قارچ‌های ورقه شده و فلفل دلمه‌ای نگینی را به تابه اضافه کنید و با حرارت بالا تفت دهید تا آب قارچ‌ها کاملاً کشیده شود. | برنج را که از قبل شسته و خیسانده‌اید، به مخلوط مرغ و سبزیجات اضافه کنید و کمی تفت دهید. | آب مرغ را به همراه نمک و زعفران دم‌کرده روی مواد بریزید. حرارت را زیاد کنید تا آب به جوش آید، سپس حرارت را ملایم کنید تا آب برنج کشیده شود. در نهایت درب قابلمه را گذاشته و اجازه دهید پلو به مدت ۳۰ تا ۴۰ دقیقه دم بکشد."
"dish-17-1766794336336","آش گوجه‌فرنگی (تبریز)","ash","یکی از اصیل‌ترین و محبوب‌ترین آش‌های شهر تبریز که با طعمی ترش و ملس، ترکیبی از سبزیجات تازه، برنج و پوره گوجه‌فرنگی تهیه می‌شود. این آش برای روزهای سرد سال گزینه‌ای بسیار لذیذ و مقوی است.","cold","سرد و تر","زنجبیل یا نعنا داغ","260","60","متوسط","ایرانی (تبریزی)","گوجه فرنگی پوره شده:1000:میلیلیتر | برنج:90:پیمانه | لپه پخته شده:80:پیمانه | سبزی (تره و جعفری):400:گرم | آبغوره:30:قاشق | پیاز:1:عدد | آب:1200:میلیلیتر | روغن مایع:1:به میزان لازم | نمک و فلفل و زردچوبه:1:به میزان لازم | نمک و فلفل سیاه:1:به میزان لازم | نمک و فلفل و زردچوبه:1:به میزان لازم","پیاز را به صورت نگینی خرد کرده و در یک قابلمه مناسب با مقداری روغن تفت دهید تا سبک و طلایی شود، سپس زردچوبه را به آن اضافه کنید. | برنج شسته شده را همراه با آب به قابلمه اضافه کرده و اجازه دهید با حرارت ملایم پخته شود تا برنج کاملاً شکفته و نرم شود. | گوجه فرنگی پوره شده را به قابلمه اضافه کنید و اجازه دهید حدود ۱۵ دقیقه با برنج بجوشد تا رنگ گوجه فرنگی باز شود. | لپه پخته شده و سبزی (تره و جعفری) خرد شده را به آش اضافه نمایید. | نمک و فلفل سیاه را برای طعم‌دار کردن بیفزایید و اجازه دهید آش با حرارت ملایم کاملاً جا بیفتد و غلیظ شود. | در ۱۰ دقیقه پایانی پخت، آبغوره را اضافه کرده و میزان چاشنی را طبق ذائقه خود تنظیم کنید. پس از غلیظ شدن نهایی، آش را در ظرف مورد نظر سرو کنید."
"dish-17-1766799342396","پلو با ته‌دیگ کدو ","polo","یک پلوی متفاوت با ته دیگ حلقه‌های کدو سبز برشته شده.","cold","سرد و تر","زیره، نعنا خشک، فلفل سیاه","380","60","آسان","ایران","برنج:4:پیمانه | کدو سبز قلمی:3:گرم | نمک و فلفل و زردچوبه:1:به میزان لازم","کدوها را حلقه‌ای بریده و نمک و زردچوبه بزنید. | کف قابلمه روغن ریخته و کدوها را بچینید و برنج آبکش را روی آن دم کنید."
"dish-17-1766876956937","میرزا قاسمی","khorak","میرزا قاسمی یکی از معروف‌ترین و محبوب‌ترین غذاهای محلی استان گیلان است که به دلیل طعم دودی بادمجان کباب شده و عطر سیر فراوان، در سراسر ایران طرفداران بسیاری دارد. این غذا هم به عنوان پیش‌غذا و هم به عنوان غذای اصلی با نان یا کته سرو می‌شود.","hot","گرم و خشک","سرکه، آب‌غوره، فلفل سیاه، نان گندم","285","45","Medium","ایران","بادمجان:1200:عدد | رب گوجه فرنگی:450:قاشق | سیر:4:حبه | تخم‌مرغ:3:عدد | روغن مایع:1:به میزان لازم | نمک و فلفل و زردچوبه:1:به میزان لازم | نمک و فلفل سیاه و زرد چوبه:1:به میزان لازم","بادمجان‌ها را روی شعله مستقیم گاز یا ذغال کباب کنید تا پوست آن‌ها کاملاً بسوزد و مغزپخت شوند. | بادمجان‌های کباب شده را پوست گرفته و با چاقو به صورت ساطوری کاملاً ریز و له کنید. | سیرها را پوست گرفته، له کنید و در تابه‌ای با روغن مایع یا کره تفت دهید تا طلایی شوند؛ سپس زردچوبه را اضافه کرده و کمی تفت دهید تا بوی خامی آن گرفته شود. | بادمجان‌های ساطوری شده را به تابه اضافه کنید و حدود ۱۰ دقیقه تفت دهید تا آب اضافی آن‌ها کشیده شده و طعم سیر را به خود بگیرند. | گوجه‌فرنگی‌ها را پوست گرفته، ریز خرد یا رنده کنید و به مخلوط بادمجان و سیر اضافه نمایید. | اجازه دهید مواد روی حرارت ملایم بمانند تا آب گوجه‌فرنگی کاملاً تبخیر شده و مواد به روغن بیفتند. | تخم‌مرغ‌ها را در ظرفی جداگانه بشکنید، هم بزنید و به تابه اضافه کنید (یا می‌توانید آن‌ها را گوشه‌ای از تابه بشکنید و پس از سفت شدن با بقیه مواد مخلوط کنید). | نمک و فلفل سیاه را اندازه کنید و پس از چند دقیقه تفت دادن نهایی، غذا را در ظرف مورد نظر کشیده و با نان تازه یا کته سرو کنید."
"dish-17-1766877137847","شامی لپه (شامی پوکه)","khorak","شامی لپه یا شامی پوکه یکی از غذاهای سبک و خوش‌خوراک است که اصالت آن به شهرهای شمالی و رشت برمی‌گردد. بافت این شامی بسیار لطیف و ترد است.","balanced","معتدل (متمایل به گرم)","سرکه شیره، ترشی هفت‌بیجار، ماست و خیار","350","90","متوسط","ایران","گوشت سردست گوساله:300:گرم | لپه:2:پیمانه | پیاز متوسط:2:عدد | تخم مرغ:3:عدد | زعفران دم‌کرده:1:به میزان لازم | نمک و فلفل و زردچوبه:1:به میزان لازم | روغن مایع:0:به میزان لازم","لپه‌ها را که از قبل خیس کرده‌اید، جداگانه بپزید تا کاملاً نرم شوند و آب آن‌ها کشیده شود. | گوشت را با یک عدد پیاز و کمی زردچوبه بپزید تا کاملاً نرم شود (ریش‌ریش شود). | لپه پخته شده و گوشت پخته شده را با هم چرخ کنید یا در غذاساز میکس کنید تا یکدست شوند. | یک عدد پیاز باقی‌مانده را رنده کرده و آب آن را بگیرید و به مخلوط گوشت و لپه اضافه کنید. | تخم‌مرغ‌ها، زعفران و ادویه‌ها را اضافه کرده و مایه را خوب ورز دهید. | از مواد برداشته، فرم دهید و وسط آن را سوراخ کنید، سپس در روغن داغ سرخ کنید."
"dish-17-1766881812358","کشک سیب‌زمینی کرمان","khorak","یک غذای سنتی، مقوی و اصیل کرمانی که از ترکیب پوره سیب‌زمینی با کشک و طعم گرم زیره سیاه تهیه می‌شود و به عنوان یک وعده سبک یا پیش‌غذا سرو می‌گردد.","cold","سرد و خشک","زیره سیاه، گردو، نعنا داغ","310","45","آسان","ایران","سیب‌زمینی متوسط:4:عدد | کشک:240:میلیلیتر | پیاز بزرگ:2:عدد | نعنا خشک:5:گرم | زیره سیاه:3:به میزان لازم | مغز گردو خرد شده:30:پیمانه | نمک، زردچوبه و فلفل سیاه:0:به میزان لازم | روغن زیتون:45:قاشق","سیب‌زمینی‌ها را آب‌پز کرده، سپس پوست بگیرید و در حالی که هنوز گرم هستند، آن‌ها را کاملاً پوره کنید. | پیازها را نگینی خرد کرده و در تابه با مقداری روغن تفت دهید تا طلایی و سبک شوند؛ در انتها زردچوبه و نعنا خشک را اضافه کرده و فقط چند ثانیه تفت دهید تا بوی نعنا بلند شود. | پوره سیب‌زمینی را به مخلوط پیاز داغ اضافه کرده و خوب هم بزنید تا مواد یکدست شوند. | کشک را با مقدار کمی آب ولرم رقیق کرده و به تابه اضافه کنید؛ مواد را مداوم هم بزنید تا کشک به خورد سیب‌زمینی برود. | زیره سیاه و مغز گردوی خرد شده را همراه با فلفل سیاه به مواد اضافه کرده و اجازه دهید غذا برای حدود ۱۰ دقیقه روی حرارت بسیار ملایم بماند تا کاملاً جا بیفتد و غلیظ شود. | غذا را در ظرف مورد نظر کشیده و با پیاز داغ، نعنا داغ و چند عدد گردو تزیین و همراه با نان تازه سرو کنید."
"dish-17-1766883317767","خورش لوبیا چشم‌بلبلی با مرغ","stew","خورش لوبیا چشم‌بلبلی با مرغ یکی از غذاهای سنتی و خوش‌طعم ایرانی است که با استفاده از مرغ، حبوبات و چاشنی لیمو عمانی تهیه می‌شود. این خورش به دلیل داشتن زعفران و سیب‌زمینی سرخ‌کرده ظاهری مجلسی و طعمی دلچسب دارد.","hot","گرم و تر","دارچین، زیره سبز، زنجبیل","480","90","متوسط","ایران","لوبیا چشم‌بلبلی:250:پیمانه | سینه یا ران مرغ:800:گرم | پیاز بزرگ:1:عدد | رب گوجه فرنگی:60:قاشق | لیمو عمانی:3:به میزان لازم | زعفران دم‌کرده:1:به میزان لازم | سیب‌زمینی (برای تزیین):300:عدد | نمک و فلفل و زردچوبه:0:به میزان لازم | چوب دارچین:1:قطعه | روغن مایع:1:به میزان لازم | آب جوش:1:میلیلیتر","لوبیا چشم‌بلبلی را که از چند ساعت قبل خیس کرده‌اید، با مقداری آب جداگانه بپزید تا نیم‌پز شود، سپس آن را آبکش کرده و کنار بگذارید. | پیاز را به صورت نگینی خرد کرده و در قابلمه با مقداری روغن مایع تفت دهید تا سبک و به رنگ طلایی درآید. | تکه‌های مرغ را به پیاز اضافه کرده و همراه با زردچوبه، نمک و فلفل تفت دهید تا رنگ مرغ تغییر کرده و کمی برشته شود. | رب گوجه‌فرنگی را به قابلمه اضافه کرده و چند دقیقه تفت دهید تا بوی خامی آن گرفته شده و رنگ رب کاملاً باز شود. | آب جوش و چوب دارچین را به مواد اضافه کنید، در قابلمه را بگذارید و اجازه دهید مرغ با حرارت ملایم به مدت ۴۵ دقیقه بپزد. | در ۳۰ دقیقه آخر پخت، لوبیاهای نیم‌پز شده و لیمو عمانی‌هایی را که از قبل سوراخ کرده و در آب خیسانده‌اید، به خورش اضافه کنید. | در ۱۰ دقیقه پایانی، زعفران دم‌کرده را برای عطر و طعم بهتر اضافه کرده، چوب دارچین را خارج کنید و میزان نمک خورش را اندازه کنید. | سیب‌زمینی‌ها را خلالی خرد کرده و در روغن سرخ کنید. هنگام سرو خورش، سیب‌زمینی‌های سرخ‌کرده را روی ظرف قرار دهید."
"dish-17-1766883592583","خورش بامیه با تمر هندی","stew","یک خورش اصیل و خوش‌طعم جنوبی که با استفاده از تمر هندی طعمی ترش و ملس پیدا می‌کند و بامیه‌های آن بافت نرم و لذیذی به غذا می‌بخشند.","cold","سرد و تر","فلفل قرمز، سیر، زنجبیل، دارچین","380","120","متوسط","ir","گوشت گوسفندی:400:گرم | بامیه ریز:500:گرم | پیاز متوسط:2:عدد | سیر:5:حبه | شیره تمر هندی:240:پیمانه | فلفل قرمز تند:0:به میزان لازم | زردچوبه و نمک:0:به میزان لازم | روغن زیتون:45:قاشق | آب جوش:750:میلیلیتر","پیازها را نگینی خرد کرده و در روغن تفت دهید تا سبک و طلایی شوند. | سیرهای له شده را اضافه کرده و تفت دهید تا عطر آن‌ها بلند شود. | گوشت گوسفندی را اضافه کرده و همراه با زردچوبه و فلفل قرمز تند به خوبی سرخ کنید تا تغییر رنگ دهد. | آب جوش را به قابلمه اضافه کرده و حرارت را ملایم کنید تا گوشت کاملاً بپزد. | تمر هندی را در مقداری آب گرم حل کرده و از صافی عبور دهید تا عصاره غلیظ آن جدا شود. | بامیه‌ها را شسته و دُم آن‌ها را کوتاه کنید (مراقب باشید به بافت اصلی آسیب نرسد تا خورش لیز نشود) و سپس در مقداری روغن تفت دهید. | پس از پخت کامل گوشت، نمک، عصاره تمر هندی و بامیه‌ها را به خورش اضافه کنید. | اجازه دهید خورش با حرارت ملایم حدود ۳۰ تا ۴۰ دقیقه دیگر بجوشد تا کاملاً جا بیفتد و بامیه‌ها نرم شوند بدون اینکه له شوند."
"dish-17-1766883843658","خورش سیر و پیاز همدانی","stew","خورش سیر و پیاز یکی از غذاهای سنتی و اصیل استان همدان است که به دلیل ترکیب خاص پیازهای کوچک و سیرهای حبه‌ای، عطر و طعم فوق‌العاده‌ای دارد و به همراه برنج سرو می‌شود.","hot","گرم و خشک","سکنجبین، سرکه، ماست","480","130","متوسط","ir","گوشت خورشی:400:گرم | پیاز ریز سفید (مخصوص ترشی):15:عدد | سیر حبه‌ای کامل:15:حبه | پیاز بزرگ (برای پیاز داغ):1:عدد | رب گوجه فرنگی:40:قاشق | ابلیموی ترش و تازه:30:قاشق | نمک، فلفل سیاه، زردچوبه و دارچین:0:به میزان لازم | روغن زیتون:50:قاشق | آب جوش:800:میلیلیتر","پیاز بزرگ را به صورت نگینی خرد کرده و در قابلمه با مقداری روغن تفت دهید تا طلایی و سبک شود. | گوشت خورشی را به پیازها اضافه کرده و با حرارت متوسط سرخ کنید تا تغییر رنگ دهد. | زردچوبه، فلفل سیاه و رب گوجه‌فرنگی را به گوشت اضافه کرده و تفت دهید تا بوی خامی رب گرفته شده و رنگ آن باز شود. | آب جوش را به قابلمه اضافه کرده و اجازه دهید گوشت با حرارت ملایم نیم‌پز شود. | در این فاصله، پیازهای ریز و حبه‌های سیر را پوست بگیرید و در یک تابه جداگانه با کمی روغن تفت دهید تا کاملاً طلایی شوند، اما دقت کنید که له نشوند. | وقتی گوشت به مرحله نیم‌پز رسید، سیر و پیازهای تفت داده شده را به خورش اضافه کنید. | در ۳۰ دقیقه پایانی پخت، نمک، پودر دارچین و آبلیمو را اضافه کنید و اجازه دهید خورش با حرارت بسیار ملایم کاملاً جا بیفتد و غلیظ شود."
"dish-17-1766958808663","بوز (بوز مغولستانی)","international","بوز (Buuz) یک غذای سنتی و اصیل مغولستانی است که شامل خمیرهای دست‌ساز پر شده با گوشت چرخ‌کرده طعم‌دار است. این دلمه های خوشمزه به روش بخارپز پخته می‌شوند و بافت بسیار لطیف و آبداری دارند.","hot","گرم و خشک","فلفل سیاه","380","25","متوسط","مغولستان","آرد نخودچی:375:قاشق | آب:240:میلیلیتر | نمک و فلفل و زردچوبه:1:به میزان لازم | گوشت چرخ کرده:500:گرم | پیاز:2:عدد | نمک و فلفل سیاه:1:به میزان لازم | کمی آب (برای مواد میانی):60:میلی‌لیتر","آرد، نمک و آب را در یک کاسه بزرگ مخلوط کرده و به خوبی ورز دهید تا خمیری سفت، یکدست و منعطف به دست آید. خمیر را در نایلون پوشانده و اجازه دهید ۳۰ دقیقه استراحت کند. | برای تهیه مواد میانی، گوشت چرخ‌کرده را با پیازهای بسیار ریز خرد شده (یا رنده شده و آب‌گرفته) مخلوط کنید. نمک و فلفل سیاه را اضافه کرده و برای آبدارتر شدن، ۶۰ میلی‌لیتر آب را به تدریج به خورد گوشت بدهید. | خمیر استراحت کرده را به قطعات کوچک حدود ۱۵ تا ۲۰ گرمی تقسیم کنید. هر قطعه را با وردنه به شکل دایره‌های نازک به قطر حدود ۸ تا ۱۰ سانتی‌متر باز کنید، به طوری که لبه‌ها کمی نازک‌تر از مرکز باشند. | یک قاشق از مواد گوشتی را در مرکز هر دایره خمیر قرار دهید. لبه‌های خمیر را به سمت بالا جمع کرده و با ایجاد چین‌های ظریف و پی در پی، لبه‌ها را در مرکز به هم بدوزید تا خمیر کاملاً بسته شود. | ظرف بخارپز را کمی چرب کنید تا بوزها به کف آن نچسبند. بوزها را با فاصله در ظرف چیده و به مدت ۲۰ تا ۲۵ دقیقه با حرارت متوسط بخارپز کنید. بوزهای داغ را بلافاصله پس از پخت سرو نمایید."
"dish-17-1766959134380","سالاد یونانی (Greek Salad)","international","یک سالاد مدیترانه‌ای اصیل و باطراوت که با سبزیجات تازه خرد شده، پنیر فتا، زیتون کالاماتا و روغن زیتون بکر تهیه می‌شود. این سالاد به دلیل سادگی و طعم غنی، یکی از محبوب‌ترین سالادها در سراسر جهان است.","cold","سرد و تر","پونه کوهی (اورگانو)، روغن زیتون، سیاه‌دانه","265","15","آسان","Greece","گوجه‌فرنگی درشت:600:گرم | خیار بوته‌ای:350:گرم | پیاز قرمز:1:عدد | پنیر فتا:200:گرم | زیتون سیاه (کالاماتا) بدون هسته:100:گرم | روغن زیتون:60:قاشق | پونه کوهی خشک (اورگانو):3:گرم | نمک و فلفل سیاه و زرد چوبه:1:به میزان لازم","گوجه‌فرنگی‌ها و خیارها را به قطعات درشت و یکدست (به اصطلاح روستایی) خرد کرده و در یک کاسه بزرگ بریزید. | پیاز قرمز را پوست کنده و به صورت حلقه‌ای یا خلالی بسیار نازک برش دهید و به سبزیجات اضافه کنید. | زیتون‌های سیاه کالاماتا را به ترکیب سبزیجات در ظرف سرو بیفزایید. | پنیر فتا را به صورت مکعب‌های بزرگ برش داده و یا یک تکه بزرگ از آن را برای زیبایی روی سطح سالاد قرار دهید. | روغن زیتون را به صورت سخاوتمندانه روی تمام اجزای سالاد بریزید تا تمام مواد را پوشش دهد. | پونه کوهی خشک (اورگانو)، نمک و فلفل سیاه را روی سالاد پاشیده و بلافاصله تا زمانی که سبزیجات ترد هستند سرو کنید."
"dish-18-1766794336336","آش ماسوا (لرستان)","ash","آش ماسوا یکی از اصیل‌ترین و مقوی‌ترین آش‌های محلی استان لرستان است که به دلیل استفاده از کشک فراوان، منبع غنی کلسیم بوده و طعمی دلچسب و سنتی دارد.","cold","سرد و خشک","نعنا داغ و گردو","420","90","متوسط","ایرانی (لری)","بلغور گندم:200:گرم | نخود پخته:200:گرم | کشک غلیظ:480:میلیلیتر | گوشت چرخ کرده:200:گرم | پیاز:2:عدد | نعنا خشک:15:گرم | روغن مایع:1:به میزان لازم | نمک و فلفل و زردچوبه:1:به میزان لازم","ابتدا بلغور گندم را که از شب قبل خیس کرده‌اید، با مقدار مناسبی آب در قابلمه بریزید و روی حرارت قرار دهید تا کاملاً پخته، نرم و لعاب‌دار شود. | نخود پخته شده را به قابلمه بلغور اضافه کنید و اجازه دهید با هم چند قل بخورند. | کشک غلیظ را با کمی آب ولرم رقیق کنید و سپس آن را به آرامی به قابلمه اضافه نمایید. مواد را مدام هم بزنید تا آش به جوش بیاید و از بریدن کشک جلوگیری شود. | یک عدد پیاز را رنده کرده، آب آن را بگیرید و با گوشت چرخ‌کرده، نمک، فلفل و کمی زردچوبه ورز دهید. سپس آن‌ها را به صورت کوفته‌های ریز (قلقلی) درآورده و در مقداری روغن سرخ کنید. | پیاز دوم را به صورت خلالی خرد کرده و در تابه سرخ کنید تا طلایی شود؛ سپس نعنا خشک و کمی زردچوبه به آن اضافه کرده و پس از چند ثانیه تفت دادن از روی حرارت بردارید. | نیمی از پیازداغ، نعناداغ و کوفته‌ریزه‌ها را داخل آش بریزید و اجازه دهید آش با حرارت ملایم به مدت ۲۰ دقیقه بجوشد تا کاملاً جا بیفتد. | در پایان آش را در ظرف مورد نظر کشیده و با باقی‌مانده پیازداغ، نعناداغ و کوفته‌ریزه‌ها تزیین و سرو کنید."
"dish-18-1766799342396","ماش‌پلو با گوشت چرخ‌کرده","polo","یک غذای سنتی و سرشار از پروتئین که با ماش و گوشت چرخ‌کرده تهیه می‌شود.","balanced","متمایل به سرد و خشک","زیره سبز، فلفل سیاه، دارچین، زنجبیل","480","90","متوسط","ایران","برنج:4:پیمانه | ماش:1.5:پیمانه | گوشت چرخ کرده:300:گرم","ماش را بپزید. گوشت را با پیاز و ادویه سرخ کنید. | برنج را آبکش کرده و لایه لایه با مایه گوشتی و ماش دم کنید."
"dish-18-1766876956937","واویشکا گوشت","khorak","واویشکا گوشت یکی از غذاهای سنتی و محبوب گیلانی است که به دلیل سرعت پخت بالا و طعم لذیذ، گزینه‌ای عالی برای وعده‌های ناهار یا شام محسوب می‌شود. این غذا معمولاً با برنج یا نان در کنار زیتون پرورده سرو می‌شود.","hot","گرم و خشک","سماق، گشنیز، ماست، دوغ","380","40","آسان","ایران","گوشت چرخ کرده:400:گرم | پیاز بزرگ:2:عدد | رب گوجه فرنگی:3:قاشق | رب گوجه فرنگی:40:قاشق | سیر:2:حبه | نمک و فلفل و زردچوبه:1:به میزان لازم | فلفل قرمز:0:به میزان لازم | نمک و فلفل و زردچوبه:1:به میزان لازم | آب‌لیمو یا آب‌غوره:15:قاشق | روغن زیتون:45:قاشق | آب:120:میلیلیتر","پیازها را به صورت نگینی ریز خرد کرده و در یک تابه با روغن داغ تفت دهید تا سبک و طلایی شوند. | گوشت چرخ کرده را به پیازها اضافه کنید و به تفت دادن ادامه دهید تا رنگ گوشت کاملاً تغییر کرده و آب آن کشیده شود. | سیر خرد شده را به همراه زردچوبه و فلفل قرمز به تابه اضافه کنید و کمی تفت دهید تا عطر ادویه‌ها و سیر بلند شود. | رب گوجه‌فرنگی را در تابه ریخته و تفت دهید تا بوی خامی آن گرفته شده و رنگ باز کند، سپس گوجه‌های خرد شده را اضافه کنید. | درب تابه را بگذارید تا گوجه‌ها نرم شوند. در صورت نیاز برای پخت بهتر، نصف استکان آب اضافه کنید و اجازه دهید غذا با حرارت ملایم جا بیفتد. | در مرحله آخر، نمک و آب‌لیمو یا آب‌غوره را اضافه کرده و پس از چند دقیقه از روی حرارت بردارید. این غذا را می‌توانید با برنج یا نان سرو کنید."
"dish-18-1766877137847","کتلت مرغ","khorak","کتلت مرغ یک غذای خوشمزه و اقتصادی است که جایگزین مناسبی برای گوشت قرمز می‌باشد. این غذا سریع آماده می‌شود و طعم ملایمی دارد.","cold","سرد و تر","زنجبیل، سیاه دانه، فلفل قرمز، جعفری","320","45","آسان","ایران","سینه مرغ چرخ‌کرده:500:گرم | سیب‌زمینی متوسط (آب‌پز یا خام رنده‌شده):2:عدد | پیاز متوسط:1:عدد | فلفل دلمه‌ای کوچک (نگینی ریز):1:عدد | سیر رنده‌شده:2:حبه | زعفران دم‌کرده:1:به میزان لازم | آرد سوخاری:2:گرم | نمک، فلفل قرمز و پاپریکا:0:به میزان لازم","اگر از سیب‌زمینی خام استفاده می‌کنید، آن را رنده ریز کرده و آبگیری کنید؛ اگر پخته است، آن را رنده کنید. | پیاز را رنده کرده و آب آن را کاملاً بگیرید. | گوشت مرغ چرخ‌کرده، سیب‌زمینی، پیاز، سیر، فلفل دلمه‌ای، زعفران و ادویه‌ها را مخلوط کنید. | آرد سوخاری را کم‌کم اضافه کنید تا مایه منسجم شود (اگر مایه شل بود بیشتر بریزید). | مواد را ورز دهید و سپس به اشکال دلخواه درآورده و در روغن با حرارت ملایم سرخ کنید تا مغزپخت شود."
"dish-18-1766881812358","اشکنه بنه (ایلام)","khorak","اشکنه بنه یکی از غذاهای سنتی و مقوی استان ایلام است که از میوه درخت بنه (پسته کوهی) تهیه می‌شود. این غذا به دلیل دارا بودن روغن‌های گیاهی طبیعی و خواص فراوان بنه، بسیار انرژی‌زا و خوش‌طعم است.","hot","گرم و خشک","ترشیجات، آب‌انار یا رب انار","480","45","متوسط","ایران","بنه (پسته کوهی) کوبیده شده:200:گرم | پیاز متوسط:2:عدد | آب:960:میلیلیتر | روغن حیوانی یا کره:30:گرم | نعناع خشک:5:قاشق | نمک و فلفل سیاه و زرد چوبه:1:به میزان لازم | نمک و فلفل و زردچوبه:1:به میزان لازم","ابتدا بنه‌های خشک را کاملاً آسیاب کنید تا به صورت پودر کاملاً یکدست درآیند. | پودر بنه را با مقداری از آب گرم (حدود ۲ پیمانه) مخلوط کرده و با دست به خوبی ورز دهید تا روغن و عصاره آن خارج شود، سپس مخلوط را از یک صافی ریز رد کنید تا پوسته‌های سخت جدا شده و شیرابه غلیظ بنه حاصل شود. | پیازها را به صورت نگینی خرد کرده و در قابلمه با روغن حیوانی یا کره تفت دهید تا طلایی و سبک شوند. | زردچوبه، نمک، فلفل سیاه و نعناع خشک را به پیاز داغ اضافه کرده و حدود ۳۰ ثانیه تفت دهید تا عطر آن‌ها خارج شود. | شیرابه بنه و مابقی آب را به قابلمه اضافه کرده و حرارت را ملایم کنید. | اجازه دهید اشکنه با حرارت کم بجوشد و جا بیفتد؛ توجه داشته باشید که این غذا نباید بیش از حد قل بزند تا روغن طبیعی بنه به خوبی روی سطح غذا جمع شود. | در پایان اشکنه بنه را در ظرف مناسب کشیده و به همراه نان سنگک یا نان محلی سرو کنید."
"dish-18-1766883317767","خورش لوبیا سبز با گوشت","stew","خورش لوبیا سبز یکی از خورش‌های اصیل و لذیذ ایرانی است که از ترکیب گوشت مغز پخت، لوبیا سبز تازه و چاشنی‌های معطر تهیه می‌شود. این خورش خوش‌رنگ و لعاب به دلیل داشتن لوبیا سبز، منبع خوبی از ویتامین‌ها بوده و معمولاً در کنار پلوی زعفرانی سرو می‌گردد.","cold","سرد و تر","دارچین، زیره، fلفل سیاه و زنجبیل","480","120","متوسط","ایران","لوبیا سبز خرد شده:500:گرم | گوشت گوسفندی یا گوساله قیمه‌ای:400:گرم | پیاز متوسط:2:عدد | رب گوجه فرنگی:60:قاشق | آبلیمو یا آبغوره:45:قاشق | نمک و فلفل و زردچوبه:0:به میزان لازم | چوب دارچین:1:قطعه | نمک و فلفل سیاه و زرد چوبه:1:به میزان لازم | روغن مایع:1:به میزان لازم | آب جوش:750:میلیلیتر","ابتدا پیازها را نگینی خرد کرده و در قابلمه‌ای با روغن مایع تفت دهید تا طلایی و سبک شوند. | گوشت‌های خرد شده را به پیاز اضافه کنید و به خوبی تفت دهید تا رنگ گوشت تغییر کرده و سرخ شود. | زردچوبه و فلفل سیاه را اضافه کرده و کمی تفت دهید، سپس رب گوجه‌فرنگی را افزوده و سرخ کنید تا بوی خامی آن گرفته شده و خوش‌رنگ شود. | آب جوش را به مواد اضافه کنید و پس از جوش آمدن، درب قابلمه را بگذارید و اجازه دهید گوشت با حرارت ملایم بپزد. | در تابه‌ای جداگانه، لوبیا سبزهای خرد شده را با مقدار کمی روغن و نمک تفت دهید تا کمی نرم شده و رنگ آن‌ها حفظ شود. | زمانی که گوشت نیم‌پز شد، لوبیاهای تفت داده شده را به خورش اضافه کنید. | در ۲۰ دقیقه پایانی پخت، نمک، چوب دارچین و آبلیمو (یا آبغوره) را اضافه کنید و اجازه دهید خورش کاملاً جا افتاده و روغن بیندازد (در صورت تمایل می‌توانید چوب دارچین را قبل از سرو از خورش خارج کنید)."
"dish-18-1766883592583","خورش بامیه با لپه","stew","خورش بامیه با لپه یکی از انواع خورش‌های اصیل و لذیذ ایرانی است که با ترکیب گوشت، بامیه و لپه تهیه می‌شود. این خورش به دلیل داشتن لیمو عمانی و زعفران، عطر و طعمی منحصر به فرد دارد و برای مهمانی‌های رسمی گزینه‌ای بسیار مناسب است.","cold","سرد (با تمایل به تعادل)","دارچین، زعفران، گلاب","380","120","متوسط","ir","گوشت خورشتی:400:گرم | بامیه:400:گرم | لپه:100:پیمانه | پیاز:1:عدد | رب گوجه فرنگی:45:قاشق | لیمو عمانی:2:به میزان لازم | زعفران دم‌کرده:0:به میزان لازم | نمک و فلفل و زردچوبه:1:به میزان لازم | نمک و فلفل و زردچوبه:1:به میزان لازم | نمک و فلفل و زردچوبه:1:به میزان لازم | چوب دارچین:1:قطعه | روغن مایع:1:به میزان لازم | آب:800:میلیلیتر","لپه‌ها را از چند ساعت قبل در آب خیس کنید و سپس جداگانه با مقداری آب نیم‌پز کنید تا بوی خامی آن گرفته شود، سپس آبکش نمایید. | پیاز را به صورت نگینی خرد کرده و در قابلمه با روغن مایع تفت دهید تا سبک و طلایی شود. | گوشت خورشتی را به پیاز اضافه کرده و به خوبی سرخ کنید تا تغییر رنگ دهد، سپس زردچوبه و فلفل را اضافه کرده و کمی دیگر تفت دهید. | رب گوجه‌فرنگی را به گوشت اضافه کرده و تفت دهید تا رنگ آن باز شود و بوی خامی‌اش گرفته شود. | لپه‌های نیم‌پز، چوب دارچین و ۸۰۰ میلی‌لیتر آب را به قابلمه اضافه کنید، حرارت را زیاد کنید تا بجوشد و سپس حرارت را ملایم کنید تا گوشت و لپه کاملاً بپزند. | بامیه‌ها را تمیز کرده و در تابه با کمی روغن تفت دهید تا در هنگام پخت وا نروند و حالت خود را حفظ کنند. | در ۴۵ دقیقه آخر پخت، بامیه‌های تفت داده شده و لیمو عمانی‌هایی که از قبل سوراخ کرده و در آب خیسانده‌اید را به خورش اضافه کنید. | در انتهای پخت، نمک و زعفران دم‌کرده را به خورش بیفزایید، چوب دارچین را خارج کرده و اجازه دهید خورش به خوبی جا بیفتد و غلیظ شود، سپس در ظرف مناسب سرو کنید."
"dish-18-1766883843658","خورش سیرابی","stew","خورش سیرابی یکی از غذاهای سنتی، مقوی و پرطرفدار ایرانی است که به دلیل پخت طولانی، طعمی عمیق و لعاب‌دار دارد. این خورش سرشار از پروتئین و ویتامین‌های گروه B بوده و برای تقویت معده و سیستم ایمنی بدن بسیار مفید است.","cold","سرد و تر","سیر، پیاز، نمک، زیره، دارچین، سرکه","420","360","متوسط","ir","سیرابی تمیز شده:80:حبه | پیاز بزرگ:2:عدد | سیر:5:حبه | نخود و لوبیا سفید (خیس خورده):200:پیمانه | نمک و فلفل و زردچوبه:1:به میزان لازم | نمک و فلفل سیاه:1:به میزان لازم | پودر دارچین:0:به میزان لازم | نمک و فلفل و زردچوبه:1:به میزان لازم | آب لیموی تازه یا سرکه:30:میلیلیتر","سیرابی را پس از شستشوی بسیار دقیق، به قطعات کوچک و یکسان برش دهید. | یکی از پیازها را به صورت نگینی خرد کرده و در مقداری روغن تفت دهید تا سبک و شفاف شود، سپس سیرابی‌های برش خورده را اضافه کرده و همراه پیاز تفت دهید. | نخود و لوبیا سفید خیس خورده را به همراه سیرهای له شده، زردچوبه و فلفل سیاه به قابلمه اضافه کنید. | حدود ۱.۵ لیتر آب به قابلمه اضافه کرده و پس از جوش آمدن، حرارت را ملایم کنید و اجازه دهید خورش به مدت ۵ تا ۷ ساعت کاملاً بپزد تا سیرابی و حبوبات نرم شوند. | پیاز دوم را به صورت خلالی خرد کرده و در تابه جداگانه سرخ کنید تا کاملاً طلایی شود؛ در یک ساعت پایانی پخت، پیاز داغ را به همراه نمک و پودر دارچین به خورش اضافه کنید. | پس از اینکه آب خورش کشیده شد و به غلظت مطلوب رسید، آن را در ظرف مناسب کشیده و به همراه آب لیموی تازه یا سرکه سرو نمایید."
"dish-18-1766958808663","Caesar Salad (سالاد سزار )","international","یک سالاد کلاسیک و محبوب بین‌المللی که از ترکیب کاهوی تازه، مرغ گریل شده، نان تست برشته و سس مخصوص بر پایه خردل و پنیر پارمزان تهیه می‌شود.","balanced","معتدل (به دلیل ترکیب سردی کاهو و گرمی مرغ/سیر)","روغن زیتون، سیر، فلفل سیاه","480","30","آسان","ایتالیا","کاهو پیچ بزرگ:700:گرم | سینه مرغ گریل شده:500:گرم | نان تست خرد شده (کروتون):60:گرم | پنیر پارمزان رنده شده:50:گرم | سیر له شده:2:حبه | سس خردل:15:میلی‌لیتر | ابلیموی ترش و تازه:30:قاشق | روغن زیتون:60:قاشق | نمک و فلفل و زردچوبه:1:به میزان لازم | نمک و فلفل سیاه:1:به میزان لازم","ابتدا کاهو را شسته و کاملاً خشک کنید، سپس آن را به قطعات درشت خرد کرده و در ظرف بزرگ مخصوص سرو بریزید. | تکه‌های نان تست را با مقداری روغن زیتون و یک حبه سیر له شده در ماهیتابه یا فر تفت دهید تا کاملاً برشته، طلایی و ترد شوند. | سینه مرغ را با نمک، فلفل سیاه و کمی روغن زیتون مزه‌دار کرده، گریل کنید و پس از پخت، به صورت نوارهای یک‌اندازه برش بزنید. | برای تهیه سس سزار: در یک کاسه، سیر له شده باقی‌مانده، سس خردل، آب‌لیمو، روغن زیتون و نیمی از پنیر پارمزان را با همزن دستی ترکیب کنید تا سسی غلیظ و یکنواخت به دست آید. | نیمی از سس تهیه شده را روی کاهوها ریخته و به آرامی زیر و رو کنید تا تمام برگ‌ها به سس آغشته شوند. | تکه‌های مرغ گریل شده و نان‌های برشته (کروتون) را به زیبایی روی کاهوها قرار دهید. | در پایان، باقی‌مانده سس و پنیر پارمزان را روی کل سالاد پخش کرده و بلافاصله سرو نمایید."
"dish-18-1766959134380","Greek Vegetable Pilaf (پلو یونانی با سبزیجات)","international","یک غذای سالم، رنگارنگ و خوش‌عطر که از ترکیب برنج با سبزیجات تازه تهیه می‌شود. این پلو به روش کته طبخ شده و یک گزینه عالی برای رژیم‌های گیاهی و وعده‌های غذایی سبک است.","cold","سرد و تر","زیره و پودر سیر","480","50","آسان","Greece","برنج:720:پیمانه | نخود فرنگی:60:گرم | ذرت شیرین:60:پیمانه | هویج نگینی خرد شده:150:گرم | فلفل دلمه‌ای قرمز:150:عدد | پیاز:1:عدد | روغن گیاهی یا زیتون:45:میلی‌لیتر | نمک و فلفل سیاه و زرد چوبه:1:به میزان لازم","پیاز را به صورت نگینی خرد کرده و در قابلمه با روغن گیاهی یا زیتون تفت دهید تا سبک و شفاف شود. | هویج نگینی خرد شده، نخود فرنگی و ذرت شیرین را به پیاز اضافه کرده و به مدت ۵ دقیقه تفت دهید تا خامی سبزیجات گرفته شود. | فلفل دلمه‌ای قرمز خرد شده را به همراه نمک، فلفل سیاه و زردچوبه به مواد اضافه کرده و یک دقیقه دیگر تفت دهید تا عطر ادویه‌ها خارج شود. | برنج شسته شده را به همراه مقدار کافی آب (تقریباً ۶ پیمانه یا تا جایی که یک بند انگشت روی برنج را بپوشد) به سبزیجات اضافه کنید. | حرارت را زیاد کنید تا آب برنج به جوش آید، سپس حرارت را متوسط کنید تا آب برنج کاملاً کشیده شود. | پس از کشیده شدن آب، درب قابلمه را به همراه دم‌کنی بگذارید و اجازه دهید پلو به مدت ۳۰ دقیقه با حرارت ملایم دم بکشد."
"dish-19-1766794336336","آش ماش","ash","آش ماش یکی از آش‌های اصیل و سنتی ایران است که به دلیل طبع معتدل و خواص فراوان ماش، بسیار مقوی بوده و معمولاً همراه با شلغم برای تقویت سیستم ایمنی در فصل سرما طبخ می‌شود.","cold","سرد و خشک","خرما یا عسل بعد از غذا","320","80","متوسط","ایرانی","ماش:200:پیمانه | برنج نیم‌دانه:90:پیمانه | سبزی (گشنیز و اسفناج):400:گرم | شلغم خرد شده (اختیاری):2:عدد | پیاز داغ:1:عدد | نمک و فلفل و زردچوبه:1:به میزان لازم | آب یا عصاره گوشت:1500:میلی‌لیتر | نمک و فلفل سیاه و زرد چوبه:1:به میزان لازم","ابتدا ماش و برنج را که از قبل به مدت ۲ ساعت خیسانده‌اید، همراه با آب یا عصاره گوشت درون قابلمه بریزید و روی حرارت متوسط قرار دهید تا کاملاً پخته و نرم شوند. | پس از اینکه ماش و برنج پخته شدند و برنج کمی له شد، شلغم‌های خرد شده را به قابلمه اضافه نمایید تا در کنار سایر مواد بپزند. | سبزی آش (گشنیز و اسفناج) را که از قبل شسته و خرد کرده‌اید به همراه نیمی از پیاز داغ و زردچوبه به قابلمه اضافه کنید. | نمک و فلفل سیاه را مطابق با ذائقه خود اضافه کرده و حرارت را ملایم کنید تا آش به آرامی بجوشد و کاملاً لعاب بیندازد. | پس از اینکه آش جا افتاد، آن را در ظرف مناسب سرو کشیده و با باقی‌مانده پیاز داغ تزئین کنید."
"dish-19-1766799342396","مانی پلو دامغان","polo","غذای محلی دامغان با ترکیب لپه، رشته پلویی، زرشک و گوشت.","hot","گرم و تر","ماست و خیار، سالاد کاهو","550","120","متوسط","ایران","برنج:4:پیمانه | لپه:1:پیمانه | رشته پلویی:200:گرم | گوشت گوسفندی:400:گرم","لپه و گوشت را بپزید. برنج را با رشته و لپه بجوشانید و آبکش کنید. | پلو را با زیره دم کنید و با زرشک و گوشت تزیین کنید."
"dish-19-1766876956937","اشکنه اودوگ (یزدی)","khorak","اشکنه اودوگ یا اشکنه دوغ یکی از غذاهای سنتی و محلی استان یزد است که به دلیل استفاده از دوغ یا ماست ترش، طعمی ملس و دلچسب دارد و بسیار سریع آماده می‌شود.","cold","سرد و تر","نعنا داغ، گردو، زنیان","340","30","آسان","ایران (یزد)","دوغ غلیظ یا ماست ترش همزده:500:میلی‌لیتر | پیاز متوسط:2:عدد | آرد گندم:20:گرم | تخم مرغ:4:عدد | نعنا خشک:10:گرم | گردوی خرد شده:50:گرم | نمک و فلفل سیاه و زرد چوبه:1:به میزان لازم | روغن زیتون:45:قاشق | آب:500:میلیلیتر","پیازها را به صورت نگینی خرد کرده و در یک قابلمه مناسب با روغن تفت دهید تا سبک و طلایی شوند. | آرد گندم، نعنا خشک و زردچوبه را به پیاز داغ اضافه کنید و حدود یک دقیقه تفت دهید تا عطر نعنا آزاد شده و بوی خامی آرد گرفته شود. | دوغ غلیظ یا ماست همزده را با ۵۰۰ میلی‌لیتر آب کاملاً مخلوط کنید تا یکدست شود. | مخلوط دوغ و آب را به آرامی به قابلمه اضافه کنید و به صورت مداوم هم بزنید تا زمانی که مایع به جوش بیاید و از بریدن دوغ جلوگیری شود. | تخم‌مرغ‌ها را در ظرفی جداگانه کمی هم بزنید و به صورت نواری به اشکنه اضافه کنید یا در صورت تمایل آن‌ها را به صورت درسته در قابلمه بشکنید تا بسته شوند. | گردوی خرد شده، نمک و فلفل را اضافه کنید و پس از ۵ دقیقه که غذا جا افتاد، آن را در ظرف ریخته و همراه با نان خشک یزدی سرو نمایید."
"dish-19-1766877137847","کوکو بادمجان","khorak","کوکو بادمجان یک غذای گیاهی لذیذ برای عاشقان بادمجان است. این غذا طعمی دودی و غنی دارد و بسیار سریع آماده می‌شود.","hot","گرم و خشک","ماست چکیده, کشک, سرکه, آبغوره","280","40","آسان","ایران","بادمجان قلمی:4:عدد | تخم مرغ:4:عدد | پیاز سرخ‌کرده (پیاز داغ):2:عدد | سیر رنده‌شده:2:حبه | مغز گردو خرد شده (اختیاری):2:پیمانه | زرشک (اختیاری):1:پیمانه | نمک و فلفل سیاه و زرد چوبه:1:به میزان لازم | روغن مایع:0:به میزان لازم","بادمجان‌ها را پوست بگیرید و یا کباب کنید (برای طعم دودی) یا نگینی خرد کرده و سرخ کنید تا نرم شوند. | اگر بادمجان‌ها کبابی یا آب‌پز شدند، آن‌ها را ساطوری و له کنید. | در یک کاسه، بادمجان‌های آماده شده، پیاز داغ، سیر، ادویه‌ها، گردو و زرشک را مخلوط کنید. | تخم‌مرغ‌ها را اضافه کرده و خوب هم بزنید تا مایه یکدست شود. | در ماهیتابه روغن ریخته و وقتی داغ شد، مایه کوکو را یکجا بریزید و سطح آن را صاف کنید. | درب تابه را بگذارید تا یک طرف سرخ شود، سپس برگردانید تا طرف دیگر نیز طلایی شود."
"dish-19-1766883317767","خورش لوبیا قرمز تند","stew","یک خورش خوش‌طعم و تند و تیز ایرانی که با لوبیا قرمز، گوشت گوساله و ادویه‌های معطر تهیه می‌شود. این غذا به دلیل استفاده از فلفل قرمز و زیره دارای طبعی گرم و عطری دلپذیر است و معمولاً با کته سرو می‌شود.","hot","گرم و تر","روغن زیتون، سرکه و آبلیمو","1750","150","متوسط","ایران","لوبیا قرمز (خیس شده):400:پیمانه | گوشت گوساله بدون چربی:400:گرم | پیاز بزرگ:2:عدد | سیر رنده شده:3:حبه | پودر فلفل قرمز:0:به میزان لازم | رب گوجه فرنگی:45:قاشق | پودر زیره:0:به میزان لازم | نمک و زردچوبه به مقدار لازم:0:به میزان لازم | روغن زیتون:60:قاشق | آب:1000:میلیلیتر","لوبیا قرمز را که از شب قبل خیس کرده‌اید، جداگانه بپزید تا نیم‌پز شود و سپس آب آن را خالی کنید. | پیازها را نگینی خرد کرده و در روغن تفت دهید تا سبک و طلایی شوند، سپس سیر رنده شده را به آن اضافه کنید و کمی دیگر تفت دهید تا عطر سیر آزاد شود. | گوشت گوساله را به قابلمه اضافه کرده و با حرارت متوسط خوب سرخ کنید تا تغییر رنگ دهد، سپس زردچوبه، پودر فلفل قرمز فراوان و پودر زیره را بیفزایید. | رب گوجه‌فرنگی را اضافه کرده و چند دقیقه تفت دهید تا بوی خامی آن گرفته شده و رنگ خورش زیباتر شود. | لوبیای نیم‌پز را به همراه ۱ لیتر آب به قابلمه اضافه کنید و اجازه دهید خورش با حرارت ملایم به مدت ۲ ساعت بپزد تا گوشت و لوبیا کاملاً نرم شوند. | در اواخر پخت، نمک خورش را اندازه کنید و اجازه دهید آب خورش کشیده شده و کاملاً غلیظ و لعاب‌دار شود. | خورش آماده شده را در ظرف مورد نظر بکشید و در کنار کته ایرانی یا چلو سرو کنید."
"dish-19-1766883592583","خورش برگ چغندر","stew","یک خورش سنتی و مقوی ایرانی که با برگ‌های تازه چغندر، گوشت گوسفندی و حبوبات تهیه می‌شود و طعمی ملس و لذیذ دارد.","cold","سرد و تر","زیره، فلفل سیاه، سرکه شیره یا آبغوره","420","120","متوسط","ir","گوشت گوسفندی:400:گرم | برگ چغندر ساطوری شده:500:گرم | لوبیا چشم‌بلبلی یا قرمز:100:پیمانه | پیاز:1:عدد | سبزی معطر (جعفری و نعنا):150:گرم | آبغوره یا آب نارنج:60:قاشق | روغن مایع:1:به میزان لازم | آب جوش:1000:میلیلیتر | نمک و فلفل و زردچوبه:1:به میزان لازم","لوبیاها را از چند ساعت قبل خیس کرده و سپس با مقداری آب به صورت جداگانه بپزید تا آماده شود. | پیاز را به صورت نگینی خرد کرده و در یک قابلمه با مقداری روغن تفت دهید تا سبک و طلایی شود. | تکه‌های گوشت گوسفندی را به پیاز اضافه کرده و همراه با زردچوبه و فلفل سیاه تفت دهید تا رنگ گوشت تغییر کند. | برگ چغندر ساطوری شده و سبزی‌های معطر را در تابه‌ای جداگانه با کمی روغن تفت دهید تا آب آن‌ها کاملاً کشیده شود و کمی سرخ شوند. | سبزی‌های تفت داده شده را به قابلمه گوشت اضافه کرده و حدود ۴ تا ۵ لیوان آب جوش روی مواد بریزید. حرارت را ملایم کنید تا گوشت و سبزیجات به آرامی بپزند. | پس از اینکه گوشت کاملاً پخته شد، لوبیای پخته شده را به قابلمه خورش اضافه کنید. | در ۲۰ دقیقه پایانی پخت، چاشنی ترش (آبغوره یا آب نارنج) و نمک را اضافه کنید و اجازه دهید خورش کاملاً جا افتاده و به روغن بیفتد."
"dish-19-1766883843658","خورش سیرقلیه","stew","خورش سیرقلیه یکی از لذیذترین و معطرترین غذاهای سنتی گیلان است که با ترکیب برگ سیر تازه، گوشت مرغ یا اردک و لپه تهیه می‌شود. عطر بی‌نظیر این غذا ناشی از تفت دادن برگ سیر با تخم‌مرغ است که طعمی متفاوت به این خوراک اصیل می‌بخشد.","hot","گرم و خشک","برنج کته، آبغوره","420","90","متوسط","ir","برگ سیر تازه خرد شده:18:حبه | گوشت مرغ یا اردک:800:گرم | لپه (خیس خورده):100:پیمانه | تخم مرغ:3:عدد | پیاز:1:عدد | آبغوره یا آب نارنج:120:قاشق | نمک و فلفل و زردچوبه:1:به میزان لازم | روغن زیتون:60:قاشق","لپه‌ها را که از قبل خیس کرده‌اید، با مقداری آب جداگانه بپزید تا کاملاً نرم شوند. | پیاز را خرد کرده و در قابلمه با کمی روغن تفت دهید. سپس تکه‌های مرغ یا اردک را به همراه نمک، فلفل و زردچوبه اضافه کرده و پس از کمی تفت دادن با مقداری آب اجازه دهید تا گوشت کاملاً بپزد. | برگ سیرهای خرد شده را در یک تابه با روغن کافی تفت دهید تا سبک و سرخ شوند (مشابه سرخ کردن سبزی قورمه)، اما دقت کنید که تلخ نشوند. | تخم‌مرغ‌ها را در ظرفی جداگانه با کمی نمک و فلفل بزنید تا از لختگی درآیند، سپس به برگ سیرهای تفت داده شده اضافه کنید. اجازه دهید تخم‌مرغ‌ها کمی ببندند و سپس آن‌ها را هم بزنید تا به صورت تکه‌های ریز با سیر مخلوط شوند. | پس از پخت کامل مرغ و کم شدن آب آن، لپه پخته شده و مخلوط سیر و تخم‌مرغ را به قابلمه مرغ اضافه کنید. | آبغوره یا آب نارنج را به عنوان چاشنی اضافه کرده و حرارت را ملایم کنید تا خورش به مدت ۱۵ تا ۲۰ دقیقه کاملاً جا افتاده و روغن بیندازد."
"dish-19-1766958808663","کباب چپلی (کباب چپلی - پاکستان)","international","کباب چپلی یکی از خوشمزه‌ترین و پرطرفدارترین کباب‌های منطقه افغانستان و پاکستان است. این کباب به دلیل استفاده از ادویه‌های تند و معطر و همچنین شکل پهن و بزرگش شهرت دارد و معمولاً با نان گرم و سس ماست سرو می‌شود.","hot","گرم و خشک","ماست یا آبلیمو","420","45","متوسط","پاکستان","گوشت چرخ کرده:600:گرم | ۱ عدد پیاز متوسط (ریز خرد شده و آب گرفته شده):1:عدد | ۱ عدد گوجه‌فرنگی متوسط (ریز خرد شده):1:عدد | ۲ عدد فلفل سبز تند (ریز خرد شده):2:عدد | ۳ قاشق غذاخوری گشنیز تازه (خرد شده):20:گرم | ۱ قاشق غذاخوری زنجبیل و سیر رنده شده (مخلوط):2:حبه | ۲ قاشق غذاخوری آرد ذرت (یا آرد گندم):25:گرم | ۱ عدد تخم‌مرغ:1:عدد | ۱ قاشق چای‌خوری دانه گشنیز (کوبیده شده):5:گرم | ۱ قاشق چای‌خوری دانه زیره (کوبیده شده):5:گرم | ۱ قاشق چای‌خوری پودر فلفل قرمز:5:گرم | ۱/۲ قاشق چای‌خوری پودر انار خشک (اناردانه پودر شده، اختیاری):3:گرم | نمک و فلفل سیاه و زرد چوبه:1:به میزان لازم | روغن برای سرخ کردن:100:میلی‌لیتر","در یک کاسه بزرگ، گوشت چرخ‌کرده را با پیاز آب‌گرفته شده، گوجه‌فرنگی خرد شده، فلفل سبز تند و گشنیز تازه ترکیب کنید. | زنجبیل و سیر رنده شده، آرد ذرت و تخم‌مرغ را به مخلوط اضافه کنید. | تمامی ادویه‌ها شامل دانه گشنیز، دانه زیره، پودر فلفل قرمز، پودر انار خشک، نمک و فلفل سیاه را روی مواد بریزید. | مواد کباب را به مدت ۵ تا ۷ دقیقه با دست خوب ورز دهید تا کاملاً چسبنده و یکدست شوند؛ این مرحله برای جلوگیری از وا رفتن کباب‌ها در تابه حیاتی است. | مایه گوشت را به ۸ تا ۱۰ قسمت مساوی تقسیم کرده و هر قسمت را به شکل یک دایره تخت و بزرگ به قطر تقریبی ۱۰-۱۲ سانتی‌متر درآورید. | روغن را در یک تابه نچسب روی حرارت متوسط گرم کنید و کباب‌ها را با احتیاط داخل آن قرار دهید. | هر طرف کباب‌ها را به مدت ۴ تا ۶ دقیقه سرخ کنید تا کاملاً برشته و مغزپخت شوند. در حین پخت می‌توانید با کفگیر کمی روی آن‌ها فشار دهید. | کباب‌های سرخ شده را روی دستمال کاغذی قرار دهید تا روغن اضافی‌شان گرفته شود و سپس همراه نان، سالاد و سس ماست تند سرو نمایید."
"dish-19-1766959134380","همبرگر ذغالی خانگی - آمریکا","international","یک همبرگر اصیل آمریکایی با طعم دودی زغال، بافتی آبدار و پنیر ذوب شده که به روش سنتی و حرفه‌ای تهیه می‌شود.","cold","سرد و خشک (به دلیل گوشت گوساله)","فلفل سیاه، آویشن، پیاز، سماق، خیارشور","650","45","متوسط","آمریکا","گوشت چرخ کرده:600:گرم | پیاز متوسط:2:عدد | سیر رنده شده:2:حبه | نمک و فلفل سیاه و زرد چوبه:1:به میزان لازم | سس خردل:15:میلی‌لیتر | نان همبرگر:4:عدد | پنیر گودا یا چدار:4:عدد | کاهو:100:گرم | رب گوجه فرنگی:2:قاشق | خیارشور:100:عدد","پیازها را رنده ریز کرده و آب آن‌ها را به طور کامل بگیرید تا باعث وا رفتن گوشت نشوند. | گوشت چرخ‌کرده را در یک کاسه بزرگ با پیاز آب‌گرفته، سیر رنده شده، سس خردل، نمک، فلفل سیاه و زردچوبه مخلوط کنید. | مواد را به مدت ۱۰ دقیقه به خوبی ورز دهید تا بافت گوشت منسجم و چسبنده شود. | مایه همبرگر را به ۴ قسمت مساوی تقسیم کرده و به شکل دایره‌هایی به ضخامت تقریبی ۱.۵ سانتی‌متر فرم دهید. | مرکز هر برگر را با انگشت کمی گود کنید تا هنگام پخت پف نکند و شکل خود را حفظ کند؛ سپس برگرها را ۱ ساعت در یخچال استراحت دهید. | برگرها را روی منقل ذغالی یا تابه گریل بسیار داغ قرار داده و هر طرف را حدود ۴ تا ۵ دقیقه بپزید تا کاملاً مغزپخت شوند. | در دقیقه پایانی پخت، یک ورق پنیر گودا یا چدار را روی هر برگر قرار دهید تا با حرارت ذوب شود. | نان‌های همبرگر را کمی گرم یا گریل کرده و برگر آماده را همراه با کاهو، گوجه‌فرنگی و خیارشور سرو کنید."
"dish-2-1766794336336","آش ترخینه دوغ","ash","آش ترخینه دوغ یکی از سنتی‌ترین و مقوی‌ترین آش‌های ایرانی است که اصالت آن به مناطق غرب کشور (کرمانشاه و لرستان) بازمی‌گردد. این غذا به دلیل وجود ترخینه که ترکیبی از بلغور گندم و دوغ است، سرشار از پروتئین و کلسیم بوده و برای فصول سرد سال بسیار مناسب است.","cold","سرد و تر","نعناع داغ و فلفل سیاه","600","120","متوسط","ایران","قرص ترخینه خشک:300:گرم | آرد نخودچی:100:قاشق | لوبیا چیتی:100:گرم | سبزی آش:400:گرم | پیاز بزرگ:2:عدد | سیر:5:حبه | نعناع خشک:10:قاشق | آب:2000:میلیلیتر | روغن مایع:1:به میزان لازم | نمک و فلفل سیاه و زرد چوبه:1:به میزان لازم","ترخینه‌های خشک را از حداقل ۲ ساعت قبل در مقداری آب ولرم خیس کنید تا کاملاً نرم شده و از هم باز شوند. | نخود و لوبیا چیتی را که از شب قبل خیس کرده‌اید، با مقداری آب روی حرارت قرار دهید تا کاملاً پخته و نرم شوند. | ترخینه‌های خیس خورده را به همراه آبِ آن به قابلمه حبوبات پخته شده اضافه کنید. | سبزی آش را که شامل تره، جعفری، گشنیز و اسفناج است، به قابلمه بیفزایید و حرارت را ملایم کنید تا سبزی‌ها پخته و آش لعاب بیندازد. | پیازها را به صورت خلالی خرد کرده و در روغن سرخ کنید تا طلایی شوند؛ سپس سیر له شده و نعناع خشک را اضافه کرده و تفت کوتاهی دهید تا عطر آن‌ها خارج شود. | نیمی از مخلوط پیاز داغ، سیر داغ و نعناع داغ را به همراه نمک و فلفل سیاه به آش اضافه کنید. | اجازه دهید آش با حرارت بسیار ملایم به مدت ۳۰ دقیقه دیگر بجوشد تا کاملاً غلیظ و جا افتاده شود، سپس در ظرف سرو کشیده و با باقی‌مانده پیاز داغ تزیین کنید."
"dish-2-1766799342395","شویدباقالی با مرغ","polo","یک غذای اصیل و مجلسی ایرانی که ترکیب برنج، باقالی سبز و شوید عطر بی‌نظیری ایجاد می‌کند.","cold","سرد و تر","دارچین، زیره، خرما، فلفل سیاه","550","150","متوسط","ایران","برنج:4:پیمانه | باقالی سبز تازه:2:پیمانه | شوید خشک:4:قاشق | ران مرغ:4:گرم | پیاز:2:عدد | زعفران دم‌کرده غلیظ:1:به میزان لازم","مرغ‌ها را با پیاز و ادویه تفت دهید و با کمی آب بپزید تا سس غلیظ شود. | باقالی‌ها را جداگانه ۱۰ دقیقه در آب جوش بپزید. | برنج را در آب جوش بریزید و قبل از آبکش کردن، باقالی‌ها را به آن اضافه کنید. | برنج و باقالی را لایه لایه با شوید خشک داخل قابلمه بریزید. | برنج را دم کنید و در آخر با کره و زعفران تزیین کرده و با مرغ سرو کنید."
"dish-2-1766876956936","آبگوشت غوره","khorak","آبگوشت غوره یکی از انواع اصیل و سنتی آبگوشت ایرانی است که با استفاده از غوره تازه طعمی ملس و منحصر به فرد پیدا می‌کند. این غذا به دلیل وجود حبوبات و گوشت گوسفندی بسیار مقوی و لذیذ است.","cold","سرد و خشک","زیره سیاه، ادویه‌های گرم، دمنوش نبات","550","240","متوسط","ایران","گوشت گوسفندی با استخوان و چربی:400:گرم | نخود و لوبیا سفید:200:پیمانه | پیاز متوسط:2:عدد | سیب‌زمینی متوسط:2:عدد | غوره تازه:150:قاشق | رب گوجه فرنگی:60:قاشق | نمک و فلفل و زردچوبه:1:به میزان لازم | نمک و فلفل سیاه:1:به میزان لازم | نمک و فلفل و زردچوبه:1:به میزان لازم | شنبلیله خشک:5:گرم | آب:1440:میلیلیتر","نخود و لوبیا را از شب قبل خیس کنید و چندین بار آب آن را عوض کنید تا نفخ آن گرفته شود. | گوشت گوسفندی را به همراه پیازهای خرد شده، زردچوبه و فلفل سیاه در قابلمه تفت دهید تا رنگ گوشت تغییر کند. | نخود و لوبیا را به قابلمه اضافه کرده و ۱۴۴۰ میلی‌لیتر آب روی مواد بریزید و اجازه دهید با حرارت ملایم به مدت ۳ تا ۴ ساعت بپزد. | در یک ساعت پایانی پخت، سیب‌زمینی‌ها را پوست کنده و به همراه رب گوجه‌فرنگی که از قبل کمی در روغن تفت داده شده است، به قابلمه اضافه کنید. | غوره تازه را در ۲۰ دقیقه آخر پخت به همراه نمک و شنبلیله خشک به آبگوشت اضافه کنید تا طعم‌ها با هم ترکیب شوند. | پس از اینکه آبگوشت کاملاً جا افتاد، آب آن را در ظرف جداگانه ریخته و مواد جامد (گوشت، حبوبات و سیب‌زمینی) را با گوشت‌کوب کاملاً بکوبید و سرو کنید."
"dish-2-1766877137846","دوپیازه آلو شیرازی","khorak","دوپیازه آلو یکی از سنتی‌ترین و محبوب‌ترین غذاهای شهر شیراز است که به دلیل ترکیب پیاز داغ فراوان و سیب‌زمینی، طعمی لذیذ و عطری اشتها‌برانگیز دارد. این غذای ساده و گیاهی معمولاً به عنوان شام یا ناهار سبک همراه با نان تازه، سبزی خوردن و ترشی سرو می‌شود.","balanced","سرد (سیب‌زمینی) و گرم (پیاز) - نسبتاً معتدل","نعنا خشک، فلفل سیاه و زیره","320","45","آسان","ایران (شیراز)","سیب‌زمینی:800:عدد | پیاز:4:عدد | رب گوجه فرنگی:40:قاشق | نمک و فلفل سیاه و زرد چوبه:1:به میزان لازم | نعنا خشک (اختیاری):5:گرم | کره یا روغن:60:گرم | ابلیموی ترش و تازه:15:قاشق","ابتدا سیب‌زمینی‌ها را تمیز شسته و در یک قابلمه با مقداری آب و کمی نمک آب‌پز کنید تا کاملاً نرم شوند. | پس از پخت کامل، سیب‌زمینی‌ها را پوست کنده و به صورت مکعب‌های یکسان و متوسط خرد کنید (مراقب باشید له نشوند). | پیازها را به صورت خلالی یا نگینی خرد کرده و در تابه با روغن داغ تفت دهید تا کاملاً سبک، طلایی و کاراملی شوند. | زردچوبه، فلفل سیاه و نمک را به پیازها اضافه کرده و کمی تفت دهید تا عطر ادویه‌ها آزاد شود. | رب گوجه‌فرنگی را به مرکز تابه اضافه کرده و تفت دهید تا رنگ رب باز شده و بوی خامی آن گرفته شود. در صورت تمایل، نعنا خشک را نیز در این مرحله اضافه کنید. | سیب‌زمینی‌های مکعبی را به ترکیب پیاز و رب اضافه کنید و به آرامی هم بزنید تا تمام تکه‌های سیب‌زمینی به سس آغشته شوند. | اجازه دهید مواد حدود ۵ تا ۱۰ دقیقه روی حرارت ملایم با هم تفت بخورند تا طعم‌ها به خورد هم بروند. | در پایان پخت، آبلیموی تازه را اضافه کرده، مواد را یک بار دیگر مخلوط کنید و سپس در ظرف مناسب به همراه نان سرو نمایید."
"dish-2-1766881812358","شوربا بوقلمون کلاسیک","khorak","شوربای بوقلمون یک غذای سنتی، مقوی و سرشار از پروتئین است که با ترکیب سبزیجات تازه و رشته فرنگی تهیه می‌شود و گزینه‌ای عالی و سالم برای وعده‌های غذایی خانواده است.","hot","گرم و تر","گشنیز، سماق، آبغوره","340","90","متوسط","ایران","گوشت بوقلمون:500:گرم | پیاز متوسط:2:عدد | هویج نگینی خرد شده:150:گرم | سیب‌زمینی نگینی:150:عدد | رشته فرنگی:120:گرم | جعفری خرد شده:50:گرم | نمک و فلفل سیاه و زرد چوبه:1:به میزان لازم | روغن مایع:1:به میزان لازم | آب جوش:1000:میلیلیتر | نمک و فلفل و زردچوبه:1:به میزان لازم","ابتدا پیازها را به صورت نگینی خرد کرده و در قابلمه با روغن مایع تفت دهید تا سبک و طلایی شوند. | گوشت بوقلمون را به قطعات کوچک تقسیم کرده و به پیاز اضافه کنید و تفت دهید تا رنگ آن کاملاً تغییر کند. | زردچوبه و فلفل سیاه را اضافه کرده و کمی تفت دهید، سپس آب جوش را اضافه کنید و اجازه دهید گوشت با حرارت ملایم نیم‌پز شود. | هویج و سیب‌زمینی نگینی شده را به قابلمه اضافه کنید و زمان دهید تا تمام مواد و سبزیجات کاملاً پخته و نرم شوند. | پس از پخت کامل گوشت و سبزیجات، رشته فرنگی را اضافه کرده و حدود ۱۰ دقیقه صبر کنید تا رشته‌ها پخته و حجیم شوند. | در ۵ دقیقه پایانی پخت، نمک و جعفری خرد شده را اضافه کرده و سپس شوربا را همراه با چاشنی آبغوره یا سماق سرو کنید."
"dish-2-1766883317766","خورش قیمه یزدی","stew","خورش قیمه یزدی یکی از اصیل‌ترین غذاهای استان یزد است که برخلاف قیمه معمولی، به جای لپه از نخود خیس‌خورده و پوست‌کنده در آن استفاده می‌شود. این خورش فاقد رب گوجه‌فرنگی بوده و با عطر فراوان زعفران، هل و دارچین شناخته می‌شود.","hot","گرم و خشک","کاهو و سکنجبین، خیار","480","150","متوسط","Iran","گوشت گوسفندی:500:گرم | آرد نخودچی:400:قاشق | پیاز بزرگ:2:عدد | لیمو عمانی:3:به میزان لازم | زعفران دم‌کرده:1:به میزان لازم | چوب دارچین:1:قطعه | پودر هل:0:به میزان لازم | نمک و فلفل سیاه و زرد چوبه:1:به میزان لازم | روغن زیتون:50:قاشق","نخودها را از ۲۴ ساعت قبل در آب خیس کرده و چند بار آب آن را عوض کنید، سپس پوست آن‌ها را جدا کرده و به صورت دو نیم شده (لپه‌شده) درآورید. | پیازها را به صورت نگینی خرد کرده و در یک قابلمه با مقدار کافی روغن تفت دهید تا سبک و طلایی شوند. | گوشت گوسفندی خرد شده را به پیازها اضافه کرده و تفت دهید تا رنگ آن تغییر کند، سپس زردچوبه و فلفل سیاه را اضافه کرده و کمی دیگر تفت دهید. | نخودهای آماده شده را به مخلوط گوشت و پیاز افزوده و حدود ۲ دقیقه تفت دهید تا در حین پخت له نشوند. | مقداری آب جوش به قابلمه اضافه کرده و چوب دارچین را داخل آن بیندازید. اجازه دهید خورش با حرارت ملایم بپزد. | لیمو عمانی‌ها را سوراخ کرده و در اواسط پخت گوشت به خورش اضافه کنید. | در ۳۰ دقیقه پایانی پخت، زعفران دم‌کرده، پودر هل و نمک را اضافه کنید (در نسخه اصیل یزدی رب گوجه‌فرنگی وجود ندارد اما در صورت تمایل می‌توانید مقدار کمی اضافه کنید). | اجازه دهید خورش کاملاً جا بیفتد و آب آن غلیظ شود، سپس چوب دارچین را خارج کرده و خورش را همراه با برنج سرو کنید."
"dish-2-1766883592583","قلیه خرچنگ بوشهری","stew","یک خورش دریایی بسیار لذیذ و تند و تیز متعلق به جنوب ایران که با گوشت تازه خرچنگ، سبزیجات معطر و تمر هندی تهیه می‌شود. این غذا به دلیل طبع گرم خرچنگ و طعم ترش تمر هندی، ترکیبی متعادل و بی‌نظیر دارد.","cold","سرد و تر","سیر، فلفل سیاه و زنجبیل","420","60","متوسط","ir","گوشت خرچنگ تازه:800:گرم | پیاز نگینی شده:2:عدد | سیر له شده:6:حبه | سبزی قلیه (گشنیز):400:گرم | سبزی قلیه (شنبلیله):50:گرم | تمر هندی حل شده:200:بسته | آرد گندم:30:گرم | نمک و فلفل و زردچوبه:1:به میزان لازم | فلفل قرمز:0:به میزان لازم | نمک و فلفل و زردچوبه:1:به میزان لازم | روغن مخصوص سرخ کردنی:1:به میزان لازم | آب جوش برای حل کردن تمر:600:میلی‌لیتر","ابتدا گوشت خرچنگ را بخارپز کرده و پس از پخت، گوشت خالص را از پوسته جدا کنید. | پیازهای نگینی شده را در قابلمه با مقداری روغن تفت دهید تا سبک و طلایی شوند، سپس سیر له شده را اضافه کنید و تا بلند شدن عطر آن تفت دادن را ادامه دهید. | سبزی قلیه (گشنیز و شنبلیله خرد شده) را به پیاز و سیر اضافه کنید و با حرارت ملایم به خوبی سرخ کنید تا رنگ سبزی تیره شود (مراقب باشید تلخ نشود). | تمر هندی را در ۶۰۰ میلی‌لیتر آب جوش حل کرده و پس از صاف کردن، آن را با آرد گندم مخلوط کنید تا کاملاً یکدست شود و سپس به سبزی‌ها اضافه کنید. | نمک، زردچوبه و مقدار کافی فلفل قرمز را بیفزایید و اجازه دهید سس به جوش بیاید. | پس از جوش آمدن سس، گوشت خرچنگ را به قابلمه اضافه کنید و اجازه دهید خورش با حرارت بسیار ملایم به مدت ۳۰ تا ۴۰ دقیقه جا بیفتد و غلیظ شود. | در پایان نمک و تندی غذا را تست کرده و آن را در کنار برنج کته یا چلو میل کنید."
"dish-2-1766883843657","خورش ترشه واش","stew","یک خورش اصیل و سنتی گیلانی که با ترکیب سبزیجات معطر محلی، مرغ و بادمجان تهیه می‌شود. این غذا به دلیل استفاده از سبزی ترشه واش و آب نارنج، طعم ترش و لذیذی دارد و معمولاً با برنج کته سرو می‌شود.","cold","سرد و تر","سیر، فلفل سیاه و زنجبیل","420","90","متوسط","ir","مرغ (سینه یا ران):800:گرم | سبزی ترشه واش (سرخ شده):300:گرم | بادمجان قلمی:4:عدد | رب گوجه فرنگی:4:قاشق | سیر رنده شده:4:حبه | آب نارنج یا آبغوره:120:قاشق | نمک و فلفل و زردچوبه:0:به میزان لازم | روغن زیتون:100:قاشق","تکه‌های مرغ را با نمک و زردچوبه کاملاً مزه‌دار کنید و در مقداری روغن تفت دهید تا دو طرف آن‌ها طلایی و سرخ شود. | سیر رنده شده را به سبزی ترشه واش (که قبلاً سرخ شده است) اضافه کرده و در یک قابلمه کمی با هم تفت دهید تا عطر سیر آزاد شود. | تکه‌های مرغ سرخ شده را به مخلوط سبزی و سیر اضافه کنید. حدود ۵۰۰ میلی‌لیتر آب به قابلمه اضافه کرده و اجازه دهید خورش با حرارت ملایم شروع به پختن کند. | بادمجان‌ها را پوست بگیرید، به آن‌ها نمک بزنید و پس از نیم ساعت بشویید و خشک کنید؛ سپس آن‌ها را در روغن سرخ نمایید. | گوجه‌فرنگی‌ها را به صورت حلقه‌ای برش داده و در همان تابه بادمجان‌ها، سرخ کنید تا کمی نرم شوند. | در ۲۰ دقیقه پایانی پخت، آب نارنج یا آبغوره را به همراه بادمجان‌ها و گوجه‌فرنگی‌های سرخ شده به قابلمه اضافه کنید. اجازه دهید خورش کاملاً جا بیفتد و غلیظ شود."
"dish-2-1766884212692","خورش فسنجان (کلاسیک)","stew","یکی از اصیل‌ترین و لذیذترین خورش‌های ایرانی که با ترکیب گردوی آسیاب شده، رب انار و مرغ تهیه می‌شود. ویژگی بارز این خورش روغن انداختن طبیعی گردو و طعم ملس یا شیرین آن است که نماد هنر آشپزی ایرانی در پخت آرام محسوب می‌شود.","hot","گرم و خشک","رب انار ترش، شکر (برای تعدیل)، سکنجبین","680","240","متوسط","ir","مغز گردوی چرخ‌کرده:400:گرم | ۴ تکه مرغ (یا گوشت قلقلی):600:گرم | پیاز بزرگ:1:عدد | رب انار:80:قاشق | شکر (بسته به ذائقه):30:به میزان لازم | نمک و فلفل و زردچوبه:1:به میزان لازم | نمک و فلفل سیاه:1:به میزان لازم | نمک و فلفل و زردچوبه:1:به میزان لازم | زعفران دم‌کرده:1:به میزان لازم | آب سرد:1200:لیتر","پیاز را با رنده ریز رنده کرده و در یک قابلمه مناسب با مقدار بسیار کمی روغن تفت دهید تا سبک و شفاف شود، سپس گردوی چرخ‌کرده را اضافه کرده و حدود ۵ دقیقه با حرارت ملایم تفت دهید تا بوی خامی آن گرفته شده و کمی تیره شود. | آب سرد را به مخلوط گردو و پیاز اضافه کنید. حرارت را زیاد کنید تا آب به جوش بیاید، سپس بلافاصله حرارت را به حداقل رسانده، درب قابلمه را بگذارید و اجازه دهید حدود ۲ تا ۳ ساعت گردو بپزد و روغن بیندازد. | تکه‌های مرغ را در تابه جداگانه‌ای همراه با نمک، فلفل سیاه و زردچوبه با کمی روغن تفت دهید تا اطراف آن طلایی شود، سپس مرغ‌ها را به قابلمه خورش منتقل کنید. | رب انار را به همراه شکر (برای رسیدن به طعم ملس) به خورش اضافه کنید. چاشنی‌ها را مخلوط کرده و غلظت خورش را بررسی کنید. | برای شوک دادن به گردو و کمک به خروج روغن بیشتر، هر نیم ساعت یک تکه یخ کوچک به خورش اضافه کنید. | زعفران دم‌کرده را در ۳۰ دقیقه پایانی اضافه کنید و اجازه دهید خورش با حرارت بسیار ملایم کاملاً جا افتاده، غلیظ و تیره شود (روغن گردو باید روی سطح خورش جمع شود)."
"dish-2-1766956020736","سوپ جو قرمز (سنتی خانگی)","soup","سوپ جو قرمز یکی از محبوب‌ترین و اصیل‌ترین پیش‌غذاهای ایرانی است که با بافتی غلیظ و طعمی لذیذ، انتخابی ایده‌آل برای مهمانی‌ها و فصول سرد سال محسوب می‌شود. این دستور پخت به روش سنتی و با استفاده از مرغ و سبزیجات تازه تهیه شده است.","cold","undefined","فلفل سیاه، لیموترش و روغن زیتون","210","60","آسان","ir","جو پرک ۱ پیمانه:150:گرم | سینه مرغ یا بال و گردن ۲۰۰ گرم:200:گرم | رب گوجه فرنگی:45:قاشق | هویج رنده شده یا نگینی ۲ عدد:200:گرم | پیاز ۱ عدد:1:عدد | سبزی سوپ (جعفری و گشنیز) ۱۰۰ گرم:100:گرم | زرشک (اختیاری) ۱ قاشق غذاخوری:10:پیمانه | نمک و فلفل و زردچوبه:1:به میزان لازم | نمک و فلفل و زردچوبه:1:به میزان لازم | نمک و فلفل و زردچوبه:1:به میزان لازم | آبلیمو تازه:30:میلی‌لیتر | آب جوش:1.5:میلیلیتر","پیاز را به صورت نگینی ریز خرد کرده و در یک قابلمه مناسب با کمی روغن تفت دهید تا سبک و شفاف شود. | تکه‌های مرغ را به همراه زردچوبه به پیاز اضافه کنید و تفت دهید تا رنگ مرغ تغییر کرده و بوی زهم آن گرفته شود. | رب گوجه‌فرنگی را به قابلمه اضافه کرده و حدود ۲ دقیقه تفت دهید تا رنگ آن باز شده و بوی خامی آن از بین برود. | آب جوش را به همراه جو پرک که از قبل شسته‌اید به مواد اضافه کنید. حرارت را زیاد کنید تا به جوش بیاید، سپس شعله را ملایم کنید. | هویج‌های رنده شده یا نگینی را به سوپ اضافه کرده و درب قابلمه را بگذارید تا سوپ با حرارت ملایم حدود ۴۵ دقیقه بپزد و مرغ کاملاً پخته شود. | در صورت تمایل، مرغ را از قابلمه خارج کرده، ریش‌ریش کنید و دوباره به سوپ برگردانید. | در ۱۵ دقیقه آخر پخت، سبزی سوپ خرد شده، زرشک، نمک، فلفل و آبلیمو را اضافه کنید و اجازه دهید سوپ کاملاً جا بیفتد و غلیظ شود."
"dish-2-1766956416038","کالباس بوقلمون دودی","fastfood","یک کالباس خانگی بسیار سالم و خوشمزه تهیه شده از سینه بوقلمون تازه که با عصاره دود طعم‌دار شده و انتخابی عالی برای وعده‌های غذایی رژیمی و ساندویچ‌های خانگی است.","hot","گرم و تر","گشنیز یا سماق","275","120","متوسط","ایران","سینه بوقلمون:800:گرم | سیر رنده شده:3:حبه | نشاسته سیب‌زمینی:30:عدد | پودر پیاز:1:عدد | پنیر پیتزا نگینی:70:گرم | آب یخ:80:میلی‌لیتر | عصاره دود:5:میلی‌لیتر | فلفل سفید:0:به میزان لازم | نمک و فلفل و زردچوبه:1:به میزان لازم","ابتدا سینه بوقلمون را به قطعات کوچک تقسیم کرده و همراه با سیر رنده شده در غذاساز بریزید تا کاملاً به صورت خمیر یکدست درآید. | پودر پیاز، نمک و فلفل سفید را به مایه گوشتی اضافه کرده و دوباره میکس کنید. | نشاسته سیب‌زمینی را در آب یخ حل کرده و به تدریج به مخزن غذاساز اضافه کنید و به قدری میکس کنید تا مایه کالباس کاملاً چسبنده و منسجم شود. | در مرحله آخر، عصاره دود و پنیر پیتزا نگینی را به مایه اضافه کرده و با یک لیسک به صورت دستی مخلوط کنید تا قطعات پنیر در بافت کالباس سالم بمانند. | مایه آماده شده را درون کاور مخصوص کالباس یا سلفون چند لایه قرار داده، به خوبی فشرده کنید و دو طرف آن را با نخ محکم گره بزنید تا هیچ هوایی داخل آن نماند. | رول کالباس را در قابلمه حاوی آب در حال جوش ملایم قرار داده و به مدت ۹۰ دقیقه اجازه دهید تا کاملاً پخته شود. | پس از اتمام پخت، کالباس را در آب سرد قرار دهید تا شوک حرارتی ببیند و سپس به مدت حداقل ۱۲ ساعت در یخچال استراحت دهید تا آماده برش شود."
"dish-2-1766956905814","کباب شاندیزی (شیشلیک)","kabab","کباب شاندیزی یا شیشلیک مخصوص شهر شاندیز مشهد است که از دنده‌های گوسفندی مزه‌دار شده تهیه می‌شود و بافتی بسیار لطیف و آبدار دارد.","hot","گرم و تر","سماق، آب نارنج، زیتون پرورده","800","45","متوسط","ایران","دنده گوسفندی (شیشلیک):1:کیلوگرم | پیاز بزرگ:3:عدد | ماست چکیده پرچرب:4:پیمانه | روغن مایع:1:به میزان لازم | زعفران دم‌کرده غلیظ:0:به میزان لازم | فلفل سیاه و نمک:0:به میزان لازم | کره برای رومال:50:گرم","دنده‌ها را به قطعات منظم برش می‌دهیم (معمولاً قصاب این کار را انجام می‌دهد). | پیازها را خلالی کرده و با ماست، روغن، زعفران و فلفل مخلوط می‌کنیم. | دنده‌ها را در این مواد خوابانده و حداقل ۱۲ ساعت در یخچال استراحت می‌دهیم تا ترد شوند. | دنده‌ها را به سیخ مخصوص شیشلیک می‌کشیم به طوری که انحنای استخوان‌ها هم‌جهت باشد. | روی زغال یکدست با حرارت ملایم کباب می‌کنیم. | در دقایق آخر نمک پاشیده و با کره و زعفران رومال می‌کنیم."
"dish-2-1766958808662","Aushak (آشاک افغانی)","international","آشاک یکی از محبوب‌ترین غذاهای سنتی افغانستان است که از خمیرهای ظریف پر شده با سبزی تره (گندنا) تهیه می‌شود و همراه با سس گوشت غلیظ و سس ماست و سیر مخصوص سرو می‌گردد.","balanced","معتدل و تر","نعناع خشک|سیر","620","90","متوسط","افغانستان","آرد سفید:375:گرم | آب:240:میلیلیتر | نمک و فلفل و زردچوبه:1:به میزان لازم | تره یا گندنا:180:گرم | نمک و فلفل سیاه:1:به میزان لازم | گوشت چرخ کرده:250:گرم | پیاز:1:عدد | رب گوجه فرنگی:30:قاشق | روغن زیتون:45:قاشق | ماست چکیده:400:پیمانه | سیر:3:حبه | نعناع خشک:5:قاشق","خمیر را با مخلوط کردن آرد، آب و نمک ورز دهید تا بافتی نرم و یکدست پیدا کند. خمیر را در ظرفی قرار داده، روی آن را بپوشانید و اجازه دهید ۳۰ دقیقه استراحت کند. | تره یا گندنای خرد شده را با مقداری نمک و فلفل مخلوط کنید تا طعم‌دار شود. این ترکیب مواد میانی آشاک را تشکیل می‌دهد. | سس گوشت را تهیه کنید: پیاز نگینی شده را در روغن تفت دهید تا سبک شود، سپس گوشت چرخ کرده را اضافه کرده و تفت دهید تا تغییر رنگ دهد. رب گوجه‌فرنگی و ادویه‌ها را افزوده و با کمی آب اجازه دهید با حرارت ملایم بپزد تا سس غلیظ و جا افتاده شود. | سس ماست را آماده کنید: ماست چکیده را با سیر له شده و کمی نمک کاملاً مخلوط کنید تا یکدست شود. | خمیر استراحت کرده را به کمک وردنه بسیار نازک باز کنید و به شکل مربع‌های ۴ در ۴ سانتی‌متر برش بزنید. مقدار کمی از تره را در مرکز هر مربع قرار داده و لبه‌های خمیر را محکم به هم بچسبانید تا به شکل مثلث یا چهارگوش درآید. | یک قابلمه بزرگ را پر از آب و کمی نمک کرده و به جوش آورید. آشاک‌ها را به مدت ۵ تا ۷ دقیقه در آب جوش بپزید تا زمانی که روی سطح آب شناور شوند، سپس آن‌ها را با دقت آبکش کنید. | برای سرو، مقداری سس ماست را در کف دیس پخش کنید. آشاک‌های پخته را روی آن بچینید. باقی‌مانده سس ماست و سپس سس گوشت داغ را روی آن‌ها بریزید و در نهایت با نعناع خشک تزیین و نوش جان کنید."
"dish-2-1766961078329","Lasagne alla Bolognese (لازانیا آلا بولونزه - ایتالیا)","international","یک غذای اصیل و کلاسیک ایتالیایی از منطقه امیلیا-رومانا که با لایه‌های ورق لازانیا، سس گوشت (بولونزه) با پخت طولانی و سس بشامل غنی تهیه می‌شود.","hot","گرم و تر","آویشن یا رزماری","780","150","متوسط","ایتالیا","گوشت چرخ کرده:500:گرم | پیاز بزرگ (خرد شده):1:عدد | هویج (رنده شده):200:گرم | ساقه کرفس (خرد شده):2:گرم | گوجه‌فرنگی خرد شده (کنسروی):400:گرم | شیر (برای سس بولونزه):100:پیمانه | شراب قرمز (اختیاری):100:میلی‌لیتر | آب گوشت:240:میلی‌لیتر | روغن زیتون:30:قاشق | کره (برای بشامل):50:گرم | آرد نخودچی:50:قاشق | شیر گرم (برای بشامل):500:پیمانه | نمک و فلفل و زردچوبه:1:به میزان لازم | فلفل سفید:0:به میزان لازم | جوز هندی:0:به میزان لازم | ورق لازانیا:250:گرم | پنیر پارمزان رنده شده:150:گرم","برای تهیه سس بولونزه، روغن زیتون را در یک قابلمه بزرگ گرم کرده و پیاز، هویج و کرفس را اضافه کنید. تفت دهید تا سبزیجات نرم و شفاف شوند. | گوشت چرخ‌کرده را به سبزیجات اضافه کرده و با حرارت متوسط تفت دهید تا رنگ آن کاملاً قهوه‌ای شود و آب آن کشیده شود. | شیر را به گوشت اضافه کنید و اجازه دهید با حرارت ملایم بجوشد تا کاملاً تبخیر شود. سپس شراب قرمز (در صورت تمایل) را اضافه کرده و بگذارید آن هم تبخیر شود. | گوجه‌فرنگی خرد شده، آب گوشت، نمک و فلفل را اضافه کنید. درب قابلمه را گذاشته و اجازه دهید سس به مدت حداقل ۱.۵ تا ۲ ساعت روی حرارت بسیار ملایم غلیظ شود. | برای تهیه سس بشامل، کره را در یک قابلمه کوچک ذوب کنید، آرد را اضافه کرده و ۱ تا ۲ دقیقه تفت دهید تا بوی خامی آن گرفته شود. شیر گرم را کم‌کم اضافه کرده و مدام هم بزنید تا سس یکدست و غلیظ شود. در انتها نمک، فلفل سفید و جوز هندی را اضافه کنید. | فر را از قبل با دمای ۱۸۰ درجه سانتی‌گراد گرم کنید. در یک ظرف مستطیلی مخصوص فر، ابتدا یک لایه نازک سس بشامل بریزید. | یک لایه ورق لازانیا روی سس بچینید. روی آن مقداری سس بولونزه، سس بشامل و پنیر پارمزان بریزید. این مراحل را تکرار کنید تا مواد تمام شوند، به طوری که لایه آخر شامل سس بشامل و پنیر پارمزان فراوان باشد. | ظرف را به مدت ۴۰ تا ۴۵ دقیقه در طبقه وسط فر قرار دهید تا سطح آن طلایی و حباب‌دار شود. قبل از برش زدن، ۱۰ دقیقه اجازه دهید لازانیا استراحت کند."
"dish-2-1766961391029","Pad Thai (پد تای تایلندی)","international","پد تای یکی از مشهورترین و محبوب‌ترین غذاهای خیابانی تایلند است که با نودل برنجی، میگو، توفو و سس مخصوص تمر هندی تهیه می‌شود. این غذا توازنی بی‌نظیر از طعم‌های ترش، شیرین و شور را ارائه می‌دهد.","balanced","معتدل و تر","گشنیز و لیمو","580","35","متوسط","تایلند","رشته فرنگی برنجی تخت:400:پیمانه | میگو:400:گرم | توفو سفت:200:گرم | تخم‌مرغ:4:عدد | جوانه ماش:150:پیمانه | پیازچه:8:عدد | سیر:4:حبه | روغن نباتی:60:میلی‌لیتر | بادام زمینی خرد شده:60:گرم | سس تمر هندی:60:میلی‌لیتر | شکر قهوه‌ای:50:به میزان لازم | سرکه برنج:30:میلیلیتر | فلفل چیلی قرمز:0:به میزان لازم | برش لیمو برای سرو:2:عدد | گشنیز تازه برای تزیین:50:گرم","رشته فرنگی برنجی را به مدت ۳۰ دقیقه در آب ولرم خیس کنید تا نرم و انعطاف‌پذیر شود، سپس آبکش کرده و کنار بگذارید. | در یک کاسه کوچک، سس تمر هندی، شکر قهوه‌ای و سرکه برنج را به خوبی با هم مخلوط کنید تا سس پد تای آماده شود. | یک تابه بزرگ یا ووک را روی حرارت زیاد قرار دهید. ۲۰ میلی‌لیتر روغن اضافه کرده و توفوهای مکعبی را تفت دهید تا طلایی شوند، سپس از تابه خارج کنید. | ۲۰ میلی‌لیتر دیگر روغن اضافه کرده و میگوها را تفت دهید تا تغییر رنگ داده و صورتی شوند، سپس آن‌ها را نیز خارج کنید. | باقیمانده روغن را در تابه ریخته و سیر رنده شده را تفت دهید. تخم‌مرغ‌ها را اضافه کرده و سریع هم بزنید تا پخته و به تکه‌های کوچک تقسیم شوند. | نودل‌های آبکش شده و سس مخصوص را به تابه اضافه کنید. مواد را با حرارت بالا مداوم هم بزنید تا نودل‌ها سس را جذب کرده و نرم شوند. | توفو، میگو، جوانه ماش و پیازچه‌های خرد شده را به تابه برگردانید و فقط به مدت ۱ دقیقه تفت دهید تا همه مواد با هم گرم و ترکیب شوند. | پد تای را در ظرف سرو بکشید و با بادام زمینی خرد شده، گشنیز تازه، فلفل چیلی قرمز و برش‌های لیمو تزیین کرده و بلافاصله سرو کنید."
"dish-2-1766963128331","Ratatouille (رتاتویی - فرانسه)","international","یک خوراک کلاسیک و سالم فرانسوی که با ترکیب رنگارنگ سبزیجات تابستانی و روغن زیتون تهیه می‌شود و می‌توان آن را گرم یا سرد میل کرد.","balanced","معتدل و تر","آویشن یا رزماری","210","60","متوسط","فرانسه","بادمجان:400:عدد | کدو سبز:350:گرم | پیاز:1:عدد | فلفل دلمه‌ای قرمز:200:عدد | فلفل دلمه‌ای زرد:200:عدد | گوجه‌فرنگی خرد شده:400:گرم | سیر:3:حبه | روغن زیتون:75:قاشق | آویشن خشک:3:گرم | برگ بو:1:به میزان لازم | نمک و فلفل و زردچوبه:1:به میزان لازم | نمک و فلفل سیاه:1:به میزان لازم","بادمجان‌های خرد شده را با کمی نمک مزه‌دار کنید و برای ۱۵ دقیقه کنار بگذارید. سپس آبکش کرده و خشک کنید تا تلخی آن گرفته شود. | در یک قابلمه بزرگ، ۳۰ میلی‌لیتر روغن زیتون را گرم کنید. پیاز خرد شده را تفت دهید تا سبک شود، سپس فلفل دلمه‌ای‌های قرمز و زرد خرد شده را اضافه کرده و تفت دهید. | سیر له شده و آویشن خشک را به قابلمه اضافه کرده و ۱ دقیقه تفت دهید تا عطر آن‌ها خارج شود. سپس گوجه‌فرنگی خرد شده و برگ بو را اضافه کنید. اجازه دهید سس به مدت ۱۵ دقیقه با حرارت ملایم بجوشد. | در یک تابه جداگانه، باقی‌مانده روغن زیتون را گرم کنید و بادمجان و کدو سبز را تفت دهید تا نرم و کمی طلایی شوند. | سبزیجات سرخ شده را به قابلمه سس اضافه کنید. نمک و فلفل سیاه را اندازه کنید. درب قابلمه را بگذارید و اجازه دهید خوراک به مدت ۳۰-۴۰ دقیقه با حرارت بسیار ملایم بپزد تا کاملاً جا بیفتد. | در انتها برگ بو را از قابلمه خارج کرده و خوراک را در ظرف مناسب سرو کنید."
"dish-2-1766972486974","Tabbouleh (سالاد تبوله لبنانی)","international","سالاد تبوله یکی از مشهورترین پیش‌غذاهای مدیترانه‌ای و لبنانی است که بر پایه جعفری تازه، گوجه‌فرنگی و بلغور تهیه می‌شود. این سالاد به دلیل استفاده از سبزیجات تازه و آب‌لیموی فراوان، طعمی بسیار باطراوت و سالم دارد و گزینه‌ای عالی برای رژیم‌های گیاهی است.","balanced","undefined","پیاز | نعنا | روغن زیتون","185","40","آسان","لبنان","جعفری تازه (بسیار ریز خرد شده):200:به میزان لازم | گوجه‌فرنگی (ریز نگینی خرد شده):300:گرم | خیار (ریز نگینی خرد شده، اختیاری):150:گرم | پیازچه (ریز خرد شده) یا پیاز قرمز کوچک (ریز خرد شده):1:عدد | نعنا تازه (ریز خرد شده):50:گرم | بلغور ریز:45:گرم | آبلیمو تازه:60:میلی‌لیتر | روغن زیتون:45:قاشق | نمک و فلفل و زردچوبه:1:به میزان لازم | نمک و فلفل سیاه:1:به میزان لازم","بلغور ریز را در یک کاسه کوچک ریخته و با مقداری آب سرد به مدت ۱۵ تا ۲۰ دقیقه خیس کنید تا نرم شود. سپس آن را در صافی ریخته و با فشار دست، تمام آب اضافی آن را بگیرید تا کاملاً خشک شود. | جعفری و نعنای تازه را پس از شستن و خشک کردن، بسیار ریز و ساطوری خرد کنید. توجه داشته باشید که سبزی‌ها نباید له شوند. | گوجه‌فرنگی‌ها و خیار را به صورت نگینی بسیار ریز خرد کنید. اگر گوجه‌فرنگی‌ها خیلی آبدار هستند، قسمت میانی و تخم آن‌ها را جدا کنید تا سالاد آب نیندازد. | پیازچه یا پیاز قرمز را نیز به صورت بسیار ریز خرد کرده و به همراه سایر سبزیجات و بلغور آماده شده در یک کاسه بزرگ با هم مخلوط کنید. | در یک ظرف جداگانه، آب‌لیموی تازه، روغن زیتون، نمک و فلفل سیاه را با هم ترکیب کنید تا سس یکنواختی به دست آید. | سس را روی مواد سالاد ریخته و به آرامی زیر و رو کنید تا تمام اجزا به سس آغشته شوند. | سالاد را به مدت حداقل ۳۰ دقیقه در یخچال قرار دهید تا طعم‌ها کاملاً به خورد هم بروند. سپس در ظرف مورد نظر ریخته و به همراه برگ‌های کاهو سرو کنید."
"dish-2-1769808192408","تانتونی گوشت رژیمی (کم‌چرب)","international","تانتونی یکی از لذیذترین غذاهای خیابانی ترکیه است که در این نسخه به صورت رژیمی تهیه می‌شود. در این دستور، با استفاده از فیله گوساله کم‌چرب، روغن زیتون و نان سبوس‌دار، یک وعده غذایی سالم، پرپروتئین و در عین حال خوش‌طعم خواهید داشت که برای رژیم‌های کاهش وزن و ورزشکاران بسیار مناسب است.","معتدل","undefined","سبزی خوردن تازه","380","35","متوسط","ترکیه","فیله گوساله:500:گرم | روغن زیتون:30:قاشق | نان مدیترانه‌ای سبوس‌دار:4:عدد | رب گوجه فرنگی:40:قاشق | پیاز قرمز:2:عدد | رب گوجه فرنگی:2:قاشق | جعفری تازه:50:به میزان لازم | آب:100:میلیلیتر | سماق:0:قاشق | فلفل قرمز ملایم:0:به میزان لازم | نمک و فلفل و زردچوبه:0:به میزان لازم","فیله گوساله را به صورت نگینی بسیار ریز (تقریباً به اندازه نخود) خرد کنید تا سریع پخته و در نان به خوبی پخش شود. | گوشت خرد شده را در یک تابه مناسب ریخته و ۱۰۰ میلی‌لیتر آب را به آن اضافه کنید. درب تابه را بگذارید و اجازه دهید با حرارت ملایم پخته و آب آن کاملاً کشیده شود. | پس از خشک شدن آب، روغن زیتون و رب گوجه‌فرنگی را به تابه اضافه کرده و گوشت را به مدت ۲ الی ۳ دقیقه تفت دهید تا طعم و رنگ رب به خورد گوشت برود. | نمک، زردچوبه و فلفل قرمز ملایم را اضافه کرده، سریع هم بزنید تا عطر ادویه‌ها آزاد شود و سپس تابه را از روی حرارت بردارید. | پیازهای قرمز را به صورت خلالی بسیار نازک خرد کرده، جعفری را ساطوری کنید و گوجه‌فرنگی‌ها را نیز به صورت نگینی ریز خرد نمایید. | پیاز و جعفری خرد شده را با سماق مخلوط کنید تا طعم‌دار شوند. | نان‌های مدیترانه‌ای سبوس‌دار را برای چند لحظه روی دهانه تابه گوشت قرار دهید تا با بخار و چربی ملایم غذا گرم و نرم شوند. | مقداری از مایه گوشتی را در مرکز نان قرار داده، سپس مخلوط پیاز و سماق و قطعات گوجه‌فرنگی را روی آن بریزید. | نان را به صورت لقمه‌ای (رول) محکم بپیچید و بلافاصله به صورت گرم سرو کنید."
"dish-2-1769901425087","خاگینه هویج","dessert","خاگینه هویج یک دسر سنتی و مقوی ایرانی است که با ترکیب هویج، تخم‌مرغ و شربت معطر زعفرانی تهیه شده و معمولاً به عنوان میان‌ وعده یا دسر در مهمانی‌ها سرو می‌شود.","معتدل","undefined","زنجبیل","345","40","متوسط","ir","هویج رنده شده:300:گرم | تخم‌مرغ:3:عدد | آرد نخودچی:36:قاشق | گردو خرد شده:45:پیمانه | هل و زعفران:0:به میزان لازم | شکر برای شربت:200:به میزان لازم | آب:150:میلیلیتر | روغن مایع:1:به میزان لازم","هویج‌های رنده شده را در یک تابه بدون روغن کمی تفت دهید تا آب اضافی آن‌ها کشیده شده و نرم شوند، سپس بگذارید تا کاملاً خنک شوند. | در یک کاسه بزرگ، تخم‌مرغ‌ها را با همزن دستی بزنید تا از حالت لختگی خارج شوند و سپس آرد، گردو، هل و زعفران را به آن اضافه کنید. | هویج‌های خنک شده را به مخلوط تخم‌مرغی اضافه کرده و هم بزنید تا مایه کاملاً یکنواختی به دست آید. | مقداری روغن در تابه ریخته و پس از داغ شدن، مایه خاگینه را در آن پخش کنید و با درب بسته و حرارت ملایم اجازه دهید هر دو طرف آن سرخ و طلایی شود. | شکر و آب را در یک قابلمه کوچک مخلوط کرده و روی حرارت قرار دهید تا بجوشد و شربت کمی غلیظ شود، سپس بگذارید تا شربت ولرم شود. | شربت خنک شده را روی خاگینه گرم در تابه بریزید و اجازه دهید چند دقیقه با حرارت بسیار کم بماند تا شربت کاملاً به خورد خاگینه برود."
"dish-2-1769902135931","کاچی شیره انگور (کایماق)","dessert","کاچی شیره انگور یا کایماق یک دسر اصیل، سنتی و بسیار مقوی ایرانی است که به دلیل داشتن شیره انگور و آرد، منبع غنی انرژی بوده و انتخابی عالی برای فصول سرد یا بازیابی قوای بدنی است.","گرم","undefined","سرکه شیره","580","45","متوسط","ir","آرد برنج:62.5:پیمانه | آرد گندم:62.5:گرم | شیره انگور:360:پیمانه | آب:720:میلیلیتر | کره محلی:100:گرم | زعفران:1:به میزان لازم | رازیانه:0:به میزان لازم","آرد گندم و آرد برنج را ابتدا الک کرده و سپس در یک قابلمه مناسب ریخته و با کره محلی روی حرارت ملایم تفت دهید تا بوی خامی آرد گرفته شود و عطر آن بلند شود. | در ظرفی جداگانه، آب و شیره انگور را با یکدیگر مخلوط کرده و روی حرارت قرار دهید تا گرم شوند و شیره کاملاً در آب حل شود. | محلول آب و شیره گرم را به آرامی به مخلوط آرد و کره اضافه کنید و همزمان با سرعت هم بزنید تا آرد گلوله نشود و بافت کاچی یکدست شود. | زعفران دم‌کرده و پودر رازیانه را برای عطر و طعم بهتر به قابلمه اضافه کرده و مواد را با هم مخلوط کنید. | درب قابلمه را گذاشته و اجازه دهید کاچی به مدت ۳۰ دقیقه با حرارت بسیار کم دم بکشد تا به غلظت مطلوب رسیده و روغن بیندازد."
"dish-2-1769902867207","سالاد اندونزی مجلسی با قارچ","international","این سالاد مجلسی یک پیش‌غذای شیک و خوشمزه است که ترکیب قارچ تفت داده شده با کلم و کالباس، طعمی متفاوت و جذاب به آن می‌بخشد.","سرد","undefined","پودر سیر و آویشن","285","20","آسان","اندونزی","کلم سفید:150:گرم | قارچ دگمه ای:200:گرم | کالباس:150:گرم | فلفل دلمه ای رنگی:1:عدد | خیارشور:4:عدد | سس مایونز:60:میلیلیتر | خردل:15:میلیلیتر | ابلیموی ترش و تازه:15:قاشق | نمک و فلفل و زردچوبه:1:به میزان لازم | نمک و فلفل سیاه:1:به میزان لازم","ابتدا قارچ‌ها را به صورت اسلایس‌های نازک خرد کنید و در یک تابه با حرارت بالا تفت دهید تا آب آن‌ها کاملاً کشیده شود، سپس کنار بگذارید تا کاملاً خنک شوند. | کلم سفید را به صورت خلالی بسیار نازک و یکدست خرد کرده و در یک کاسه بزرگ بریزید. | فلفل دلمه‌ای رنگی را به صورت خلالی نازک و خیارشور و کالباس را به صورت نواری خرد نموده و به کلم اضافه کنید. | در یک ظرف جداگانه، سس مایونز، خردل، آب لیمو ترش، نمک و فلفل سیاه را با هم مخلوط کنید تا سسی یکدست به دست آید. | قارچ‌های خنک شده را به مخلوط سبزیجات و کالباس اضافه کرده و سس تهیه شده را روی کل مواد بریزید. | مواد سالاد را به آرامی زیر و رو کنید تا سس به تمام بخش‌ها برسد. | سالاد را در ظرف سرو ریخته، تزیین کنید و برای طعم‌گیری بهتر حداقل به مدت ۲ ساعت قبل از سرو در یخچال قرار دهید."
"dish-2-1769975411817","مرغ سوخاری اسپایسی (تند)","international","یک مرغ سوخاری بسیار ترد و کرانچی با طعم تند و لذیذ که به دلیل استفاده از آرد سوخاری پولکی و مرینیت ماست، بافتی نرم در داخل و ترد در بیرون دارد.","گرم","undefined","ماست یا دوغ","550","45","متوسط","آمریکا","مرغ ۸ تکه:1000:گرم | آرد سوخاری پولکی:250:گرم | پودر فلفل قرمز تند:20:به میزان لازم | پودر پاپریکا:10:گرم | سس تند:30:میلی‌لیتر | ماست:240:میلیلیتر | روغن مایع:0:به میزان لازم","ابتدا تکه‌های مرغ را کاملاً شسته و خشک کنید. | در یک ظرف مناسب، ماست را با سس تند و نیمی از پودر فلفل قرمز مخلوط کنید تا یکدست شود. | تکه‌های مرغ را در مخلوط ماست قرار داده و کاملاً آغشته کنید. درب ظرف را ببندید و به مدت ۴ ساعت در یخچال استراحت دهید تا طعم‌ها به خورد مرغ برود. | در یک سینی یا ظرف تخت، آرد سوخاری پولکی را با پودر پاپریکا و باقی‌مانده پودر فلفل قرمز مخلوط کنید. | هر تکه مرغ را از مرینیت خارج کرده و در مخلوط آرد سوخاری قرار دهید. با فشار دست، آرد را به تمام قسمت‌های مرغ بچسبانید تا حالت پولکی و ضخیم پیدا کند. | در یک قابلمه گود، مقدار زیادی روغن ریخته و اجازه دهید کاملاً داغ شود. | مرغ‌ها را با حرارت ملایم و به آرامی در روغن سرخ کنید تا کاملاً مغزپخت و سطح آن‌ها طلایی و ترد شود. | مرغ‌های سوخاری را پس از پخت روی توری یا دستمال مخصوص روغن‌گیر قرار دهید تا روغن اضافی آن‌ها خارج شود و سپس گرم سرو کنید."
"dish-2-1769975438100","شنیتسل ماهی قزل‌آلا","khorak","شنیتسل ماهی قزل‌آلا یک غذای دریایی ترد و لذیذ است که با پوشش پودر سوخاری نارنجی و طعم‌دهنده‌های تازه تهیه می‌شود و گزینه‌ای عالی برای یک وعده غذایی سالم و مجلسی است.","سرد","undefined","زنجبیل و خرما","420","45","متوسط","ir","فیله ماهی قزل‌آلا:800:گرم | تخم‌مرغ:2:عدد | پودر سوخاری نارنجی:250:گرم | آبلیموی تازه:30:میلیلیتر | ادویه ماهی و زردچوبه:0:به میزان لازم | روغن زیتون:100:قاشق","فیله‌های ماهی قزل‌آلا را پس از شستن با دستمال مخصوص آشپزخانه کاملاً خشک کنید تا پودر سوخاری بهتر به آن بچسبد. | ماهی‌ها را در یک ظرف لبه‌دار قرار داده و با آبلیموی تازه، زردچوبه و ادویه مخصوص ماهی به خوبی مزه‌دار کنید و اجازه دهید ۳۰ دقیقه در یخچال استراحت کنند. | تخم‌مرغ‌ها را در ظرفی جداگانه شکسته و با چنگال بزنید تا بافت آن یکدست شود. | پودر سوخاری نارنجی را در یک سینی یا بشقاب تخت پخش کنید. | هر فیله ماهی را ابتدا به طور کامل در تخم‌مرغ زده شده فرو ببرید و سپس در پودر سوخاری بغلتانید تا تمام سطح آن با پودر پوشانده شود. | روغن زیتون را در یک تابه نچسب ریخته و روی حرارت ملایم قرار دهید تا داغ شود. | فیله‌های آماده شده را داخل تابه قرار دهید و هر طرف را حدود ۵ تا ۷ دقیقه سرخ کنید تا طلایی و ترد شوند. | پس از سرخ شدن، ماهی‌ها را روی دستمال روغن‌گیر قرار دهید و سپس به همراه سبزیجات یا برنج سرو کنید."
"dish-2-1770080337713","چیکن تندر با طعم تند (اسپایسی)","international","فیله‌های مرغ سوخاری شده با بافتی بسیار ترد و طعمی تند که به دلیل استفاده از آرد پانکو و سس تند، تجربه‌ای متفاوت از مرغ سوخاری را رقم می‌زند. این غذا به عنوان یک فست‌فود محبوب در کنار انواع سس‌ها سرو می‌شود.","گرم","undefined","دوغ یا ماست","480","90","متوسط","آمریکا","فیله مرغ:600:گرم | سس فلفل تند:45:میلی‌لیتر | سرکه سفید:15:میلیلیتر | آرد سوخاری پانکو:125:گرم | پودر فلفل قرمز:0:به میزان لازم | تخم مرغ:2:عدد | روغن مخصوص سرخ کردنی:1:به میزان لازم | نمک و فلفل و زردچوبه:1:به میزان لازم","فیله‌های مرغ را به صورت نوارهای طولی یکدست برش بزنید. | در یک کاسه، سس فلفل تند و سرکه سفید را مخلوط کرده و فیله‌ها را به آن اضافه کنید. درب ظرف را بسته و به مدت ۱ ساعت در یخچال قرار دهید تا کاملاً مزه‌دار شوند. | در یک ظرف تخت، آرد سوخاری پانکو را با پودر فلفل قرمز مخلوط کنید. | تخم‌مرغ‌ها را در ظرفی جداگانه بشکنید و با چنگال هم بزنید تا کاملاً یکنواخت شوند. | هر تکه از مرغ‌های مزه‌دار شده را ابتدا در تخم‌مرغ فرو برده و سپس در مخلوط آرد سوخاری و فلفل بغلتانید تا تمام سطوح آن پوشیده شود. | روغن را در یک تابه گود داغ کنید و فیله‌ها را در روغن عمیق با حرارت ملایم سرخ کنید تا طلایی و ترد شوند. | مرغ‌های سرخ شده را روی دستمال روغن‌گیر قرار دهید تا روغن اضافی آن‌ها گرفته شود و سپس به صورت گرم سرو کنید."
"dish-2-1770080380305","فیله مرغ زعفرانی با دورچین قارچ","khorak","یک خوراک پروتئینی خوش‌طعم و مجلسی که از ترکیب فیله‌های مرغ مرینیت شده با زعفران اصیل ایرانی و قارچ‌های تفت داده شده تهیه می‌شود. این غذا به دلیل زمان پخت کوتاه و ارزش غذایی بالا، انتخابی عالی برای وعده‌های ناهار یا شام است.","گرم","undefined","سماق یا آب نارنج","540","45","آسان","ir","فیله مرغ:800:گرم | زعفران دم‌کرده غلیظ:1:به میزان لازم | قارچ دگمه ای:400:گرم | پیاز:2:عدد | کره:50:گرم | آب لیمو و نمک:0:به میزان لازم","پیازها را به صورت خلالی نازک خرد کرده و در یک ظرف گود با فیله‌های مرغ، زعفران دم‌کرده غلیظ و مخلوط آب لیمو و نمک ترکیب کنید. درب ظرف را بسته و حداقل به مدت ۲ ساعت در یخچال قرار دهید تا فیله‌ها کاملاً مزه‌دار شوند. | یک تابه نچسب را روی حرارت ملایم قرار داده و کره را در آن ذوب کنید. فیله‌های مرغ را از مواد مرینیت جدا کرده و داخل تابه بچینید. دو طرف فیله‌ها را تفت دهید تا طلایی شده و کاملاً مغزپخت شوند. | در همین حین، قارچ‌ها را به صورت اسلایس‌های یکنواخت خرد کنید. در یک تابه جداگانه، قارچ‌ها را با حرارت بسیار بالا تفت دهید تا آب نیندازند و رنگ آن‌ها سفید بماند (می‌توانید چند قطره آب لیمو برای حفظ رنگ به آن‌ها اضافه کنید). | پس از اینکه فیله‌های مرغ کاملاً پخته شدند، قارچ‌های تفت داده شده را به تابه مرغ اضافه کنید و حدود ۲ تا ۳ دقیقه با هم تفت دهید تا طعم‌ها با هم ترکیب شوند. | خوراک را در ظرف مورد نظر سرو کرده و در صورت تمایل با مقداری جعفری ساطوری شده تزیین کنید. این غذا را می‌توان همراه با برنج زعفرانی یا نان تازه سرو نمود."
"dish-2-1770085451265","انچیلادا گیاهی با سبزیجات (Vegetarian Enchiladas)","international","یک غذای مکزیکی خوشمزه و سالم که با ترکیبی از سبزیجات تازه، ذرت و سس توماتیلو تهیه شده و با لایه‌ای از پنیر ذوب شده در فر پخته می‌شود.","معتدل","undefined","فلفل سیاه و آویشن","320","35","متوسط","مکزیک","کدو سبز خرد شده:250:گرم | ذرت شیرین:150:پیمانه | فلفل دلمه‌ای رنگی:1:عدد | قارچ اسلایس شده:200:گرم | پنیر گیاهی یا کم‌چرب:200:گرم | سس سبز انچیلادا (توماتیلو):480:میلی‌لیتر | نان تورتیلا گندم:8:عدد | نمک و فلفل و زردچوبه:1:به میزان لازم | نمک و فلفل و زردچوبه:1:به میزان لازم","فر را از قبل با دمای ۱۸۰ درجه سانتی‌گراد گرم کنید. | کدو سبز، فلفل دلمه‌ای و قارچ را در یک تابه با مقدار کمی روغن تفت دهید تا کاملاً نرم شوند. | ذرت شیرین را به همراه نمک و فلفل به تابه اضافه کرده و مواد را با هم مخلوط کنید. | حدود ۱۰۰ میلی‌لیتر از سس سبز انچیلادا را به مخلوط سبزیجات اضافه کنید تا مواد کمی حالت غلیظ و یکدست پیدا کنند. | مقداری از مخلوط سبزیجات را در مرکز هر نان تورتیلا قرار داده، نان را محکم رول کنید و در ظرف مخصوص فر که از قبل چرب شده است بچینید. | باقی‌مانده سس سبز را به طور کامل روی نان‌های چیده شده بریزید و سپس پنیر گیاهی یا کم‌چرب را روی آن پخش کنید. | ظرف را به مدت ۱۵ تا ۲۰ دقیقه در فر قرار دهید تا پنیر کاملاً ذوب و روی نان‌ها طلایی شود."
"dish-2-1770086289960","کوئسادیلا سبزیجات و قارچ (Vegetable and Mushroom Quesadilla)","international","یک غذای مکزیکی سالم و لذیذ که از ترکیب قارچ تفت داده شده، کدو سبز و اسفناج همراه با پنیر ذوب شده در نان تورتیلا تهیه می‌شود. این غذا انتخابی عالی برای یک شام سریع و مغذی است.","سرد","undefined","آویشن و فلفل سیاه","480","25","آسان","مکزیک","قارچ اسلایس شده:400:گرم | اسفناج تازه:150:گرم | نان تورتیلا:4:عدد | پنیر گودا:200:گرم | کدو سبز:2:گرم | پیاز قرمز:1:عدد | نمک و فلفل سیاه و زرد چوبه:1:به میزان لازم | روغن مایع:0:به میزان لازم","ابتدا پیاز قرمز را به صورت خلالی نازک و کدو سبز را به صورت نیم‌دایره‌های ظریف خرد کنید. | در یک تابه بزرگ با مقدار کمی روغن، پیاز را تفت دهید تا سبک شود، سپس قارچ و کدو سبز را اضافه کرده و با حرارت بالا تفت دهید تا سبزیجات آب نیندازند و کمی طلایی شوند. | در مرحله آخر، اسفناج تازه را به تابه اضافه کنید و فقط در حد ۳۰ ثانیه تفت دهید تا کمی نرم شود؛ سپس نمک و فلفل را برای طعم‌دار کردن بیفزایید و تابه را از روی حرارت بردارید. | نیمی از سطح هر نان تورتیلا را با مقداری پنیر گودا بپوشانید، سپس مخلوط سبزیجات را روی پنیر ریخته و دوباره کمی پنیر روی آن بپاشید و نان را از وسط تا کنید. | یک تابه نچسب را بسیار کم چرب کرده و هر طرف کوئسادیلا را به مدت ۳ دقیقه روی حرارت ملایم قرار دهید تا نان‌ها کاملاً ترد و پنیر داخل آن‌ها ذوب شود. | کوئسادیلاهای آماده شده را به صورت مثلثی برش زده و همراه با سس سالسا یا خامه ترش سرو کنید."
"dish-2-1770148184121","فیجوادا (Feijoada)","international","فیجوادا اصیل‌ترین غذای برزیلی است که از ترکیب لوبیای سیاه، گوشت گاو و سوسیس تهیه شده و طعمی غنی و لذیذ دارد. این خورش به طور سنتی با برنج سفید و برش‌های پرتقال سرو می‌شود.","معتدل","undefined","زیره یا زنجبیل","650","180","متوسط","برزیل","لوبیا سیاه:400:گرم | گوشت گاو:500:گرم | سوسیس دودی:200:گرم | سیر:4:حبه | برگ بو:2:به میزان لازم | پرتقال:1:عدد | پیاز:2:عدد | روغن زیتون:30:قاشق | آب:1500:میلیلیتر | نمک و فلفل و زردچوبه:1:به میزان لازم | نمک و فلفل سیاه:1:به میزان لازم","لوبیا سیاه را از شب قبل خیس کرده و چندین بار آب آن را تعویض کنید تا نفخ آن گرفته شود. | پیازها را به صورت نگینی خرد کرده و در یک قابلمه بزرگ با مقداری روغن تفت دهید تا طلایی و سبک شوند. | گوشت گاو را به قطعات مکعبی متوسط خرد کرده و به پیازها اضافه کنید. تفت دادن را تا زمانی که رنگ گوشت تغییر کند ادامه دهید. | لوبیاهای خیس خورده را آبکشی کرده و همراه با آب و برگ بو به قابلمه اضافه کنید. درب قابلمه را گذاشته و اجازه دهید با حرارت ملایم حدود ۲ ساعت بپزد. | در اواسط پخت، سوسیس دودی را به صورت حلقه‌ای خرد کرده و همراه با سیر له شده به خورش اضافه کنید. | نمک و فلفل سیاه را به میزان لازم اضافه کرده و اجازه دهید خورش کاملاً جا افتاده و غلیظ شود. | در پایان پخت، برگ‌های بو را خارج کرده و فیجوادا را در کنار برنج سفید و برش‌های تازه پرتقال سرو کنید."
"dish-2-1770148225170","مرغ هاینانی با برنج (Hainanese Chicken Rice)","international","یک غذای کلاسیک و معطر از جنوب شرق آسیا که شامل مرغ پخته شده به روش آرام‌پز و برنجی است که در عصاره مرغ پخته شده است.","معتدل","undefined","سس فلفل تند یا سیر","680","75","متوسط","سنگاپور","مرغ کامل:1400:گرم | برنج یاسمین:540:پیمانه | زنجبیل:50:به میزان لازم | سیر:5:حبه | پیازچه:4:عدد | روغن کنجد:30:به میزان لازم | عصاره مرغ:960:میلی‌لیتر | نمک و فلفل و زردچوبه:1:به میزان لازم","مرغ را کاملاً تمیز کرده و داخل شکم آن را با نیمی از پیازچه‌ها و مقداری زنجبیل پر کنید. | مرغ را در یک قابلمه بزرگ قرار داده و با آب، زنجبیل و پیازچه باقی‌مانده بپزید تا کاملاً نرم و مغزپخت شود. | بعد از پخت کامل، مرغ را بلافاصله در ظرفی حاوی آب و یخ قرار دهید تا پوست آن سفت و صیقلی شود و پخت متوقف گردد. | سیر را در مقداری روغن تفت داده و سپس برنج یاسمین را به آن اضافه کنید؛ برنج را با عصاره مرغ (آب حاصل از پخت مرغ) دم کنید. | مرغ خنک شده را به قطعات مساوی برش داده و سطح آن را با روغن کنجد چرب کنید تا براق و معطر شود. | مرغ را در کنار برنج پخته شده و به همراه سس سویا و زنجبیل رنده شده سرو نمایید."
"dish-2-1770148243186","اوکونومیاکی (Okonomiyaki)","international","یک غذای سنتی و محبوب ژاپنی که نوعی پنکیک شور متشکل از کلم و مواد مختلف است و معمولاً با سس‌های مخصوص تزئین می‌شود. این نسخه با آرد نخودچی برای بافت بهتر تهیه شده است.","معتدل","undefined","فلفل سیاه و زنجبیل","380","30","متوسط","ژاپن","کلم پیچ خرد شده:400:گرم | آرد نخودچی:200:قاشق | تخم مرغ:4:عدد | آب یا عصاره مرغ:240:میلی‌لیتر | پیازچه خرد شده:4:عدد | سس مایونز و سس مخصوص برای تزئین:0:به میزان لازم | روغن مایع:0:به میزان لازم | نمک و فلفل سیاه:1:به میزان لازم","در یک کاسه بزرگ، آرد نخودچی را با آب یا عصاره مرغ و تخم‌مرغ‌ها مخلوط کنید تا خمیری روان و یکدست ایجاد شود. | کلم پیچ خرد شده و پیازچه خرد شده را به همراه مقداری نمک و فلفل به خمیر اضافه کرده و با لیسک هم بزنید تا تمام سبزیجات به خوبی به خمیر آغشته شوند. | یک تابه نچسب بزرگ را با مقدار کمی روغن چرب کرده و روی حرارت ملایم قرار دهید تا کاملاً داغ شود. | مواد را به صورت دایره‌های یکنواخت در تابه پهن کنید، به طوری که ضخامت هر کدام حدود ۲ سانتی‌متر باشد. | هر طرف اوکونومیاکی را حدود ۵ تا ۷ دقیقه با حرارت ملایم سرخ کنید تا طلایی رنگ شده و مرکز آن کاملاً مغزپخت شود. | پس از اتمام پخت، آن‌ها را در ظرف سرو قرار داده و با سس مخصوص و مایونز به صورت خطوط موازی یا شبکه‌ای تزئین و سرو نمایید."
"dish-2-1770148261442","بیف ولینگتون (Beef Wellington)","international","بیف ولینگتون یکی از مجلل‌ترین و کلاسیک‌ترین غذاهای بین‌المللی است که از فیله گوساله، خمیر قارچ (داکسل) و خمیر هزارلا تهیه می‌شود. این غذا با بافت ترد خمیر و مغز آبدار گوشت، انتخابی عالی برای مهمانی‌های رسمی است.","گرم","undefined","سس خردل یا سماق","680","60","متوسط","بریتانیا","فیله گوساله یک تکه:800:گرم | قارچ دگمه ای:500:گرم | خمیر هزارلا:500:گرم | ژامبون:150:گرم | خردل دیژون:30:میلیلیتر | زرده تخم‌مرغ:1:عدد | سیر:2:حبه | نمک و فلفل و زردچوبه:1:به میزان لازم | نمک و فلفل سیاه:1:به میزان لازم","ابتدا فیله گوساله را با نمک و فلفل سیاه مزه‌دار کرده و در یک تابه بسیار داغ با مقدار کمی روغن، تمام جهات آن را سریع سرخ کنید تا لایه بیرونی بسته شود، سپس گوشت را کنار بگذارید تا خنک شود و تمام سطح آن را به خردل دیژون آغشته کنید. | قارچ‌ها و سیر را کاملاً ریز و ساطوری کرده و در تابه بدون روغن تفت دهید تا آب آن‌ها کاملاً کشیده شده و به شکل یک خمیر غلیظ و خشک درآید، سپس اجازه دهید کاملاً خنک شود. | روی یک لایه سلفون، ورقه‌های ژامبون را به صورت همپوشان پهن کنید و خمیر قارچ خنک شده را به صورت یکنواخت روی آن پخش کنید. | فیله گوشت را در ابتدای ردیف ژامبون‌ها قرار داده و با کمک سلفون، ژامبون و قارچ را دور گوشت محکم رول کنید و به مدت ۲۰ دقیقه در یخچال قرار دهید تا فرم خود را حفظ کند. | خمیر هزارلا را روی سطح آردپاشی شده باز کنید، رول گوشت را از سلفون خارج کرده و وسط خمیر قرار دهید، سپس خمیر را دور گوشت بپیچید و لبه‌های اضافی را بگیرید. | روی خمیر را با زرده تخم‌مرغ رومال زده و با پشت چاقو طرح‌های دلخواه روی آن ایجاد کنید. سینی را در فر از قبل گرم شده با دمای ۲۰۰ درجه سانتی‌گراد به مدت ۲۵ تا ۳۵ دقیقه قرار دهید تا خمیر طلایی و برشته شود."
"dish-2-1770148283123","چیکن کی‌یف (Chicken Kyiv)","international","یک غذای کلاسیک و مجلسی اروپایی متشکل از سینه مرغ مغزپر شده با کره طعم‌دار که در پوششی ترد و سوخاری سرخ می‌شود تا بافتی آبدار و لذیذ داشته باشد.","سرد","undefined","فلفل سیاه و زعفران","620","50","متوسط","اوکراین","سینه مرغ:800:گرم | کره سرد:100:گرم | سیر رنده شده:2:حبه | جعفری خرد شده:50:گرم | آرد سوخاری:125:گرم | تخم مرغ:2:عدد | آرد سفید:65:گرم | نمک و فلفل و زردچوبه:1:به میزان لازم | نمک و فلفل سیاه:1:به میزان لازم | روغن سرخ‌کردنی:300:میلیلیتر","کره سرد را با سیر رنده شده و جعفری خرد شده کاملاً مخلوط کنید. مخلوط کره را به شکل استوانه‌های کوچک فرم داده و به مدت ۲۰ دقیقه در فریزر قرار دهید تا کاملاً سفت شود. | سینه‌های مرغ را به چهار قسمت تقسیم کرده و هر تکه را بین دو لایه سلفون قرار دهید. با بیفتک‌کوب آن‌ها را بکوبید تا پهن و نازک شوند، مراقب باشید بافت مرغ پاره نشود. | روی مرغ‌ها نمک و فلفل بپاشید. استوانه‌های کره یخ‌زده را در مرکز هر تکه مرغ قرار داده و مرغ را به صورت محکم رول کنید، به طوری که لبه‌ها کاملاً بسته شوند. | رول‌های مرغ را به مدت ۳۰ دقیقه در یخچال استراحت دهید تا حالت خود را حفظ کنند و در زمان سرخ شدن باز نشوند. | سه ظرف جداگانه برای آرد سفید، تخم‌مرغ زده شده و آرد سوخاری آماده کنید. | هر رول مرغ را ابتدا در آرد سفید، سپس در تخم‌مرغ و در نهایت در آرد سوخاری به خوبی بغلتانید تا تمام سطح آن پوشیده شود. | در یک تابه گود، روغن را داغ کنید و رول‌ها را با حرارت ملایم سرخ کنید تا تمام جهات آن طلایی و مغزپخت شود، سپس روی دستمال حوله‌ای قرار دهید تا روغن اضافی گرفته شود."
"dish-2-1770148305992","کبه (کبه لبنانی)","international","کبه لبنانی یک غذای اصیل و ترد مدیترانه‌ای است که از ترکیب بلغور گندم و گوشت تهیه شده و با مغزهای ترد و ادویه‌های معطر پر می‌شود.","گرم","undefined","ماست و خیار","480","70","متوسط","لبنان","بلغور گندم ریز:360:گرم | گوشت چرخ کرده:500:گرم | پیاز:3:عدد | گردو خرد شده:100:پیمانه | صنوبر یا خلال بادام:30:گرم | ادویه کبه (شامل بهارات، دارچین، جوز هندی):0:به میزان لازم | نعناع خشک:5:قاشق","بلغور گندم ریز را به مدت ۳۰ دقیقه در آب ولرم خیس کرده، سپس در صافی ریخته و با فشار دست آب اضافی آن را کاملاً بگیرید تا خشک شود. | یک عدد پیاز را خرد کرده و همراه با نیمی از گوشت چرخ‌کرده و بلغور آبکش شده درون غذاساز بریزید و آنقدر بزنید تا خمیری یکدست و چسبناک حاصل شود. | دو عدد پیاز باقی‌مانده را نگینی خرد کرده و در تابه تفت دهید تا طلایی شوند، سپس باقیمانده گوشت را اضافه کرده و سرخ کنید. | گردوی خرد شده، صنوبر یا خلال بادام، ادویه کبه و نعناع خشک را به تابه گوشت و پیاز اضافه کرده و کمی تفت دهید تا عطر ادویه‌ها بلند شود، سپس بگذارید مواد خنک شوند. | به اندازه یک گردو از خمیر بلغور برداشته، کف دست گود کنید و دیواره‌های آن را نازک کنید، سپس مقداری از مواد میانی گوشت و مغزها را داخل آن قرار دهید. | لبه‌های خمیر را جمع کرده و با دست مرطوب به شکل دوکی (بیضی نوک‌تیز) حالت دهید تا کاملاً بسته و صاف شود. | کبه‌ها را در مقدار زیادی روغن داغ و شناور به آرامی سرخ کنید تا کاملاً ترد و رنگ آن‌ها قهوه‌ای تیره شود، سپس روی دستمال روغن‌گیر قرار دهید."
"dish-2-1770148326913","Butter Chicken (باتر چیکن)","international","یکی از محبوب‌ترین غذاهای هندی که به دلیل سس خامه‌ای، کره‌ای و طعم ملایم ادویه‌ها در سراسر جهان طرفداران بسیاری دارد. این غذا معمولاً با نان سیر یا برنج بسمتی سرو می‌شود.","گرم","undefined","زیره و لیمو ترش","480","45","متوسط","هند","سینه مرغ:600:گرم | کره:50:گرم | خامه صبحانه:100:گرم | پوره گوجه فرنگی:480:میلیلیتر | پیاز:1:عدد | سیر و زنجبیل رنده شده:2:حبه | ادویه گرام ماسالا:10:گرم | کاجو (بادام هندی) خرد شده:50:گرم | نمک و فلفل و زردچوبه:1:به میزان لازم | فلفل قرمز:0:به میزان لازم | نمک و فلفل و زردچوبه:1:به میزان لازم","ابتدا سینه مرغ را به قطعات مکعبی خرد کرده و با مقداری نمک، فلفل و نیمی از ادویه گرام ماسالا مزه‌دار کنید. سپس تکه‌های مرغ را در تابه با کمی کره سرخ کنید تا طلایی شوند و آن‌ها را کنار بگذارید. | پیاز را به صورت نگینی بسیار ریز خرد کرده و در باقی‌مانده کره تفت دهید تا کاملاً سبک و شفاف شود. | سیر و زنجبیل رنده شده را به پیاز اضافه کرده و حدود ۱ دقیقه تفت دهید تا عطر آن‌ها خارج شود. | پوره گوجه فرنگی را به همراه زردچوبه اضافه کنید و اجازه دهید با حرارت ملایم بپزد تا آب آن کشیده شده و سس غلیظ و تیره شود. | بادام هندی (کاجو) خرد شده را به سس اضافه کنید. در این مرحله می‌توانید سس را در مخلوط‌کن بریزید تا کاملاً یکدست شود (اختیاری). | تکه‌های مرغ سرخ شده را به سس برگردانید، باقی‌مانده گرام ماسالا را اضافه کرده و اجازه دهید ۵ تا ۱۰ دقیقه با هم قل بزنند. | در مرحله آخر، خامه را به ترکیب اضافه کرده و پس از ۱ دقیقه حرارت را خاموش کنید. غذا را با مقداری کره و گشنیز تازه تزیین و سرو نمایید."
"dish-2-1770148347603","چوراسکو (Churrasco)","international","چوراسکو یکی از محبوب‌ترین روش‌های کباب کردن گوشت در آمریکای لاتین، به ویژه برزیل و آرژانتین است. در این روش، قطعات مرغوب گوشت با چاشنی‌های ساده اما معطر مرینیت شده و روی حرارت مستقیم گریل می‌شوند تا بافتی آبدار و طعمی دودی پیدا کنند.","گرم","undefined","آب نارنج یا لیمو","580","40","متوسط","برزیل","گوشت فیله یا راسته:800:گرم | سیر رنده شده:4:حبه | روغن زیتون:60:قاشق | نمک و فلفل قرمز به میزان لازم:0:به میزان لازم | جعفری خرد شده:50:گرم","ابتدا گوشت فیله یا راسته را به قطعات استیکی پهن یا مکعب‌های بزرگ و یکنواخت برش بزنید تا هنگام پخت به صورت همزمان آماده شوند. | در یک ظرف مناسب، سیر رنده شده، روغن زیتون، نمک و فلفل قرمز را با هم ترکیب کنید تا سس مرینیت یکدستی آماده شود. | قطعات گوشت را در ظرف سس قرار داده و کاملاً ماساژ دهید تا تمام بخش‌های گوشت به مواد آغشته شود؛ سپس اجازه دهید به مدت حداقل ۱ ساعت در یخچال استراحت کند. | گریل، باربیکیو یا تابه چدنی را با حرارت بالا کاملاً داغ کنید. گوشت‌ها را روی توری گریل یا داخل سیخ قرار دهید. | گوشت‌ها را با حرارت مستقیم گریل کنید. برای هر طرف حدود ۴ تا ۶ دقیقه زمان (بسته به ضخامت گوشت و میزان پخت دلخواه) کافی است. | در مرحله نهایی و قبل از برداشتن از روی حرارت، جعفری خرد شده را روی گوشت‌ها بپاشید تا عطر آن آزاد شود. | گوشت‌ها را از روی حرارت برداشته، ۵ دقیقه به آن استراحت دهید و سپس همراه با سس‌های تند محلی و سبزیجات گریل شده سرو کنید."
"dish-2-1770148364578","فو بو (Pho Bo)","international","یک سوپ نودل سنتی و اصیل ویتنامی که با عصاره غنی استخوان گاو، ادویه‌های معطر کباب شده و برش‌های بسیار نازک گوشت گوساله تهیه می‌شود.","معتدل","undefined","فلفل قرمز یا سیر ترشی","450","480","متوسط","ویتنام","استخوان گاو:1000:گرم | گوشت راسته گوساله:400:گرم | نودل برنج پهن:400:پیمانه | زنجبیل:50:به میزان لازم | پیاز سوخته:2:عدد | دارچین و میخک و بادیان ستاره‌ای:0:به میزان لازم | سبزیجات تازه (نعنا، ریحان، گشنیز):200:گرم | لیمو ترش و فلفل تند:0:به میزان لازم","ابتدا استخوان‌های گاو را به مدت چند دقیقه بجوشانید و آب آن را دور بریزید تا ناخالصی‌ها جدا شوند. | استخوان‌ها را به همراه پیاز سوخته (کباب شده) و زنجبیل در یک قابلمه بزرگ قرار داده و حدود ۳ لیتر آب اضافه کنید و بگذارید حداقل ۶ تا ۸ ساعت با حرارت بسیار ملایم بجوشد تا عصاره کاملاً خارج شود. | در نیم ساعت پایانی پخت عصاره، دارچین، میخک و بادیان ستاره‌ای را در یک تابه تفت دهید تا عطر آن‌ها آزاد شود و سپس به همراه نمک به قابلمه اضافه کنید. | عصاره را از صافی رد کنید تا یک آب گوشت شفاف و زلال به دست آید و آن را دوباره به دمای جوش برسانید. | نودل‌های برنج پهن را طبق دستور روی بسته‌بندی در آب جوش بپزید تا نرم شوند، سپس آبکش کرده و در ۴ کاسه بزرگ تقسیم کنید. | گوشت راسته گوساله خام را به صورت بسیار نازک و ورقی برش بزنید و روی نودل‌ها قرار دهید. | آب گوشت داغ و در حال جوش را مستقیماً روی گوشت‌های خام بریزید تا حرارت آن باعث پخت سریع گوشت در لحظه سرو شود. | غذا را با سبزیجات تازه (نعنا، ریحان، گشنیز)، برش‌های لیمو ترش و فلفل تند تزیین و بلافاصله میل کنید."
"dish-2-1770148381705","Paella Valenciana (پائیا والنسیا)","international","پائیا والنسیا یکی از مشهورترین غذاهای اسپانیایی است که با برنج، مرغ و سبزیجات تازه تهیه می‌شود. این غذا به دلیل وجود زعفران و ایجاد ته-دیگ ترد در کف ظرف (موسوم به سوکارات)، نزدیکی زیادی به سلیقه غذایی ایرانیان دارد و یک وعده کامل و مجلسی به شمار می‌رود.","گرم","undefined","آب نارنج، روغن زیتون","540","55","متوسط","اسپانیا","برنج دانه کوتاه:400:پیمانه | گوشت مرغ:500:گرم | لوبیا سبز:150:گرم | گوجه فرنگی رنده شده:2:عدد | زعفران دم‌کرده:0:به میزان لازم | عصاره مرغ:850:میلی‌لیتر | نخود فرنگی:100:گرم | پاپریکا و نمک:0:به میزان لازم","ابتدا در یک تابه بزرگ و تخت (پائیا پان)، مقداری روغن زیتون ریخته و تکه‌های مرغ را تفت دهید تا تمام سطوح آن‌ها کاملاً طلایی و برشته شود. | لوبیا سبز خرد شده را به تابه اضافه کرده و چند دقیقه با مرغ تفت دهید. سپس گوجه فرنگی رنده شده را اضافه کنید و اجازه دهید سرخ شود تا آب آن کاملاً کشیده شود. | برنج دانه کوتاه را به همراه پاپریکا و نمک به تابه اضافه کنید. برنج را حدود ۱ تا ۲ دقیقه با سایر مواد تفت دهید تا دانه‌های برنج با روغن و عصاره مرغ و سبزیجات آغشته شوند. | عصاره مرغ گرم و زعفران دم‌کرده را به تابه اضافه کنید. مواد را به آرامی یک بار هم بزنید تا پخش شوند. پس از جوش آمدن، حرارت را کم کنید و به هیچ عنوان برنج را هم نزنید. | در ۱۰ دقیقه پایانی پخت، وقتی آب برنج در حال تمام شدن است، نخود فرنگی را روی سطح برنج پخش کنید. | اجازه دهید پخت ادامه یابد تا عصاره مرغ کاملاً جذب شود و صدای ملایم سرخ شدن برنج در کف تابه شنیده شود (برای ایجاد ته-دیگ). سپس تابه را از روی حرارت برداشته، با یک پارچه تمیز بپوشانید و ۵ دقیقه قبل از سرو استراحت دهید."
"dish-2-1770148403307","لازانیا بولونزه (Lasagna alla Bolognese)","international","لازانیا بولونزه یکی از محبوب‌ترین و کلاسیک‌ترین غذاهای ایتالیایی است که از لایه‌های متناوب ورقه‌های پاستا، سس گوشت غلیظ (بولونزه)، سس بشامل کرمی و پنیر فراوان تهیه می‌شود.","گرم","undefined","سرکه یا آبلیمو در کنار غذا","2650","75","متوسط","ایتالیا","ورق لازانیا:400:گرم | گوشت چرخ کرده:400:گرم | پیاز:1:عدد | سیر:2:حبه | رب گوجه فرنگی:60:قاشق | شیر:500:پیمانه | کره:50:گرم | آرد نخودچی:50:قاشق | پنیر پارمزان و موتزارلا:300:گرم | نمک و فلفل سیاه و زرد چوبه:1:به میزان لازم | آویشن و پودر سیر:0:حبه | آب:120:میلیلیتر | روغن مایع:0:به میزان لازم","پیاز را به صورت نگینی ریز خرد کرده و در تابه با مقداری روغن مایع تفت دهید تا سبک و طلایی شود، سپس سیر له شده و گوشت چرخ کرده را اضافه کرده و تا زمان تغییر رنگ و سرخ شدن گوشت به تفت دادن ادامه دهید. | رب گوجه فرنگی، نمک، فلفل سیاه، پودر سیر و آویشن را به مخلوط گوشت اضافه کنید و تفت دهید تا بوی خامی رب گرفته شده و رنگ آن باز شود. سپس ۱۲۰ میلی‌لیتر آب اضافه کرده و اجازه دهید سس بولونزه با حرارت ملایم غلیظ شده و آب اضافی آن کشیده شود. | برای تهیه سس بشامل، کره را در یک قابلمه کوچک ذوب کرده، آرد نخودچی را اضافه کنید و کمی تفت دهید تا بوی خامی آرد گرفته شود، سپس شیر را به آرامی اضافه کرده و مدام با مفتول هم بزنید تا سس به غلظت فرنی برسد. | ورقه‌های لازانیا را در یک قابلمه بزرگ حاوی آب جوش، نمک و کمی روغن بپزید تا نرم شوند و سپس با دقت آبکشی کرده و روی پارچه تمیز پهن کنید تا به هم نچسبند. | کف ظرف مناسب فر (پیرکس) را با مقداری سس بشامل چرب کنید. لایه‌ها را به ترتیب: یک لایه ورق لازانیا، یک لایه از سس گوشت، مقداری سس بشامل و ترکیبی از پنیر موتزارلا و پارمزان بچینید. | تکرار لایه‌ها را تا تمام شدن مواد ادامه دهید. در لایه آخر، روی ورقه‌های لازانیا را کاملاً با سس بشامل و باقی‌مانده پنیرها بپوشانید و مقداری پودر آویشن روی آن بپاشید. | ظرف را در فری که از قبل با دمای ۱۸۰ درجه سانتی‌گراد گرم شده است به مدت ۳۰ تا ۴۰ دقیقه قرار دهید تا پنیرها کاملاً ذوب و روی لازانیا طلایی و برشته شود."
"dish-2-1770148427755","کباب آدانا (Adana Kebab)","international","کباب آدانا یکی از معروف‌ترین کباب‌های کشور ترکیه است که به دلیل استفاده از فلفل دلمه‌ای قرمز و ادویه‌های تند، طعمی متمایز و لذیذ دارد. این کباب معمولاً با گوشت گوسفندی پرچرب تهیه می‌شود تا بافت نرم و آبداری داشته باشد.","گرم","undefined","پیاز و جعفری و دوغ","520","45","متوسط","ترکیه","گوشت چرخ کرده:800:گرم | فلفل دلمه‌ای قرمز کباب شده 2 عدد:2:عدد | پودر فلفل قرمز تند 1 قاشق:10:به میزان لازم | نمک و فلفل سیاه و زرد چوبه:1:به میزان لازم | پیاز رنده شده و آب‌گرفته 1 عدد:1:عدد","ابتدا فلفل دلمه‌ای‌های قرمز را روی حرارت کباب کنید تا پوست آن‌ها بسوزد، سپس پوست و دانه را جدا کرده و گوشت فلفل را کاملاً ساطوری و ریز کنید. | گوشت چرخ‌کرده را در یک کاسه بزرگ ریخته و پیاز رنده شده (که کاملاً آب آن گرفته شده است) را به همراه فلفل دلمه‌ای ساطوری شده به آن اضافه کنید. | پودر فلفل قرمز تند، نمک و فلفل سیاه را به مخلوط گوشت اضافه کنید و مواد را به مدت حداقل ۱۰ تا ۱۵ دقیقه به خوبی ورز دهید تا کاملاً یکدست و چسبنده شود. | مایه کباب را در ظرفی دربسته قرار داده و به مدت ۱ ساعت در یخچال استراحت دهید تا طعم‌ها با هم ترکیب شده و گوشت منسجم شود. | به اندازه یک پرتقال متوسط از مایه کباب برداشته و روی سیخ‌های پهن مخصوص کباب کوبیده بکشید و با انگشت روی آن فشار وارد کنید تا طرح دار شود. | سیخ‌ها را روی منقل با زغال داغ قرار دهید و در ابتدا سریع بچرخانید تا گوشت روی سیخ ثابت شود، سپس اجازه دهید با حرارت ملایم زغال پخته و آبدار بماند. | این کباب را معمولاً در کنار نان پیتا، گوجه‌فرنگی و فلفل کبابی سرو می‌کنند."
"dish-2-1770853484001","بال مرغ سیر و پارمزان","international","بال مرغ ترد و سوخاری شده با طعم کلاسیک سیر و پنیر پارمزان، یک پیش‌غذای بین‌المللی محبوب و لذیذ که در فر تهیه می‌شود.","معتدل","undefined","سبزیجات تازه (جعفری)","445","50","آسان","آمریکا","بال مرغ:1000:گرم | پنیر پارمزان رنده شده:50:گرم | سیر له شده:4:حبه | کره:50:گرم | جعفری خرد شده:30:گرم | پودر سوخاری:20:گرم | نمک و فلفل و زردچوبه:1:به میزان لازم | نمک و فلفل سیاه:1:به میزان لازم","فر را از قبل با دمای ۲۰۰ درجه سانتی‌گراد گرم کرده و سینی فر را با کاغذ روغنی بپوشانید. | بال‌های مرغ را کاملاً خشک کرده و در یک ظرف با نمک، فلفل سیاه و پودر سوخاری مخلوط کنید تا سطح آن‌ها یکدست پوشانده شود. | بال‌ها را روی سینی فر چیده و به مدت ۳۵ تا ۴۰ دقیقه در فر قرار دهید تا کاملاً ترد و طلایی شوند. | در اواخر زمان پخت مرغ، کره را در یک تابه کوچک ذوب کرده و سیر له شده را به مدت ۱ دقیقه در آن تفت دهید تا بوی آن بلند شود. | بال‌های پخته و داغ را از فر خارج کرده و در یک کاسه بزرگ بریزید. | مخلوط کره و سیر، پنیر پارمزان رنده شده و جعفری خرد شده را به بال‌ها اضافه کرده و سریع هم بزنید تا پنیر به بال‌های داغ بچسبد."
"dish-2-1770853534566","کتف مرغ با سس باربیکیو و عسل","kabab","این خوراک خوشمزه و مجلسی با کتف‌های مرغ ترد و کاراملی تهیه می‌شود که ترکیبی متعادل از طعم دودی سس باربیکیو و شیرینی ملایم عسل را به همراه دارد.","معتدل","undefined","انار یا زرشک","480","45","آسان","ir","کتف مرغ:1000:گرم | سس باربیکیو:240:میلی‌لیتر | عسل:60:میلی‌لیتر | سرکه سیب:30:میلی‌لیتر | پودر سیر:0:حبه | پاپریکا:0:به میزان لازم | نمک و فلفل سیاه:1:به میزان لازم | روغن مایع:1:به میزان لازم","ابتدا کتف‌های مرغ را شسته و با دستمال مخصوص آشپزخانه کاملاً خشک کنید تا پوست آن‌ها هنگام پخت ترد شود. | کتف‌ها را در یک ظرف بزرگ قرار داده و با پودر سیر، پاپریکا، نمک، فلفل سیاه، زردچوبه و روغن مایع به خوبی ماساژ دهید تا تمام سطح مرغ‌ها به ادویه آغشته شود. | فر را از قبل با دمای ۱۸۰ درجه سانتی‌گراد گرم کنید. سینی فر را با کاغذ روغنی بپوشانید و کتف‌ها را با فاصله از هم در سینی بچینید. | سینی را به مدت ۲۰ دقیقه در طبقه وسط فر قرار دهید تا کتف‌ها پخته و کمی طلایی شوند. | در این فاصله، سس باربیکیو، عسل و سرکه سیب را در یک کاسه کوچک با هم مخلوط کنید تا یک سس یکدست و براق به دست آید. | سینی را از فر خارج کرده و با استفاده از برس قنادی، سس تهیه شده را به طور کامل روی تمامی کتف‌ها بمالید. | سینی را مجدداً به مدت ۱۰ تا ۱۵ دقیقه به فر برگردانید تا سس روی مرغ‌ها غلیظ و کاراملی شود. | در نهایت، کتف‌ها را در ظرف مورد نظر چیده و به صورت گرم سرو کنید."
"dish-2-1770853689130","لونگی اردک","khorak","لونگی اردک یکی از اصیل‌ترین و لذیذترین غذاهای محلی گیلان و تالش است که با شکم‌پر کردن اردک با ترکیبی از گردو، رب آلوچه و ادویه‌های معطر تهیه می‌شود. این غذا طعمی ترش و ملس دارد و به دلیل پخت طولانی، بسیار لذیذ و مغزپخت است.","گرم","undefined","آب انار ترش یا سرکه","2350","150","متوسط","ir","اردک:1:عدد | گردو خرد شده:200:پیمانه | رب آلوچه:45:گرم | پیاز بزرگ:2:عدد | آب انار وحشی:120:میلی‌لیتر | گلپر:0:به میزان لازم | نمک و فلفل و زردچوبه:1:به میزان لازم | نمک و فلفل سیاه و زرد چوبه:1:به میزان لازم | روغن مایع:1:به میزان لازم","ابتدا اردک را کاملاً تمیز کرده، شسته و خشک کنید؛ سپس آن را در قابلمه با کمی آب و زردچوبه به مدت ۴۵ دقیقه نیم‌پز کنید تا بافت گوشت آن کمی نرم شود. | پیازها را با رنده ریز رنده کرده و آب اضافی آن‌ها را کاملاً بگیرید تا مایه لونگی شل نشود. | در یک کاسه بزرگ، پیاز رنده شده را با گردوی خرد شده، رب آلوچه، گلپر، نمک و فلفل سیاه به خوبی مخلوط کنید تا خمیر یکدستی به دست آید. | داخل شکم اردک نیم‌پز شده را با مایه آماده شده پر کنید و لبه‌های شکم را با نخ و سوزن تمیز بدوزید یا با خلال دندان محکم کنید. | در یک تابه بزرگ روغن را داغ کرده و اردک را از تمام جهات به خوبی سرخ کنید تا پوست آن کاملاً طلایی و برشته شود. | اردک سرخ شده را در قابلمه قرار دهید، آب انار وحشی را روی آن بریزید و اجازه دهید با حرارت بسیار ملایم به مدت ۱ تا ۱.۵ ساعت کاملاً جا بیفتد و سس آن غلیظ شود."
"dish-2-1770856639426","بی‌بیم‌باپ گیاهی با توفو","international","بی‌بیم‌باپ یکی از مشهورترین غذاهای کره‌ای است که به معنای «برنج مخلوط» می‌باشد. این نسخه گیاهی با استفاده از توفوی ترد و سبزیجات متنوع، وعده‌ای سالم، مغذی و سرشار از پروتئین است.","سرد","undefined","زنجبیل و فلفل سیاه","520","45","متوسط","کره جنوبی","برنج سفید:720:پیمانه | توفو سفت:400:گرم | قارچ دگمه ای:250:گرم | اسفناج پخته:200:گرم | خیار:2:عدد | ترب سفید:100:عدد | رب فلفل گوچوجانگ:60:گرم | روغن کنجد:30:به میزان لازم | سیر رنده شده:3:حبه","برنج سفید را شسته و به صورت کته یا آبکش طبق ذائقه خود بپزید تا آماده شود. | توفو سفت را به صورت مکعب‌های کوچک و یکدست خرد کرده و در تابه با مقداری روغن کنجد تفت دهید تا لبه‌های آن کاملاً طلایی و ترد شود. | قارچ دگمه ای را به صورت ورقه‌ای خرد کرده و به همراه نیمی از سیر رنده شده تفت دهید تا آب آن کشیده و سرخ شود. | خیار و ترب سفید را به صورت خلالی نازک (نوار سسی) برش بزنید و کنار بگذارید. | اسفناج پخته را با مابقی سیر رنده شده و کمی روغن کنجد مخلوط کنید تا طعم‌دار شود. | برای سرو، برنج پخته را در مرکز چهار کاسه بزرگ تقسیم کنید و سپس توفو، قارچ، اسفناج، خیار و ترب را به صورت مجزا و مرتب دور برنج بچینید. | در مرکز هر کاسه مقداری رب فلفل گوچوجانگ قرار داده و پیش از میل کردن، تمام مواد را با هم مخلوط کنید."
"dish-2-1771343394090","شاک شوکا (نیمرو در سس گوجه)","international","شاک شوکا یک غذای محبوب خاورمیانه‌ای است که از پختن تخم‌مرغ در سس تند و معطر گوجه‌فرنگی، فلفل دلمه‌ای و پیاز تهیه می‌شود. این غذا گزینه‌ای عالی برای صبحانه یا ناهار سبک است.","معتدل","undefined","زیره سبز | پودر سیر","180","30","متوسط","خاورمیانه","تخم مرغ:4:عدد | گوجه فرنگی پوره شده:600:میلیلیتر | پیاز:1:عدد | فلفل دلمه ای:150:عدد | سیر:2:حبه | رب گوجه فرنگی:30:قاشق | روغن زیتون:30:قاشق | پاپریکا:0:به میزان لازم | نمک و فلفل و زردچوبه:1:به میزان لازم | نمک و فلفل سیاه و زرد چوبه:1:به میزان لازم","ابتدا پیاز را نگینی خرد کرده و در تابه با روغن زیتون تفت دهید تا طلایی و سبک شود. | فلفل دلمه‌ای خرد شده را به پیاز اضافه کنید و تفت دهید تا فلفل‌ها نرم شوند. | سیر له شده را به همراه زردچوبه و پاپریکا اضافه کرده و حدود یک دقیقه تفت دهید تا عطر ادویه‌ها آزاد شود. | رب گوجه‌فرنگی را به تابه بیفزایید و تفت دهید تا بوی خامی آن گرفته شده و رنگ سس تیره شود. | پوره گوجه‌فرنگی را به همراه نمک و فلفل به مواد اضافه کنید؛ حرارت را کم کرده و اجازه دهید سس بجوشد تا آب اضافی تبخیر و غلیظ شود. | با قاشق ۴ حفره در سطح سس ایجاد کرده و تخم‌مرغ‌ها را با احتیاط درون حفره‌ها بشکنید. | درب تابه را بگذارید و حدود ۵ تا ۱۰ دقیقه زمان دهید تا سفیده تخم‌مرغ‌ها کاملاً سفت شود اما زرده‌ها نرم بمانند."
"dish-2-1771724051453","اکبر جوجه رژیمی (فرپز)","khorak","نسخه‌ای سالم و کم‌کالری از غذای سنتی مازندران که با استفاده از فر و مقدار کمی روغن زیتون تهیه می‌شود تا ضمن حفظ طعم اصیل، برای رژیم‌های غذایی مناسب باشد.","سرد","undefined","روغن زیتون، فلفل قرمز","480","75","متوسط","ir","جوجه مرغ ۲ عدد:1600:گرم | روغن زیتون:45:قاشق | کره آب شده ۲ قاشق غذاخوری:30:گرم | رب انار:120:قاشق | سیر رنده شده ۳ حبه:3:حبه | نمک و فلفل سیاه و زرد چوبه:1:به میزان لازم","ابتدا جوجه‌ها را تمیز کرده و از وسط به دو نیم تقسیم کنید. سپس آن‌ها را با روغن زیتون، سیر رنده شده، نمک و فلفل سیاه کاملاً مزه‌دار کنید و اجازه دهید حداقل ۱ ساعت در یخچال بمانند تا طعم‌ها به خورد گوشت برود. | فر را از قبل روی دمای ۱۸۰ درجه سانتی‌گراد تنظیم و گرم کنید. | جوجه‌ها را در سینی فر قرار داده و روی سینی را با یک لایه فویل آلومینیومی بپوشانید تا جوجه‌ها با بخار خود مغزپخت شوند. | سینی را به مدت ۴۵ دقیقه در طبقه وسط فر قرار دهید. سپس فویل را برداشته و با استفاده از برس آشپزی، کره آب شده را روی پوست جوجه‌ها بمالید. | سینی را مجدداً در فر قرار دهید و در ۱۰ دقیقه آخر پخت، شعله گریل (بالا) را روشن کنید تا پوست مرغ‌ها کاملاً طلایی و برشته شود. | اکبر جوجه آماده شده را در ظرف مناسب قرار داده و همراه با رب انار خانگی و کته ایرانی سرو نمایید."
"dish-2-1775503642243","یوفو کباب با پنیر و قارچ","kabab","ترکیبی لذیذ از کباب یوفو که در میان آن لایه‌ای از قارچ تفت داده شده و پنیر کشسان قرار دارد.","معتدل","undefined","آویشن","710","55","آسان","ترکیه","مخلوط گوشت گوسفند و گوساله:500:واحد | قارچ اسلایس شده:200:گرم | پنیر موزارلا:150:گرم | خمیر جادویی:500:واحد | فلفل دلمه‌ای رنگی:100:عدد | نمک و فلفل و زردچوبه:1:به میزان لازم | پودر سیر:1:حبه","قارچ‌ها را با حرارت بالا تفت دهید تا آب آن کاملاً کشیده شود | گوشت را با ادویه‌ها مخلوط کرده و به شکل دایره‌های پهن درآورید | گوشت را نیم‌پز کنید | مایه گوشت، قارچ و پنیر را بین دو لایه خمیر قرار دهید | لبه‌ها را فرم داده و در فر 190 درجه بپزید"
"dish-2-1776124802763","اردک سوخاری با سس پرتقال","khorak","یک غذای کلاسیک و مجلسی که از ترکیب طعم غنی سینه اردک با سس مرکبات ملس و کره تهیه می‌شود. این روش پخت باعث ترد شدن پوست و آبدار ماندن گوشت می‌گردد.","گرم","undefined","آب پرتقال و سکنجبین","520","30","Medium","ir","سینه اردک:800:گرم | آب پرتقال طبیعی:250:میلی‌لیتر | پوست پرتقال رنده شده:10:گرم | کره:30:گرم | عسل:45:میلیلیتر | سرکه سیب:30:میلی‌لیتر | نمک و فلفل سیاه و زرد چوبه:1:به میزان لازم","ابتدا روی پوست سینه اردک با یک چاقوی تیز، برش‌های لوزی ایجاد کنید به طوری که فقط لایه چربی بریده شود و به گوشت نرسد. | سینه‌های اردک را از سمت پوست در یک تابه سرد (بدون روغن) قرار دهید و سپس حرارت را روشن کرده و روی متوسط رو به بالا قرار دهید تا چربی زیر پوست خارج و برشته شود. | هر طرف سینه اردک را به مدت تقریبی ۷ دقیقه سرخ کنید تا مغزپخت شود، سپس آن‌ها را از تابه خارج کرده و اجازه دهید ۵ دقیقه استراحت کنند. | برای تهیه سس، در یک ظرف جداگانه آب پرتقال، عسل، سرکه سیب و پوست پرتقال رنده شده را مخلوط کرده و روی حرارت بجوشانید تا حجم آن نصف و بافت سس غلیظ شود. | در پایان، کره را به سس گرم اضافه کرده و هم بزنید تا براق و یکدست شود. سینه اردک را به صورت اسلایس برش داده و سس پرتقال را روی آن بریزید و سرو کنید."
"dish-2-1776124850907","اشکمبه چورباسی غلیظ (تربیتلی)","international","یک سوپ سنتی و مجلسی با سیرابی که با چاشنی مخصوص 'تربیتلی' (مخلوط ماست، تخم‌مرغ و آرد) غلیظ و کرمی می‌شود و طعمی متفاوت و لذیذ دارد.","سرد","undefined","زیره و آویشن","345","180","متوسط","ترکیه","سیرابی و شیردان:600:پیمانه | آب گوشت:1200:میلی‌لیتر | ماست چکیده:250:پیمانه | آرد ذرت:30:گرم | زرده تخم‌مرغ:2:عدد | کره:50:گرم | نمک و فلفل و زردچوبه:0:به میزان لازم | نمک و فلفل سیاه و زرد چوبه:1:به میزان لازم | ابلیموی ترش و تازه:45:قاشق","سیرابی و شیردان را پس از تمیز کردن، با آب کافی و کمی زردچوبه کاملاً پخته و سپس به صورت ساطوری و ریز خرد کنید. | در یک ظرف جداگانه، ماست چکیده، آرد ذرت و زرده‌های تخم‌مرغ را با همزن دستی به خوبی بزنید تا بافتی کاملاً یکدست و بدون توده پیدا کند. | یک ملاقه از آب گوشت یا آب سوپ گرم را به آرامی به مخلوط ماست اضافه کرده و هم بزنید تا مخلوط هم‌دما شده و اصطلاحاً بریده نشود. | سیرابی‌های خرد شده را به همراه آب گوشت در قابلمه ریخته و سپس مخلوط ماست (تربیتلی) را به تدریج اضافه کنید و مدام هم بزنید تا به جوش آید و غلظت پیدا کند. | کره را در ظرفی جداگانه ذوب کرده و به سوپ اضافه کنید؛ در نهایت با نمک، فلفل سیاه و ابلیموی ترش تازه طعم‌دار کرده و به صورت داغ سرو کنید."
"dish-2-1776124877277","فسنجان بلدرچین","stew","خورشت فسنجان یکی از اصیل‌ترین و لذیذترین غذاهای ایرانی است که با گوشت بلدرچین طعمی متفاوت و مجلسی پیدا می‌کند. این غذا با ترکیب گردوی آسیاب شده و رب انار، در حرارت ملایم به روغن افتاده و بافتی غلیظ و طعمی ملس دارد.","گرم","undefined","شربت سکنجبین یا انار","780","210","متوسط","ir","بلدرچین:800:گرم | گردو چرخ شده:400:گرم | رب انار:150:قاشق | شکر:40:به میزان لازم | پیاز رنده شده:1:عدد | روغن مایع:0:به میزان لازم | نمک و زردچوبه:0:به میزان لازم","ابتدا پیاز رنده شده را در یک قابلمه مناسب با کمی روغن تفت دهید تا سبک و شفاف شود، سپس زردچوبه را اضافه کنید. | گردوی چرخ شده را به پیاز اضافه کرده و حدود ۲ دقیقه با حرارت ملایم تفت دهید تا بوی خامی آن گرفته شود اما نسوزد. | حدود ۴ لیوان آب بسیار سرد (۹۶۰ میلی‌لیتر) به مخلوط گردو اضافه کرده و اجازه دهید با حرارت ملایم به مدت ۲ ساعت بجوشد تا گردوها کاملاً پخته شده و روغن بیندازند. | بلدرچین‌ها را در تابه‌ای جداگانه با کمی نمک و زردچوبه در روغن مایع تفت دهید تا سطح آن‌ها طلایی شود، سپس آن‌ها را به قابلمه خورشت اضافه کنید. | رب انار و شکر را به خورشت اضافه کرده و طعم آن را مطابق ذائقه خود تنظیم کنید؛ سپس اجازه دهید خورشت ۱ الی ۱.۵ ساعت دیگر با حرارت بسیار کم بجوشد تا کاملاً غلیظ و جا افتاده شود."
"dish-2-1776124903557","استیک سینه بوقلمون با سس قارچ","kabab","یک غذای رژیمی و مجلسی که از سینه بوقلمون گریل شده با طعم سیر و آویشن به همراه سس قارچ خامه‌ای تهیه می‌شود و برای ناهار یا شام بسیار مناسب است.","سرد","undefined","سیر و آویشن","420","35","متوسط","ir","سینه بوقلمون:800:گرم | قارچ اسلایس شده:400:گرم | خامه صبحانه:200:گرم | شیر:240:پیمانه | کره:50:گرم | سیر له شده:2:حبه | روغن زیتون:30:قاشق | نمک، فلفل سیاه و پودر آویشن:0:به میزان لازم","سینه بوقلمون را به صورت لایه‌های نازک برش داده و با روغن زیتون، نمک و فلفل سیاه به خوبی مزه‌دار کنید. | قارچ‌های اسلایس شده را در تابه با مقداری کره و حرارت بالا تفت دهید تا آب نیندازد و طلایی شوند. | سیر له شده را به قارچ اضافه کرده و کمی تفت دهید؛ سپس شیر و خامه را بریزید و روی حرارت ملایم هم بزنید تا سس غلیظ شود و در آخر پودر آویشن را اضافه کنید. | استیک‌های مزه‌دار شده را در تابه چدنی داغ گریل کنید تا هر دو طرف آن‌ها کاملاً مغزپخت و سرخ شود. | استیک‌های پخته شده را در ظرف سرو چیده و سس قارچ گرم را روی آن‌ها بریزید."
"dish-2-1776124930573","حلیم بوقلمون فوری با بلغور","dessert","یک غذای سنتی، مقوی و پرطرفدار ایرانی که در این دستور به صورت فوری و با استفاده از بلغور گندم و گوشت بوقلمون برای ۴ نفر تهیه می‌شود.","گرم","undefined","پودر نارگیل، دارچین","420","90","متوسط","ir","بلغور گندم:360:گرم | گوشت بوقلمون چرخ‌کرده:400:گرم | روغن مایع:1:به میزان لازم | پیاز داغ:1:عدد | نمک و فلفل و زردچوبه:0:به میزان لازم | آب:1500:میلیلیتر","بلغور گندم را به مدت ۲ ساعت در آب خیس کنید، سپس آن را با ۱۰۰۰ میلی‌لیتر آب روی حرارت ملایم قرار دهید تا کاملاً پخته و نرم شود. | گوشت بوقلمون چرخ‌کرده را در تابه‌ای با روغن مایع، زردچوبه و نیمی از پیاز داغ تفت دهید. سپس ۵۰۰ میلی‌لیتر آب اضافه کرده و اجازه دهید گوشت کاملاً بپزد. | بلغور پخته شده را پس از کمی خنک شدن در مخلوط‌کن بریزید یا با گوشت‌کوب برقی بزنید تا بافتی کاملاً یکدست پیدا کند. | گوشت بوقلمون پخته شده را به همراه آب باقی‌مانده از پخت آن به ظرف بلغور اضافه کرده و روی حرارت بسیار ملایم قرار دهید. | حلیم را مدام هم بزنید تا جا افتاده و غلظت مناسب پیدا کند. در اواخر پخت نمک و فلفل را اندازه کرده و با باقی‌مانده پیاز داغ سرو کنید."
"dish-2-1776124950506","Soupa Patsas me Kokkinisto (سیرابی قرمز یونانی)","international","سیرابی پخته شده در سس گوجه‌فرنگی و ادویه‌های مدیترانه‌ای.","معتدل","undefined","زیره سیاه","380","240","متوسط","یونانی","سیرابی خرد شده:1:حبه | رب گوجه فرنگی:2:قاشق | گوجه‌فرنگی پوره شده:200:میلیلیتر | پیاز:1:عدد | چوب دارچین:1:قطعه | روغن مایع:1:به میزان لازم | نمک و فلفل و زردچوبه:1:به میزان لازم | نمک و فلفل سیاه و زرد چوبه:1:به میزان لازم","سیرابی را با آب بپزید تا نیم‌پز شود | پیاز را تفت دهید و رب گوجه و پوره گوجه را اضافه کنید تا غلیظ شود | سیرابی و آب آن را به سس گوجه اضافه کنید | دارچین و ادویه‌ها را ریخته و بگذارید 2 ساعت دیگر بپزد | چوب دارچین را قبل از سرو خارج کنید"
"dish-2-1776124974346","قلیه گوشت شتر","khorak","قلیه گوشت شتر یکی از خورش‌های اصیل، مقوی و خوش‌طعم است که با ترکیب سبزیجات معطر، تمر هندی و گوشت گرم شتر تهیه می‌شود. این غذا برای تقویت سیستم ایمنی و طبع‌های سرد بسیار مناسب است.","گرم","undefined","آب لیمو ترش یا انار","480","240","متوسط","ir","گوشت شتر خرد شده:500:گرم | سبزی (گشنیز و شنبلیله):400:گرم | سیر:6:حبه | پیاز:1:عدد | تمر هندی حل شده:150:بسته | روغن زیتون:45:قاشق | نمک و فلفل قرمز:0:به میزان لازم","پیاز را به صورت نگینی خرد کرده و در قابلمه با روغن زیتون تفت دهید تا سبک و طلایی شود. | گوشت شتر خرد شده را به پیاز اضافه کرده و به خوبی تفت دهید تا رنگ گوشت تغییر کند و آب آن کشیده شود. | سیرهای له شده را به همراه سبزی (گشنیز و شنبلیله) که از قبل ریز خرد شده است، به قابلمه اضافه کنید و با حرارت ملایم تفت دهید تا رنگ سبزی تیره شود. | تمر هندی حل شده را که از صافی رد کرده‌اید به همراه دو پیمانه آب جوش به خورش اضافه کنید. | نمک و فلفل قرمز را اضافه کرده، شعله را ملایم کنید و اجازه دهید خورش به مدت ۳ الی ۴ ساعت به آرامی بپزد تا گوشت کاملاً نرم شده و خورش جا بیفتد و روغن بیندازد."
"dish-2-1776125418831","کباب غاز مجارستانی (Roast Goose)","international","یک غذای مجلسی و کلاسیک مجارستانی که در آن غاز به آرامی کباب شده تا چربی‌های اضافی آن خارج شده و پوست آن کاملاً برشته و ترد شود، در حالی که داخل آن با سیب و پیاز طعم‌دار شده است.","گرم","undefined","گشنیز و سماق","3200","210","متوسط","مجارستان","غاز کامل:4000:گرم | سیب درختی:2:عدد | پیاز قرمز:2:عدد | مریم‌گلی خشک:10:گرم | نمک و فلفل سیاه و زرد چوبه:1:به میزان لازم | سرکه سیب:60:میلی‌لیتر | آب مرغ:500:میلی‌لیتر","ابتدا پوست غاز را در نواحی چرب با چنگال یا نوک چاقو سوراخ کنید تا در حین پخت چربی اضافی خارج شود؛ سپس داخل شکم و روی پوست را با نمک، فلفل سیاه و مریم‌گلی خشک کاملاً ماساژ دهید. | سیب‌ها و پیازها را به چهار قسمت تقسیم کرده و داخل شکم غاز را با آن‌ها پر کنید تا در حین پخت بوی زهم را گرفته و طعم‌دهی کنند. | غاز را روی یک توری فلزی داخل فر قرار داده و زیر آن یک سینی عمیق جهت جمع‌آوری چربی‌های ذوب شده بگذارید. | فر را با دمای ۱۶۰ درجه سانتی‌گراد گرم کنید و غاز را به مدت حدود ۳ ساعت بپزید. در طول پخت، هر یک ساعت یک‌بار از چربی جمع شده در سینی روی پوست غاز بمالید. | در ساعت آخر پخت، سرکه سیب و آب مرغ را به سینی زیر غاز اضافه کنید تا با عصاره‌های گوشت ترکیب شده و سسی غلیظ ایجاد کنند. | در ۳۰ دقیقه پایانی، دمای فر را به ۲۰۰ درجه سانتی‌گراد افزایش دهید تا پوست غاز کاملاً برشته، ترد و قهوه‌ای رنگ شود. | پس از خارج کردن از فر، اجازه دهید غاز ۲۰ دقیقه استراحت کند و سپس آن را به همراه سس حاصل از عصاره داخل سینی سرو کنید."
"dish-20-1766794336336","آش میوه همدان (نسخه سنتی)","ash","یکی از قدیمی‌ترین و اصیل‌ترین آش‌های استان همدان که به دلیل وجود انواع میوه‌های خشک، طعمی ملس و بسیار لذیذ دارد. این آش سرشار از ویتامین و برای تقویت سیستم ایمنی بسیار مفید است.","balanced","معتدل و تر","عسل یا پودر زیره","380","150","متوسط","ایرانی (همدان)","آرد نخودچی:75:قاشق | لوبیا چیتی:75:گرم | عدس:75:پیمانه | آرد نخودچی:50:قاشق | برگه زردآلو:100:گرم | آلو بخارا:100:عدد | آلبالو خشکه:50:گرم | چغندر:2:عدد | سبزی آش:500:گرم | رشته آش:150:گرم | پیاز داغ و سیر داغ:1:حبه | آب:2000:میلیلیتر | نمک و فلفل و زردچوبه:0:به میزان لازم","نخود و لوبیا چیتی را از شب قبل خیس کرده و سپس با آب روی حرارت قرار دهید تا بپزند. در اواسط پخت، عدس را نیز اضافه کنید. | چغندرها را پوست گرفته، به صورت مکعبی خرد کنید و به قابلمه حبوبات نیم‌پز بیفزایید تا با هم بپزند و چغندرها کاملاً نرم شوند. | میوه‌های خشک (برگه زردآلو، آلو بخارا و آلبالو خشکه) را پس از شستن، به مدت ۲۰ دقیقه در آب خیسانده و سپس به همراه آرد نخودچی (که در کمی آب سرد حل شده) به آش اضافه کنید. | سبزی آش خرد شده را به مواد اضافه کرده و اجازه دهید با حرارت ملایم پخته شده و آش اصطلاحاً جا بیفتد. | در ۱۰ دقیقه پایانی پخت، رشته آش را اضافه کنید تا نرم شود. سپس نمک، فلفل و زردچوبه را برای تنظیم طعم نهایی بیفزایید. | پس از اینکه آش به غلظت مناسب رسید، آن را در ظرف سرو کشیده و با پیاز داغ و سیر داغ فراوان تزیین و سرو نمایید."
"dish-20-1766799342396","مرصع‌پلو","polo","جواهر پلو ایرانی که با انواع خلال‌های مغزی و میوه‌های خشک تزیین می‌شود.","hot","گرم و خشک","دوغ محلی، سبزی خوردن","600","120","سخت","ایران","برنج:4:پیمانه | سینه مرغ:500:گرم | خلال بادام و پسته:100:گرم | زرشک و کشمش:1:پیمانه","مرغ را بپزید و ریش کنید. خلال‌ها و زرشک را در کره تفت دهید. | برنج را دم کنید و در دیس با لایه‌های رنگین تزیین کنید."
"dish-20-1766876956937","اشکنه تخم مرغ","khorak","یک غذای سنتی، ساده و نوستالژیک ایرانی که با پیاز داغ، شنبلیله و تخم‌مرغ تهیه شده و معمولاً همراه با نان تیلیت شده سرو می‌شود.","hot","گرم و خشک","ترشی، آبغوره، ماست","280","40","ساده","ایران","پیاز درشت:3:عدد | سیب‌زمینی متوسط:300:عدد | تخم مرغ:4:عدد | شنبلیله خشک:5:گرم | آرد گندم:15:گرم | رب گوجه فرنگی:30:قاشق | آب جوش:720:میلیلیتر | روغن مایع:1:به میزان لازم | نمک و فلفل و زردچوبه:1:به میزان لازم | نمک و فلفل سیاه:1:به میزان لازم | نمک و فلفل و زردچوبه:1:به میزان لازم","پیازها را به صورت خلالی خرد کرده و در قابلمه با روغن تفت دهید تا کاملاً طلایی و سبک شوند. | آرد گندم و شنبلیله خشک را به پیازها اضافه کرده و حدود ۳۰ ثانیه تفت دهید تا عطر شنبلیله آزاد شود؛ دقت کنید که شنبلیله سریع می‌سوزد و تلخ می‌شود. | زردچوبه و رب گوجه‌فرنگی را افزوده و تفت دهید تا رنگ رب باز شود و بوی خامی آن از بین برود. | سیب‌زمینی‌ها را به صورت نگینی خرد کرده، به مواد داخل قابلمه اضافه کنید و کمی تفت دهید. | آب جوش را به قابلمه اضافه کرده، درب آن را بگذارید و اجازه دهید با حرارت ملایم حدود ۲۰ دقیقه بپزد تا سیب‌زمینی‌ها کاملاً نرم شوند. | نمک و فلفل را اندازه کنید. سپس تخم‌مرغ‌ها را دانه دانه داخل اشکنه بشکنید؛ می‌توانید آن‌ها را هم بزنید تا در آب پخش شوند یا بگذارید به صورت درسته پخته شوند. | پس از ۱۰ دقیقه که تخم‌مرغ‌ها کاملاً پختند و غذا جا افتاد، آن را در ظرف ریخته و با نان سنگک یا نان خشک سرو نمایید."
"dish-20-1766877137847","نرگسی اسفناج","khorak","نرگسی اسفناج یکی از غذاهای سنتی، سالم و خوشمزه ایرانی است که از ترکیب اسفناج و تخم‌مرغ تهیه می‌شود. این غذا به دلیل شباهت ظاهری تخم‌مرغ‌های روی اسفناج به گل نرگس، به این نام معروف شده است و گزینه‌ای عالی برای یک وعده سبک و مغذی محسوب می‌شود.","cold","سرد و تر","فلفل سیاه، دارچین، سیر، روغن کنجد","850","40","آسان","ایران","اسفناج تازه:1:گرم | تخم‌مرغ:4:عدد | پیاز بزرگ:1:عدد | سیر:4:حبه | روغن (ترجیحاً حیوانی یا کره):60:گرم | نمک، فلفل سیاه، زردچوبه:0:به میزان لازم","اسفناج‌ها را تمیز شسته و به اندازه دلخواه خرد کنید. سپس آن‌ها را در یک قابلمه بدون اضافه کردن آب روی حرارت قرار دهید تا با بخار خود پخته شوند. صبر کنید تا آب اسفناج کاملاً کشیده شود. | پیاز را به صورت خلالی نازک خرد کنید. در یک تابه مناسب، روغن را گرم کرده و پیازها را تفت دهید تا کاملاً طلایی و سبک شوند. | سیرها را خرد یا رنده کرده و به همراه زردچوبه به پیاز داغ اضافه کنید. حدود یک دقیقه تفت دهید تا عطر سیر و زردچوبه خارج شود. | اسفناج پخته شده را به تابه اضافه کنید و همراه با پیاز و سیر تفت دهید. در این مرحله نمک و فلفل سیاه را برای طعم‌دار کردن اضافه کنید. | اسفناج‌ها را در سطح تابه کاملاً صاف کنید. با پشت قاشق چند حفره کوچک ایجاد کرده و تخم‌مرغ‌ها را دانه دانه درون حفره‌ها یا روی سطح اسفناج بشکنید. | بدون آنکه تخم‌مرغ‌ها را هم بزنید، درب تابه را بگذارید و حرارت را ملایم کنید تا سفیده تخم‌مرغ‌ها کاملاً بسته شود و زرده‌ها به میزان دلخواه شما بپزند."
"dish-20-1766958808663","پیتزا مرغ و قارچ","international","پیتزا مرغ و قارچ یکی از محبوب‌ترین و پرطرفدارترین انواع پیتزاهای ایرانی است که از ترکیب مرغ پخته شده، قارچ تازه تفت داده شده و پنیر پیتزای فراوان تهیه می‌شود.","balanced","معتدل و تر","زنجبیل و فلفل قرمز","680","50","متوسط","ایتالیا","خمیر پیتزا:4:عدد | سینه مرغ:500:گرم | قارچ اسلایس شده:300:گرم | فلفل دلمه‌ای:1:عدد | پنیر پیتزا:500:گرم | پیاز:1:عدد | سیر رنده شده:2:حبه | ابلیموی ترش و تازه:15:قاشق | روغن مایع:1:به میزان لازم | ادویه کاری:0:به میزان لازم | نمک و فلفل و زردچوبه:1:به میزان لازم | آویشن:0:به میزان لازم | نمک و فلفل و زردچوبه:1:به میزان لازم","ابتدا سینه مرغ را به همراه پیاز، کمی زردچوبه و نمک در مقداری آب بپزید. پس از پخت کامل و خنک شدن، مرغ را به صورت تکه‌های کوچک خرد یا ریش‌ریش کنید. | قارچ‌های اسلایس شده را در تابه با حرارت بالا به همراه کمی روغن و ۱۵ میلی‌لیتر آبلیمو تفت دهید تا آب آن کاملاً کشیده شده و رنگ قارچ‌ها سفید بماند. | فر را از قبل با دمای ۲۱۰ درجه سانتی‌گراد روشن کنید تا کاملاً گرم شود. | روی سطح خمیرهای پیتزا را با مقداری سس مخصوص یا کچاپ بپوشانید و سیر رنده شده و کمی پودر سیر روی آن پخش کنید. | مقداری از پنیر پیتزا را روی خمیرها بریزید، سپس مرغ‌های خرد شده و قارچ‌های تفت داده شده را به طور مساوی روی آن‌ها توزیع کنید. | باقی‌مانده پنیر پیتزا را روی مواد ریخته و در نهایت فلفل دلمه‌ای خرد شده و پودر آویشن را برای عطر بهتر روی پیتزاها بپاشید. | پیتزاها را به مدت ۲۰ تا ۲۵ دقیقه در طبقه وسط فر قرار دهید تا نان پیتزا پخته و پنیر روی آن طلایی و کشسان شود."
"dish-20-1766959134380","Home Vertical Doner (دونر کباب عمودی خانگی - ترکیه)","international","طرز تهیه دونر کباب ترکی به صورت عمودی در فر خانگی؛ روشی عالی برای پخت گوشت چرخ‌کرده با طعم اصیل کباب ترکی که به راحتی در خانه قابل اجراست و بافتی ترد و لایه‌لایه دارد.","hot","گرم و خشک","نارنج و سبزی خوردن","320","90","متوسط","ترکیه","گوشت چرخ کرده:800:گرم | پیاز بزرگ ۱ عدد:1:عدد | سیر rنده شده ۳ حبه:3:حبه | آرد سوخاری ۳ قاشق غذاخوری:45:گرم | سیخ چوبی بلند ۳ عدد:3:عدد | نمک، فلفل سیاه، پولبیبر و زیره:0:به میزان لازم | گوجه فرنگی ۲ عدد برای پایه:2:عدد","گوشت چرخ‌کرده را با پیاز رنده شده (که آب آن کاملاً گرفته شده)، سیر رنده شده، آرد سوخاری و ادویه‌ها (نمک، فلفل، پولبیبر و زیره) به مدت ۱۰ دقیقه به خوبی ورز دهید تا کاملاً چسبنده و یکدست شود. | گوشت ورز داده شده را در ظرفی قرار داده و روی آن را بپوشانید؛ سپس به مدت ۱ ساعت در یخچال قرار دهید تا بافت آن منسجم شود. | گوجه‌فرنگی‌های سفت را از وسط برش زده و به عنوان پایه در سینی فر قرار دهید. ۳ عدد سیخ چوبی بلند را در مرکز آن‌ها فرو کنید تا به صورت کاملاً عمودی و ثابت بمانند. | مایه گوشت را دور سیخ‌ها به شکل یک استوانه بزرگ و منظم فرم دهید و آن را روی پایه گوجه‌فرنگی در سینی فر محکم کنید. | سینی را در فر که از قبل با دمای ۱۸۰ درجه سانتی‌گراد گرم شده است قرار دهید و به مدت ۱.۵ ساعت بپزید تا گوشت کاملاً مغزپخت و سطح آن برشته شود. | پس از اتمام زمان پخت، دونر کباب را از فر خارج کرده و با یک چاقوی بسیار تیز به صورت لایه‌های نازک برش بزنید و همراه با نان مدیترانه‌ای و سبزیجات سرو کنید."
"dish-21-1766794336336","شله مشهدی اصیل","ash","شله مشهدی یکی از اصیل‌ترین و مقوی‌ترین غذاهای سنتی مشهد است که از ترکیب حبوبات، گوشت فراوان و غلات تهیه می‌شود و بافت کشسان و حلیم‌مانند آن حاصل ساعت‌ها هم زدن مداوم است.","hot","گرم و تر","ترشی یا آبلیمو","580","360","سخت","ایرانی (مشهد)","گوشت گوساله یا گوسفند:500:گرم | لوبیا سفید:100:پیمانه | لوبیا چیتی:100:گرم | آرد نخودچی:100:قاشق | بلغور گندم:200:گرم | برنج نیم‌دانه:100:پیمانه | جوز هندی و دارچین:0:به میزان لازم | نمک و فلفل سیاه و زرد چوبه:1:به میزان لازم | قیمه برای تزیین:200:گرم","حبوبات شامل نخود، لوبیا سفید و لوبیا چیتی را که از شب قبل خیسانده‌اید، با آب کاملاً بپزید تا نرم شوند و سپس آن‌ها را با گوشت‌کوب له کنید. | گوشت را به همراه پیاز و مقداری آب به طور جداگانه بپزید تا کاملاً نرم شود، سپس استخوان‌ها را جدا کرده و گوشت را کاملاً ریش‌ریش کنید. | بلغور گندم و برنج نیم‌دانه را با مقدار کافی آب در یک دیگ بزرگ بپزید تا دانه‌ها کاملاً له شده و نشاسته خود را آزاد کنند. | حبوبات له شده و گوشت ریش‌ریش شده را به دیگ حاوی غلات اضافه کرده و مواد را با هم مخلوط کنید. | نمک، فلفل سیاه، دارچین و جوز هندی را به میزان لازم به ترکیب اضافه کنید. | مهم‌ترین مرحله (چمبه زدن): شعله را بسیار ملایم کرده و برای چندین ساعت مواد را به صورت مداوم و دورانی هم بزنید تا بافت غذا کشسان و یکدست شود. | پس از غلیظ شدن و جا افتادن، شله را در ظرف کشیده و روی آن را با خورش قیمه تزیین و سرو نمایید."
"dish-21-1766799342396","میگوپلو بوشهری","polo","غذای تند جنوب با سبزی‌های معطر و ادویه‌های گرم جنوبی.","hot","گرم و تر","ترشی سیر، شربت آبلیمو","500","90","متوسط","ایران","برنج:4:پیمانه | میگو پاک شده:500:گرم | سبزی (گشنیز و شنبلیله):350:گرم | تمبر هندی:0.5:بسته","پیاز و سبزی را سرخ کنید. میگو و ادویه را اضافه کرده و تفت کوتاهی دهید. | عصاره تمبر هندی را اضافه کنید. برنج را آبکش کرده و با مایه دم کنید."
"dish-21-1766876956937","اشکنه سنتی (پیاز)","khorak","اشکنه پیاز یکی از اصیل‌ترین و قدیمی‌ترین غذاهای نونی ایرانی است که با پیاز داغ فراوان، عطر شنبلیله و نان خشک محلی تهیه می‌شود. این غذا به دلیل سرعت پخت بالا و طعم دلپذیر، یک گزینه عالی برای وعده‌های ناهار یا شام سبک است.","hot","گرم و خشک (بسیار گرم)","سرکه، آب لیمو، سماق","340","35","Easy","ایران","پیاز درشت:5:عدد | شنبلیله خشک:10:گرم | آرد نخودچی:15:قاشق | آب:960:میلیلیتر | نمک و زردچوبه فراوان:0:به میزان لازم | روغن حیوانی یا کره به مقدار لازم:60:گرم | نان خشک محلی برای تلیت:0:به میزان لازم","پیازها را به صورت خلالی کاملاً نازک و یکدست برش دهید. آنها را در مقداری روغن حیوانی یا کره با حرارت ملایم تفت دهید تا کاملاً سبک، کاراملی و عسلی شوند. | زردچوبه فراوان و آرد را به پیازهای کاراملی شده اضافه کنید و حدود ۲ دقیقه تفت دهید تا بوی خامی آرد کاملاً گرفته شده و پیازها خوش‌رنگ‌تر شوند. | شنبلیله خشک را به مواد اضافه کنید و تنها برای ۳۰ ثانیه تفت دهید؛ دقت کنید که تفت دادن زیاد شنبلیله باعث تلخ شدن غذا می‌شود. | آب را به تدریج اضافه کرده و مدام هم بزنید تا آرد در آب گلوله نشود. اجازه دهید غذا با حرارت ملایم حدود ۱۵ تا ۲۰ دقیقه بجوشد تا کاملاً جا بیفتد و غلیظ شود. | نمک غذا را اندازه کنید. در این مدل اصیل معمولاً تخم‌مرغ اضافه نمی‌شود، اما در صورت تمایل می‌توانید در دقایق پایانی ۱ عدد تخم‌مرغ در آن بشکنید. | اشکنه را در کاسه‌های سنتی سرو کنید و نان خشک محلی را در آن تلیت کرده و همراه با ترشی یا سبزی خوردن میل نمایید."
"dish-21-1766877137847","یخنی شلغم","khorak","یک غذای دارویی و بسیار مقوی برای فصول سرد که به دلیل وجود شلغم و گوشت، برای تقویت سیستم ایمنی عالی است.","hot","گرم و تر","زیره، فلفل سیاه، سکنجبین، خردل","400","120","متوسط","ایران","گوشت گوسفندی یا گوساله:300:گرم | شلغم سفید و محکم:500:گرم | پیاز:1:عدد | عدس (اختیاری):0.5:پیمانه | نمک و زردچوبه:1:به میزان لازم | نمک و فلفل سیاه و زرد چوبه:1:به میزان لازم | آب‌غوره (اختیاری):1:قاشق","پیاز را نگینی خرد کرده و با گوشت در کمی روغن تفت دهید | زردچوبه و فلفل را اضافه کرده و مقداری آب بریزید تا گوشت بپزد | عدس را که از قبل خیس کرده‌اید به گوشت نیم‌پز اضافه کنید | شلغم‌ها را شسته و پوست بگیرید و به قطعات درشت خرد کنید (شلغم‌های کوچک را درسته بیندازید) | یک ساعت آخر پخت، شلغم‌ها را به قابلمه اضافه کنید تا نرم شوند اما له نشوند | نمک و چاشنی دلخواه را اضافه کرده و گرم میل کنید"
"dish-21-1766958808663","Chicken Curry Rice (پلو مرغ کاری - هند)","international","یک غذای خوش‌عطر و طعم با ترکیب برنج، مرغ و ادویه کاری که به سبک ترکیبی ایرانی-هندی تهیه می‌شود و با عطر زنجبیل و سیر تازه کامل می‌گردد.","hot","گرم و خشک","ماست، گشنیز تازه، لیمو ترش","620","60","متوسط","هند","برنج:720:پیمانه | سینه مرغ خرد شده:500:گرم | پودر کاری:15:گرم | پیاز:2:عدد | سیر:2:حبه | زنجبیل تازه:5:به میزان لازم | نخود فرنگی:80:گرم | نمک و فلفل قرمز:0:به میزان لازم | روغن زیتون:60:قاشق","پیازها را نگینی خرد کرده و در قابلمه‌ای با روغن تفت دهید تا نرم و طلایی شوند. | سیر و زنجبیل تازه رنده شده را به پیازها اضافه کرده و تفت دهید تا عطر آن‌ها کاملاً خارج شود. | تکه‌های سینه مرغ را اضافه کرده و تفت دهید تا تغییر رنگ دهند و سطح آن‌ها کمی سرخ شود. | پودر کاری، نمک و فلفل قرمز را به مخلوط مرغ افزوده و کاملاً تفت دهید تا عطر ادویه آزاد شود. | نخود فرنگی را اضافه کرده و پس از یک تفت کوتاه، حرارت را خاموش کنید. | برنج را که از قبل خیسانده‌اید، در آب جوش ریخته و پس از نیم‌پز شدن آبکش کنید. | در یک قابلمه مناسب، مایه مرغ و کاری را لایه به لایه بین برنج آبکش شده بریزید یا به صورت کته مخلوط کنید. | اجازه دهید پلو به مدت ۴۵ دقیقه با حرارت ملایم دم بکشد و سپس سرو کنید."
"dish-21-1766959134380","Hummus (حموس لبنانی)","international","هوموس یک پیش‌غذای اصیل و محبوب خاورمیانه‌ای است که از ترکیب نخود، ارده (طحینه) و طعم‌دهنده‌های تازه تهیه می‌شود. این دیپ به دلیل بافت کرمی و ارزش غذایی بالا، یک انتخاب عالی برای پذیرایی و میان‌وعده‌های سالم است.","cold","سرد و تر","زیره | سیر | روغن زیتون | فلفل قرمز","320","15","آسان","لبنان","نخود پخته:400:گرم | طحینه:120:میلیلیتر | آبلیمو تازه:60:میلی‌لیتر | سیر له شده:2:حبه | آب سرد یا آب نخود:100:لیتر | نمک و فلفل و زردچوبه:1:به میزان لازم | روغن زیتون:30:قاشق | پودر پاپریکا برای تزیین:0:به میزان لازم","اگر از نخود خشک استفاده می‌کنید، آن را از شب قبل خیس کرده و سپس بپزید تا کاملاً نرم شود. پوست گرفتن نخودها پس از پخت، اختیاری است اما باعث می‌شود بافت هوموس بسیار نرم‌تر و لطیف‌تر شود. | نخود پخته شده، طحینه، آبلیمو، سیر له شده و مقداری نمک را در مخزن غذاساز بریزید. | شروع به میکس کردن مواد کنید و در حین کار، آب سرد یا آب نخود را به تدریج اضافه نمایید تا هوموس به بافتی کاملاً یکدست، نرم و خامه‌ای برسد. | میزان چاشنی‌ها را تست کرده و در صورت نیاز نمک یا آبلیموی بیشتری اضافه کنید تا به طعم دلخواه برسید. | هوموس را به ظرف سرو منتقل کرده و با پشت قاشق یک گودی در مرکز آن ایجاد کنید. | روی هوموس را با روغن زیتون و پودر پاپریکا تزیین کرده و با نان پیتا یا سبزیجات تازه سرو نمایید."
"dish-22-1766794336336","آش میوه با گوشت قلقلی","ash","یک آش سنتی و اصیل ایرانی با طعم ملس (ترش و شیرین) که از ترکیب حبوبات، سبزیجات و میوه‌های خشک به همراه کوفته‌ریزه‌های خوش‌طعم تهیه می‌شود.","balanced","معتدل و خشک","زنجبیل","420","90","متوسط","ایرانی (همدان)","گوشت چرخ کرده:250:گرم | نخود و لوبیا پخته:200:گرم | برگه هلو و زردآلو:100:گرم | آلو سیاه:10:عدد | سرکه و شیره انگور:45:پیمانه | سبزی آش:400:گرم | رشته آش:100:گرم | پیاز:2:عدد | روغن زیتون:50:قاشق | نمک و فلفل و زردچوبه:1:به میزان لازم | نمک و فلفل سیاه:1:به میزان لازم | نمک و فلفل و زردچوبه:1:به میزان لازم","ابتدا یکی از پیازها را رنده کرده و آب آن را بگیرید، سپس با گوشت چرخ‌کرده، نمک و فلفل ورز داده و به صورت قلقلی‌های کوچک در روغن سرخ کنید. | پیاز دوم را نگینی خرد کرده و با کمی روغن و زردچوبه تفت دهید. سپس حبوبات پخته شده را به همراه حدود ۱.۵ لیتر آب به قابلمه اضافه کنید. | برگه هلو، برگه زردآلو و آلو سیاه را که از قبل نیم ساعت خیسانده‌اید به قابلمه بیفزایید و اجازه دهید با حرارت ملایم نیم‌پز شوند. | سبزی آش را به مواد اضافه کنید. پس از اینکه سبزی پخت و رنگ آن تغییر کرد، کوفته‌قلقلی‌های سرخ شده را درون آش بریزید. | ترکیب سرکه و شیره انگور را برای ایجاد طعم ملس به آش اضافه کرده و نمک آن را اندازه کنید. | در مرحله آخر رشته آش را اضافه کنید. پس از اینکه رشته‌ها نرم شدند و آش کاملاً جا افتاد، آن را در ظرف مورد نظر سرو کنید."
"dish-22-1766799342396","نخود پلو با مرغ","polo","یک پلوی مخلوط خوشمزه با نخود فرنگی سبز و تکه‌های مرغ.","cold","سرد و تر","دارچین، زیره، زعفران، فلفل سیاه","450","90","آسان","ایران","برنج:4:پیمانه | سینه مرغ:500:گرم | نخود فرنگی سبز:2:پیمانه | شوید:3:گرم","مرغ را قیمه‌ای خرد کرده و با پیاز و زعفران بپزید. | نخود را پخته و با برنج آبکش کنید و با شوید لایه لایه دم کنید."
"dish-22-1766876956937","اشکنه کشک","khorak","یک غذای اصیل و سنتی ایرانی که از ترکیب کشک غلیظ، نعنا داغ، پیاز داغ و گردو تهیه می‌شود. این غذا سرشار از کلسیم بوده و معمولاً با نان خشک و سبزی خوردن سرو می‌گردد.","cold","سرد و خشک","نعنا داغ، سیر داغ، گردو، زیره","420","35","آسان","ایران","کشک ساییده غلیظ:360:میلیلیتر | پیاز بزرگ:2:عدد | گردوی خرد شده:60:گرم | نعنا خشک:10:گرم | سیر رنده شده:3:حبه | آب:600:میلیلیتر | روغن زیتون:45:قاشق | نمک و فلفل و زردچوبه:1:به میزان لازم | نمک و فلفل سیاه:1:به میزان لازم","پیازها را به صورت نگینی خرد کرده و در قابلمه با مقداری روغن تفت دهید تا کاملاً طلایی و سبک شوند. | سیر رنده شده را به پیازها اضافه کرده و حدود یک دقیقه تفت دهید تا عطر آن آزاد شود. | زردچوبه، فلفل سیاه، نعنا خشک و گردوی خرد شده را به قابلمه اضافه کنید و به مدت یک دقیقه تفت دهید تا بوی خامی ادویه و نعنا گرفته شود. | کشک را با آب رقیق کرده و به آرامی به مخلوط پیاز و ادویه اضافه کنید و مدام هم بزنید تا یکدست شود. | حرارت را بسیار ملایم کنید و اجازه دهید غذا به آرامی گرم شود؛ دقت کنید که کشک نباید به مرحله قل‌قل زدن شدید برسد تا از بریدن آن جلوگیری شود. | اجازه دهید اشکنه به مدت ۱۵ دقیقه با حرارت ملایم جا بیفتد و غلیظ شود. در صورت تمایل در ۵ دقیقه آخر می‌توانید یک عدد تخم‌مرغ در آن بشکنید. | اشکنه آماده شده را در ظرف مناسب ریخته و به همراه نان خشک سنتی و سبزی خوردن سرو کنید."
"dish-22-1766877137847","آبخورشت (غذای محلی)","khorak","آبخورشت یک غذای سنتی و اصیل ایرانی است که از ترکیب گوشت گوسفندی و سیب‌زمینی تهیه می‌شود. این غذا که شباهت زیادی به آبگوشت اما با غلظت خورشت دارد، معمولاً با نان ترید شده سرو می‌گردد و طعمی غنی و نوستالژیک دارد.","hot","گرم و تر","ماست، دوغ یا سماق","550","150","متوسط","ایران","گوشت گوسفندی با استخوان:500:گرم | پیاز بزرگ:2:عدد | رب گوجه فرنگی:75:قاشق | سیب‌زمینی:2:عدد | رب گوجه فرنگی:2:قاشق | گرد لیمو یا آبغوره:20:گرم | زردچوبه، نمک و فلفل:0:به میزان لازم | روغن مایع:0:به میزان لازم | آب:1200:میلیلیتر","پیازها را به صورت نگینی خرد کرده و در قابلمه با کمی روغن مایع تفت دهید تا سبک و طلایی شوند. | گوشت گوسفندی با استخوان را اضافه کرده و همراه با پیاز، زردچوبه و فلفل تفت دهید تا رنگ گوشت تغییر کند و بوی ادویه ها آزاد شود. | رب گوجه‌فرنگی را به مواد افزوده و چند دقیقه سرخ کنید تا رنگ باز کند و خامی آن گرفته شود. | آب را به قابلمه اضافه کرده و پس از جوش آمدن، حرارت را ملایم کنید تا گوشت به آرامی بپزد. | در یک ساعت پایانی پخت، سیب‌زمینی‌های پوست گرفته و گوجه‌فرنگی‌های خرد شده را به خورشت اضافه کنید. | چاشنی (گرد لیمو یا آبغوره) و نمک را در ده دقیقه آخر پخت اضافه کنید تا طعم‌ها با هم ترکیب شوند. | پس از جا افتادن و غلیظ شدن خورشت، آن را در ظرف مناسب کشیده و با نان ترید شده سرو کنید."
"dish-22-1766958808663","دونر کباب مرغ (دونر کباب مرغ - ترکیه)","international","یک غذای خوشمزه و پرطرفدار ترکی که با ترکیبی از سینه و ران مرغ مرینیت شده در سس مخصوص تهیه می‌شود. این کباب طعمی اصیل و بافتی ترد و لذیذ دارد که به راحتی در منزل قابل طبخ است.","hot","گرم و تر","دارچین و آب‌نارنج","320","40","متوسط","ترکیه","سینه مرغ:400:گرم | ران مرغ بدون استخوان:300:گرم | ماست چکیده:40:پیمانه | رب گوجه فرنگی:20:قاشق | روغن مایع:1:به میزان لازم | سیر له شده:2:حبه | نمک و فلفل و زردچوبه:1:به میزان لازم | فلفل قرمز:0:به میزان لازم | پودر تخم گشنیز:0:به میزان لازم | فلفل دلمه‌ای:1:عدد","سینه و ران مرغ بدون استخوان را به صورت نوارهای بسیار نازک و باریک برش بزنید. | در یک کاسه بزرگ، ماست چکیده، رب گوجه فرنگی، روغن مایع، سیر له شده و ادویه‌ها شامل نمک، فلفل قرمز و پودر تخم گشنیز را با هم مخلوط کنید تا سسی یکدست ایجاد شود. | مرغ‌های خرد شده را به سس اضافه کرده و با دست یا قاشق خوب هم بزنید تا تمام تکه‌های مرغ به طور کامل با سس پوشانده شوند. | اجازه دهید مرغ‌ها برای حداقل ۲ ساعت در یخچال بمانند تا به خوبی مزه‌دار شوند. | یک تابه نچسب را روی حرارت قرار دهید و مرغ‌های مرینیت شده را بدون اضافه کردن روغن اضافی (به دلیل وجود روغن در سس) با حرارت ملایم تفت دهید. | تفت دادن را تا زمانی که آب مرغ کشیده شده و تکه‌ها کاملاً مغزپخت و کمی طلایی شوند ادامه دهید. | فلفل دلمه‌ای را به صورت خلالی نازک برش زده و در ۵ دقیقه پایانی پخت به تابه اضافه کنید تا کمی نرم شود. | دونر مرغ آماده شده را در نان باگت یا پیتا به همراه مخلفاتی نظیر خیارشور، گوجه‌فرنگی و پیاز سرو نمایید."
"dish-22-1766959134380","هونکار بگنتی (هونکار بگنتی - شاه پسند ترکی)","international","هونکار بگنتی یا «شاه پسند»، یکی از اصیل‌ترین و لذیذترین غذاهای ترکی است که از دوران عثمانی به جا مانده است. این غذا شامل تکه‌های نرم و لطیف گوشت در سس گوجه‌فرنگی است که بر روی پوره بادمجان دودی مخلوط با سس بشامل و پنیر (بگنتی) سرو می‌شود.","hot","گرم و تر","پونه کوهی یا آویشن","680","110","متوسط","ترکیه","گوشت گوساله یا بره (مکعبی خرد شده):500:گرم | پیاز بزرگ (خرد شده):1:عدد | سیر (له شده):2:حبه | گوجه‌فرنگی متوسط (پوست کنده و خرد شده):300:عدد | رب گوجه فرنگی:30:قاشق | آب یا آب گوشت:120:میلی‌لیتر | روغن مایع:1:به میزان لازم | نمک، فلفل سیاه و فلفل قرمز پرک شده به مقدار لازم:0:به میزان لازم | بادمجان بزرگ (برای بگنتی):1000:گرم | کره:50:گرم | آرد نخودچی:30:قاشق | شیر:360:پیمانه | پنیر کاشار (یا پنیر موزارلا/پارمزان):100:گرم | نمک و فلفل سفید به مقدار لازم:0:به میزان لازم","برای تهیه خورش گوشت، ابتدا روغن مایع را در قابلمه ریخته و پیازهای خرد شده را تفت دهید تا سبک و طلایی شوند. | تکه‌های گوشت را به پیاز اضافه کرده و با حرارت بالا تفت دهید تا آب گوشت کشیده شده و رنگ آن کاملاً تغییر کند. | سیر له شده را اضافه کنید و حدود یک دقیقه تفت دهید، سپس رب گوجه‌فرنگی را افزوده و ۲ دقیقه دیگر تفت دهید تا بوی خامی آن گرفته و رنگ رب باز شود. | گوجه‌فرنگی‌های خرد شده را به همراه نمک، فلفل سیاه و فلفل قرمز به مواد اضافه کنید. آب یا آب گوشت را افزوده، درب قابلمه را بگذارید و اجازه دهید با حرارت ملایم به مدت ۱.۵ ساعت بپزد تا گوشت کاملاً نرم شود. | برای تهیه بگنتی، بادمجان‌ها را روی شعله مستقیم یا در فر کباب کنید تا کاملاً نرم شوند. پوست آن‌ها را کنده و گوشت بادمجان را کاملاً ساطوری و پوره کنید. | در یک قابلمه کوچک، کره را ذوب کرده و آرد را اضافه کنید. ۱ تا ۲ دقیقه تفت دهید تا بوی خامی آرد گرفته شود اما تغییر رنگ ندهد. | شیر را به تدریج اضافه کرده و با همزن دستی مدام هم بزنید تا سس بشامل غلیظ و یکدست شود. سپس بادمجان‌های پوره شده را اضافه کرده و خوب مخلوط کنید. | در مرحله آخر، پنیر رنده شده، نمک و فلفل سفید را اضافه کنید و پس از ذوب شدن پنیر، حرارت را خاموش کنید. | برای سرو، مقداری از بگنتی (پوره بادمجان) را در مرکز بشقاب پهن کنید و خورش گوشت غلیظ را روی آن قرار دهید. با مقداری جعفری تازه تزیین و نوش جان کنید."
"dish-23-1766794336337","آش میوه زمستانی (تقویتی)","ash","یک آش سنتی و مغذی ایرانی که با ترکیب حبوبات و میوه‌های خشک تهیه می‌شود. این آش به دلیل داشتن عصاره قلم و میوه‌های زمستانی، گزینه‌ای عالی برای تقویت سیستم ایمنی و سبک بودن است.","balanced","معتدل و تر","گلاب","1150","90","متوسط","ایرانی","عدس:200:پیمانه | ماش:100:پیمانه | برگه سیب و گلابی:100:قاشق | آلو بخارا:10:عدد | عصاره قلم:500:میلی‌لیتر | پیاز داغ:2:عدد | نعنا داغ:15:میلیلیتر | زردچوبه و نمک:0:به میزان لازم","عدس و ماش را از ۲ ساعت قبل خیس کرده و سپس به همراه عصاره قلم و مقداری آب در قابلمه بریزید تا بپزند. | میوه‌های خشک (برگه سیب، گلابی و آلو بخارا) را به مدت ۱ ساعت خیس کرده و پس از نیم‌پز شدن حبوبات، به قابلمه اضافه کنید. | پیاز را تفت داده تا طلایی شود (پیاز داغ) و به همراه زردچوبه و نمک به آش اضافه کنید تا طعم‌ها با هم ترکیب شوند. | حرارت را ملایم کنید و اجازه دهید آش کاملاً جا افتاده و به غلظت مناسب برسد. | در پایان، نعنا را در کمی روغن تفت داده (نعنا داغ) و برای تزیین و عطر بیشتر روی آش بریزید. | این آش به دلیل عدم استفاده از رشته، سبک و رژیمی است."
"dish-23-1766876956937","اشکنه ماست","khorak","اشکنه ماست یکی از غذاهای سنتی و خوشمزه ایرانی است که به دلیل سرعت در پخت و طعم بی‌نظیرش محبوبیت زیادی دارد. این غذا ترکیبی از ماست، سبزیجات معطر و تخم‌مرغ است که معمولاً با نان تیلیت شده میل می‌شود.","cold","سرد و تر","کاکوتی، زنیان، فلفل سیاه، سیر","420","25","آسان","ایران (خراسان/اصفهان)","ماست پرچرب:800:میلیلیتر | پیاز درشت:2:عدد | تخم مرغ:4:عدد | آرد سفید:25:گرم | کاکوتی یا نعنا خشک:10:گرم | روغن زیتون:45:قاشق | نمک و فلفل و زردچوبه:0:به میزان لازم | آب:480:میلیلیتر","ابتدا پیازها را به صورت نگینی خرد کرده و در یک قابلمه مناسب با روغن زیتون تفت دهید تا کاملاً طلایی و سبک شوند. | آرد سفید و کاکوتی یا نعنا خشک را به همراه زردچوبه به پیاز داغ اضافه کرده و حدود ۳۰ ثانیه تفت دهید تا بوی خامی آرد گرفته شده و عطر سبزی آزاد شود. | در یک کاسه بزرگ، ماست پرچرب و تخم‌مرغ‌ها را با هم ترکیب کنید و با همزن دستی به خوبی بزنید تا کاملاً یکدست شوند؛ این مرحله برای جلوگیری از بریده شدن ماست در اثر حرارت بسیار مهم است. | مخلوط ماست و تخم‌مرغ را به قابلمه حاوی پیاز داغ اضافه کرده و بلافاصله شروع به هم زدن سریع و مداوم کنید. | آب را به تدریج به مواد اضافه کرده و به هم زدن روی حرارت ملایم ادامه دهید تا مخلوط شروع به داغ شدن کند و به نقطه جوش نزدیک شود. | به محض اینکه اولین حباب‌های جوش مشاهده شد و مخلوط کمی غلیظ گشت، نمک و فلفل را اندازه کرده و شعله را خاموش کنید؛ دقت کنید که این غذا نباید زیاد بجوشد زیرا باعث جدا شدن بافت ماست می‌شود. | اشکنه ماست را در ظرف مورد نظر ریخته و بلافاصله همراه با نان خشک یا نان تلیت شده و سبزی خوردن سرو نمایید."
"dish-23-1766877137848","سیرابی‌پزان تهرانی","khorak","یک خوراک سنتی و مقوی تهرانی که از سیرابی و شیردان گوسفندی تازه تهیه می‌شود. این غذا به دلیل طبع گرم و خواص درمانی برای تقویت معده و سیستم گوارش بسیار محبوب است و معمولاً با چاشنی‌های ترش و دارچین سرو می‌شود.","cold","سرد و تر","سیر، سرکه، دارچین، زنجبیل، گلپر","320","300","متوسط","ایران","سیرابی و شیردان گوسفند ۱ دست کامل (تمیز شده):800:پیمانه | پیاز درشت:3:عدد | سیر:4:حبه | نخود (خیس خورده):100:گرم | چوب دارچین:2:قطعه | نمک و فلفل سیاه و زرد چوبه:1:به میزان لازم | نمک و فلفل و زردچوبه:1:به میزان لازم | آب لیموی تازه یا سرکه برای سرو:60:میلیلیتر","سیرابی‌ها را بسیار دقیق شسته و به قطعات مناسب برش می‌دهیم (پرزهای سیرابی باید کاملاً تمیز و سفید باشند). | پیازها را نگینی خرد کرده و در قابلمه با کمی روغن تفت می‌دهیم تا سبک و طلایی شوند، سپس سیرهای حبه شده و زردچوبه را به آن اضافه کرده و تفت می‌دهیم. | سیرابی‌های خرد شده را به پیاز و سیر اضافه کرده و چند دقیقه تفت می‌دهیم تا بوی زهم آن گرفته شود. | مقدار کافی آب جوش (حدود ۱.۵ تا ۲ لیتر) را به قابلمه اضافه کرده و نخودهای خیس خورده و چوب دارچین را داخل آن می‌ریزیم. | درب قابلمه را بسته و اجازه می‌دهیم با حرارت ملایم حدود ۴ تا ۵ ساعت بپزد تا کاملاً نرم و لعاب‌دار شود (در صورت استفاده از دیگ زودپز حدود ۲ ساعت زمان لازم است). | در اواسط پخت، نمک و فلفل سیاه را اندازه می‌کنیم و در پایان پخت چوب‌های دارچین را از قابلمه خارج می‌کنیم. | غذا را در کاسه کشیده و موقع سرو حتماً با آب لیموی تازه یا سرکه و در صورت تمایل مقداری پودر دارچین میل می‌کنیم."
"dish-23-1766958808663","فاهیتای مرغ مکزیکی (Chicken Fajita)","international","فاهیتای مرغ یکی از محبوب‌ترین و پرطرفدارترین غذاهای مکزیکی است که از ترکیب مرغ مزه‌دار شده با ادویه‌های مخصوص، فلفل دلمه‌ای‌های رنگارنگ و پیاز تهیه می‌شود. این غذا به صورت سنتی در نان تورتیلا و همراه با انواع دیپ‌های تازه سرو می‌گردد.","hot","گرم و خشک","گشنیز یا آبلیمو","480","30","متوسط","مکزیک","سینه مرغ (نواری برش داده شده):600:گرم | فلفل دلمه‌ای (رنگ‌های مختلف، نواری خرد شده):3:عدد | پیاز متوسط (نواری خرد شده):2:عدد | روغن مایع:1:به میزان لازم | پودر فاهیتا (یا مخلوط پودر فلفل قرمز، زیره، پودر سیر، اورگانو، نمک، فلفل سیاه):3:حبه | نمک و فلفل سیاه و زرد چوبه:1:به میزان لازم | نان تورتیلای ذرت یا گندم:12:عدد | برای تاپینگ: سالسا، گواکاموله، خامه ترش، پنیر رنده شده، گشنیز تازه:0:به میزان لازم","نوارهای مرغ را در یک کاسه با نیمی از پودر فاهیتا، ۱۵ میلی‌لیتر روغن مایع، نمک و فلفل سیاه به خوبی مخلوط کنید. درب ظرف را پوشانده و اجازه دهید حداقل ۳۰ تا ۶۰ دقیقه در یخچال مزه‌دار شود. | یک تابه بزرگ یا تابه گریل را روی حرارت بالا قرار دهید و ۱۵ میلی‌لیتر از روغن را به آن اضافه کنید. نوارهای مرغ را در دسته‌های کوچک داخل تابه ریخته و به مدت ۳ تا ۵ دقیقه تفت دهید تا کاملاً پخته و قهوه‌ای شوند. سپس مرغ‌ها را از تابه خارج کرده و کنار بگذارید. | ۱۵ میلی‌لیتر روغن باقی‌مانده را به تابه اضافه کرده و فلفل دلمه‌ای‌ها و پیاز خرد شده را در آن تفت دهید. باقی‌مانده پودر فاهیتا را روی سبزیجات بپاشید و به مدت ۵ تا ۷ دقیقه تفت دهید تا سبزیجات کمی نرم شوند اما همچنان بافت ترد خود را حفظ کنند. | مرغ‌های پخته شده را دوباره به تابه و نزد سبزیجات برگردانید. مواد را برای ۱ تا ۲ دقیقه دیگر با هم تفت دهید تا کاملاً گرم شده و طعم‌ها با یکدیگر ترکیب شوند. | نان‌های تورتیلا را برای چند ثانیه در یک تابه خشک یا داخل فر گرم کنید تا نرم و انعطاف‌پذیر شوند. | فاهیتا را به صورت داغ در کنار نان‌های تورتیلا و انواع تاپینگ‌ها شامل سالسا، گواکاموله، خامه ترش و پنیر رنده شده سرو کنید تا هر فرد ساندویچ خود را طبق سلیقه آماده کند."
"dish-23-1766959134380","Indian Chicken Biryani (مرغ بریانی هندی)","international","یک غذای اصیل و معطر هندی که از ترکیب لایه‌های برنج باسماتی نیم‌پز، مرغ مزه‌دار شده با ادویه‌های گرم ماسالا و سبزیجات معطر تهیه می‌شود. این غذا به دلیل پخت لایه‌ای و دم کشیدن آرام، عطری فوق‌العاده و طعمی غنی دارد.","hot","گرم و خشک","ماست یا خیار","680","90","متوسط","هند","مرغ (تکه شده):800:گرم | برنج باسماتی:540:پیمانه | پیاز بزرگ (سرخ شده):2:عدد | ماست:240:میلیلیتر | زنجبیل و سیر رنده شده:4:حبه | گوجه‌فرنگی (پوره شده):4:عدد | پودر بریانی ماسالا:0:به میزان لازم | پودر فلفل قرمز و زردچوبه:0:به میزان لازم | نعناع و گشنیز تازه:60:گرم | روغن مایع:1:به میزان لازم | نمک به مقدار لازم:0:به میزان لازم","برنج باسماتی را به مدت ۳۰ تا ۶۰ دقیقه در آب نمک خیس کنید، سپس آن را در آب جوش ریخته و زمانی که مغز برنج کمی سفت است (نیم‌پز)، آبکش نمایید. | در یک ظرف بزرگ، تکه‌های مرغ را با ماست، نیمی از زنجبیل و سیر رنده شده، پودر بریانی ماسالا، پودر فلفل قرمز، زردچوبه و نمک مخلوط کرده و اجازه دهید حداقل ۲ ساعت در یخچال مزه‌دار شود. | در یک قابلمه، روغن مایع یا کره حیوانی را گرم کنید. نیمی از پیاز سرخ شده را کنار بگذارید و مابقی را با پوره گوجه‌فرنگی و مابقی زنجبیل و سیر تفت دهید تا آب گوجه‌فرنگی کشیده شده و روغن بیندازد. | تکه‌های مرغ مزه‌دار شده را به قابلمه اضافه کرده و تفت دهید تا تغییر رنگ دهند. سپس حدود ۱/۲ پیمانه آب اضافه کرده و اجازه دهید مرغ‌ها با حرارت ملایم نیم‌پز شوند و سس غلیظی حاصل شود. | در یک قابلمه بزرگ و مناسب برای دم کردن، ابتدا نیمی از مخلوط مرغ و سس را در کف ظرف بریزید. سپس نیمی از برنج آبکش شده را روی آن پخش کنید. | روی لایه برنج، نیمی از پیاز سرخ شده و نیمی از نعناع و گشنیز خرد شده را بپاشید. این لایه‌بندی را با مابقی مرغ، برنج و سبزیجات تکرار کنید. | درب قابلمه را با دم‌کنی محکم ببندید و اجازه دهید بریانی به مدت ۴۰ تا ۵۰ دقیقه روی حرارت بسیار کم دم بکشد. | در هنگام سرو، دیس را با لایه‌های رنگی برنج و مرغ تزیین کرده و به آرامی مواد را با هم ترکیب کنید."
"dish-24-1766876956937","تاس‌کباب هویج و آلو","khorak","تاس‌کباب یکی از اصیل‌ترین و خوشمزه‌ترین خوراک‌های سنتی ایرانی است که به صورت لایه لایه پخته می‌شود. استفاده از هویج و آلو در این دستور، طعمی ملس و بافتی بسیار لطیف به گوشت و سبزیجات می‌بخشد.","balanced","معتدل (متمایل به گرم)","زیره سیاه، دارچین، نان سنگک","420","180","متوسط","ایران","گوشت گوسفندی یا گوساله (تکه‌ای):400:گرم | پیاز درشت:3:عدد | هویج:300:گرم | سیب‌زمینی:400:عدد | آلو بخارا:10:عدد | رب گوجه فرنگی:60:قاشق | آبلیمو یا آبغوره:15:قاشق | روغن زیتون:30:قاشق | آب:240:میلیلیتر | نمک و فلفل و زردچوبه:0:به میزان لازم | چوب دارچین:1:قطعه","پیازها را به صورت حلقه‌ای خرد کرده و یک لایه کاملاً یکنواخت در کف قابلمه بچینید. | تکه‌های گوشت را روی لایه پیازها قرار داده و مقداری فلفل و زردچوبه روی آن‌ها بپاشید. | هویج‌ها و سیب‌زمینی‌ها را به صورت حلقه‌ای خرد کرده و به ترتیب لایه لایه روی گوشت قرار دهید. | آلوهای بخارا را که از قبل شسته و خیس کرده‌اید، روی آخرین لایه مواد (سیب‌زمینی‌ها) بچینید. | در یک ظرف جداگانه، رب گوجه فرنگی، نمک، فلفل، زردچوبه، روغن زیتون و آب را با هم مخلوط کنید تا سس یکدستی حاصل شود، سپس آن را به آرامی روی مواد داخل قابلمه بریزید و چوب دارچین را در کنار مواد قرار دهید. | درب قابلمه را گذاشته و آن را روی حرارت بسیار ملایم قرار دهید تا غذا با آب خودش و بخار به مدت ۲ تا ۳ ساعت پخته و کاملاً جا بیفتد. | در ۳۰ دقیقه پایانی پخت، آبلیمو یا آبغوره را اضافه کنید تا طعم‌ها با هم ترکیب شوند. پس از اتمام پخت و غلیظ شدن سس، غذا را در ظرف مورد نظر سرو کنید."
"dish-24-1766877137848","کوکو سبزی","khorak","کوکو سبزی یکی از اصیل‌ترین و محبوب‌ترین غذاهای سفره ایرانی است که از ترکیب سبزیجات معطر تازه به همراه تخم‌مرغ تهیه می‌شود. افزودن گردو و زرشک به این غذا، بافت و طعمی منحصر‌به‌فرد به آن می‌بخشد و آن را برای وعده‌های ناهار، شام یا به عنوان پیش‌غذا ایده‌آل می‌سازد.","hot","گرم و خشک","ماست، دوغ، ترشی لیته، کاهو و سکنجبین","920","35","آسان","ایران","سبزی کوکو پاک‌کرده و خردشده:500:گرم | تخم مرغ:5:عدد | گردوی خردشده:50:گرم | زرشک شسته‌شده:40:پیمانه | آرد گندم:20:گرم | نمک و فلفل سیاه و زرد چوبه:1:به میزان لازم | روغن سرخ‌کردنی:100:میلیلیتر","ابتدا سبزی کوکو را پس از شستن کاملاً خشک کنید، سپس آن را به‌صورت ساطوری و خیلی ریز خرد کنید؛ توجه داشته باشید که آب اضافی سبزی باعث وا رفتن کوکو می‌شود. | تخم‌مرغ‌ها را در یک کاسه جداگانه بشکنید و با چنگال یا همزن دستی بزنید تا کاملاً یکنواخت شده و از لختگی درآیند. | سبزی خردشده، گردوی خردشده، زرشک، آرد گندم و ادویه‌ها (نمک، فلفل سیاه و زردچوبه) را به تخم‌مرغ‌های زده‌شده اضافه کنید و مایه را به خوبی مخلوط کنید تا کاملاً یکدست شود. | روغن سرخ‌کردنی را در یک تابه نچسب ریخته و روی حرارت ملایم قرار دهید تا روغن کاملاً داغ شود. | مایه کوکو را به‌صورت یک‌جا در تابه بریزید و سطح آن را با پشت قاشق صاف کنید (یا می‌توانید به صورت قاشقی و تک‌تک سرخ کنید). | حرارت را ملایم نگه دارید و درب تابه را بگذارید تا کوکو مغزپخت شود و لایه زیرین آن برشته شود. | بعد از اینکه یک طرف کوکو سرخ شد، آن را به ۴ یا ۸ قسمت برش زده و قطعات را برگردانید. در این مرحله درب تابه را باز بگذارید تا طرف دیگر نیز کاملاً برشته و ترد شود."
"dish-24-1766958808663","Chicken Kiev (چیکن کیِف - اوکراین)","international","چیکن کیِف یک غذای کلاسیک اروپایی است که از سینه مرغ کوبیده شده و پر شده با کره سرد، سیر و سبزیجات معطر تهیه می‌شود. این غذا با لایه ترد سوخاری و مغز کره‌ای ذوب شده‌اش شناخته می‌شود.","hot","گرم و خشک","سماق و لیموترش","450","45","متوسط","اوکراین","سینه مرغ بزرگ:800:گرم | کره سرد:100:گرم | سیر:2:حبه | جعفری تازه:15:به میزان لازم | نمک و فلفل سیاه و زرد چوبه:1:به میزان لازم | آرد نخودچی:65:قاشق | تخم‌مرغ:2:عدد | پودر سوخاری:125:گرم | روغن نباتی برای سرخ کردن:500:میلی‌لیتر","ابتدا کره سرد را با سیر رنده شده، جعفری خرد شده، نمک و فلفل مخلوط کنید. مخلوط را به صورت استوانه‌ای شکل داده و برای ۱۵ الی ۲۰ دقیقه در فریزر قرار دهید تا کاملاً سفت شود. | هر سینه مرغ را از پهلو برش زده و باز کنید. مرغ را بین دو لایه سلفون قرار داده و با بیفتک‌کوب بکوبید تا ضخامت آن به حدود نیم سانتی‌متر برسد و کاملاً یکنواخت شود. | یک قطعه از کره منجمد را در مرکز هر تکه مرغ قرار داده، لبه‌های مرغ را روی کره تا کنید و محکم ببندید تا کره کاملاً پوشانده شود و هیچ شکافی باقی نماند. | هر قطعه مرغ را ابتدا در آرد، سپس در تخم‌مرغ هم‌زده و در نهایت در پودر سوخاری بغلتانید. برای داشتن لایه تردتر و جلوگیری از خروج کره، مرحله تخم‌مرغ و پودر سوخاری را یک بار دیگر تکرار کنید (دبل کتینگ). | روغن نباتی را در تابه داغ کرده و چیکن کیِف‌ها را در روغن شناور با حرارت متوسط سرخ کنید تا تمام سطوح آن طلایی و برشته شود (حدود ۱۰ الی ۱۵ دقیقه). | در صورت تمایل برای اطمینان از مغزپخت شدن، می‌توانید آن‌ها را پس از سرخ کردن به مدت ۱۵ دقیقه در فر با دمای ۱۸۰ درجه سانتی‌گراد قرار دهید و سپس با پوره سیب‌زمینی سرو کنید."
"dish-24-1766959134380","Iskender Kebab (اسکندر کباب - ترکیه)","international","اسکندر کباب یکی از لذیذترین و محبوب‌ترین غذاهای ترکیه است که از ترکیب گوشت ورقه‌ای، نان پیده برشته، سس گوجه‌فرنگی مخصوص و کره مذاب تهیه شده و همراه با ماست چکیده سرو می‌شود.","hot","گرم و تر","سماق یا پونه کوهی","780","45","متوسط","ترکیه","گوشت گوساله یا گوسفند (دونر کباب آماده یا فیله برش نازک):600:گرم | نان پیتا یا پیده:3:عدد | کره:60:گرم | گوجه‌فرنگی متوسط:4:عدد | رب گوجه فرنگی:40:قاشق | آب:150:میلیلیتر | نمک و فلفل سیاه و زرد چوبه:1:به میزان لازم | ماست چکیده:400:پیمانه | روغن زیتون:30:قاشق | ۱ عدد سیر کوچک (اختیاری):2:حبه","گوشت را به صورت نوارهای بسیار نازک برش دهید و در تابه با مقداری روغن زیتون تفت دهید تا کاملاً سرخ و طلایی شود. | برای تهیه سس، گوجه‌فرنگی‌ها را پوره کنید. رب گوجه‌فرنگی را در تابه تفت دهید، سپس پوره گوجه‌فرنگی، آب، نمک و فلفل را اضافه کرده و بگذارید ۱۰ دقیقه بجوشد تا غلیظ شود. | نان پیتا یا پیده را به صورت مکعب‌های کوچک برش بزنید و در فر یا تابه کمی تفت دهید تا برشته و ترد شوند. | نان‌های برشته را در کف ظرف سرو قرار دهید و گوشت‌های آماده شده را به طور یکنواخت روی نان‌ها بچینید. | سس گوجه‌فرنگی داغ را روی تمام سطح گوشت و نان‌ها پخش کنید. | ماست چکیده را در کنار بشقاب سرو قرار دهید (در صورت تمایل سیر له شده را به ماست اضافه کنید). | کره را در یک ظرف کوچک ذوب کنید تا کاملاً داغ شود و در لحظه آخر روی کباب بریزید و بلافاصله سرو کنید."
"dish-25-1766877137848","عدسی","khorak","عدسی یکی از اصیل‌ترین و مقوی‌ترین صبحانه‌ها و میان‌وعده‌های ایرانی است که به دلیل داشتن عدس، منبع غنی از آهن و پروتئین گیاهی محسوب می‌شود. این غذا با طعم گرم گلپر و غلظت مناسب، گزینه‌ای عالی برای روزهای سرد سال است.","cold","سرد و خشک","گلپر, روغن زیتون, زیره, دارچین","320","60","آسان","ایران","عدس سبز:400:پیمانه | پیاز بزرگ:1:عدد | آرد سفید (برای لعاب):15:گرم | سیب‌زمینی ۱ عدد کوچک (اختیاری):1:عدد | روغن زیتون:30:قاشق | آب:1200:میلیلیتر | زردچوبه، نمک، فلفل سیاه و گلپر:0:به میزان لازم","عدس سبز را از ۲ تا ۳ ساعت قبل در آب خیس کرده و در این مدت چند بار آب آن را عوض کنید تا نفخ آن گرفته شود، سپس در آبکش بریزید. | پیاز بزرگ را به صورت نگینی و ریز خرد کنید. در یک قابلمه مناسب، کمی روغن ریخته و پیازها را تفت دهید تا سبک و طلایی شوند. در اواخر تفت پیاز، زردچوبه را اضافه کنید. | آرد سفید را به پیاز داغ اضافه کرده و حدود ۱ دقیقه تفت دهید تا بوی خامی آرد گرفته شود؛ این مرحله برای ایجاد لعاب و غلظت مناسب در عدسی بسیار مهم است. | عدس‌های آبکش شده را به قابلمه اضافه کرده و سپس حدود ۱.۲ لیتر آب روی آن بریزید. حرارت را زیاد کنید تا آب به جوش بیاید. | سیب‌زمینی را پوست گرفته و به صورت درسته داخل قابلمه بیندازید. حرارت را ملایم کرده و درب قابلمه را بگذارید تا عدس و سیب‌زمینی به آرامی بپزند. | پس از پخت کامل، سیب‌زمینی را از قابلمه خارج کرده، با گوشت‌کوب کاملاً پوره کنید و دوباره به قابلمه برگردانید. این کار باعث می‌شود عدسی شما بسیار غلیظ و خوشمزه شود. | در ۱۰ دقیقه پایانی پخت، نمک، فلفل سیاه و مقدار نسبتاً زیادی گلپر را اضافه کنید تا عطر آن حفظ شود و طعم‌ها به خورد هم بروند. | عدسی را در ظرف مورد نظر بکشید و روی آن را با روغن زیتون و مقداری گلپر تزیین کرده و به همراه نان تازه و لیمو ترش سرو کنید."
"dish-25-1766958808663","ناگت مرغ خانگی (Chicken Nuggets)","international","یک غذای محبوب و بین‌المللی که از ترکیب سینه مرغ چرخ‌کرده، پنیر و ادویه‌های مخصوص تهیه شده و با پوششی ترد و سوخاری سرخ می‌شود.","cold","سرد و تر (مرغ)","زنجبیل، آویشن، دانه‌های خردل، زیره","420","60","متوسط","آمریکا","سینه مرغ چرخ‌کرده:500:گرم | پیاز کوچک:1:عدد | سیر:3:حبه | پنیر پیتزا رنده شده:50:گرم | پودر سوخاری نارنجی:240:گرم | آرد سفید:125:گرم | تخم مرغ:2:عدد | نمک و فلفل و زردچوبه:1:به میزان لازم | نمک و فلفل و زردچوبه:1:به میزان لازم | نمک و فلفل و زردچوبه:1:به میزان لازم | پودر سیر:0:حبه | پاپریکا:0:به میزان لازم | روغن سرخ‌کردنی:200:میلی‌لیتر","سینه مرغ چرخ‌کرده را به همراه پیاز رنده شده (که آب آن کاملاً گرفته شده) و سیر له شده در یک ظرف بزرگ یا غذاساز بریزید و کاملاً میکس کنید تا بافتی چسبنده و یکنواخت پیدا کند. | پنیر پیتزای رنده شده را به همراه نمک، فلفل، زردچوبه، پودر سیر و پاپریکا به مایه مرغ اضافه کرده و به خوبی ورز دهید تا ادویه‌ها در تمام مواد پخش شوند. | خمیر آماده شده را به مدت ۳۰ دقیقه در فریزر قرار دهید تا منسجم شده و قالب زدن آن راحت‌تر شود. | خمیر را روی یک سطح صاف یا بین دو ورق کاغذ روغنی به ضخامت حدود ۱ سانتی‌متر پهن کرده و با قالب دلخواه برش بزنید یا با دست به شکل تکه‌های کوچک درآورید. | هر قطعه ناگت را ابتدا در آرد سفید بغلتانید، سپس در تخم‌مرغ‌های زده‌شده فرو ببرید و در نهایت در پودر سوخاری نارنجی بغلتانید تا کاملاً پوشیده شود. | در یک تابه عمیق، روغن سرخ‌کردنی را داغ کرده و ناگت‌ها را با حرارت ملایم سرخ کنید تا هر دو طرف آن‌ها طلایی و مغزپخت شود؛ سپس روی دستمال روغن‌گیر قرار دهید."
"dish-25-1766959134380","اسکندر کباب خانگی - ترکیه","international","اسکندر کباب یکی از محبوب‌ترین غذاهای ترکیه است که از ترکیب لایه‌های نان ترد، گوشت دونر لذیذ، سس گوجه‌فرنگی غلیظ و کره داغ تهیه شده و در کنار ماست چکیده سرو می‌شود.","hot","گرم و تر","ماست چکیده ترش","780","30","متوسط","ترکیه","گوشت دونر آماده شده:600:گرم | نان بربری یا پیده:2:عدد | رب گوجه فرنگی:45:قاشق | کره:100:گرم | ماست چکیده:250:پیمانه | گوجه فرنگی و فلفل سبز کبابی:4:عدد | آب گوشت:120:میلی‌لیتر | نمک و فلفل سیاه و زرد چوبه:1:به میزان لازم","نان‌های بربری یا پیده را به صورت مکعب‌های کوچک ۳ سانتی‌متری برش بزنید. | مقداری از کره را در تابه ذوب کرده و تکه‌های نان را تفت دهید تا کاملاً ترد و طلایی شوند، سپس آن‌ها را در کف دیس پذیرایی بچینید. | در یک قابلمه کوچک، رب گوجه‌فرنگی را با مقداری کره تفت دهید تا بوی خامی آن گرفته شود، سپس آب گوشت را اضافه کرده و بگذارید سس بجوشد تا غلیظ شود. | گوشت دونر را در تابه گرم کنید تا کاملاً پخته و داغ شود. | مقداری از سس گوجه‌فرنگی آماده شده را روی نان‌های ترد بریزید تا کمی نرم شوند. | گوشت‌های داغ را روی نان‌ها قرار داده و باقی‌مانده سس را روی گوشت پخش کنید. | گوجه‌فرنگی و فلفل سبز کبابی را در کنار دیس قرار داده و ماست چکیده را در گوشه‌ای از ظرف بگذارید. | در آخرین مرحله، باقی‌مانده کره را کاملاً داغ کرده و درست قبل از سرو، روی تمام کباب بریزید تا صدای جلز و ولز آن شنیده شود."
"dish-26-1766799342396","هویج‌پلو با ته چین گوشت","polo","گوشت‌های پخته شده در ته قابلمه یک ته‌دیگ لذیذ و برشته می‌سازند.","hot","گرم و خشک","زرشک، آب نارنج","600","180","سخت","ایران","برنج:4:پیمانه | گوشت سردست:500:گرم | ماست چکیده:1:پیمانه | زرده تخم‌مرغ:2:عدد","گوشت را بپزید. مایه ته‌چین (ماست، زرده، زعفران و برنج) را آماده کنید. | گوشت‌ها را ته قابلمه چیده، مایه ته‌چین و سپس هویج و برنج سفید را روی آن دم کنید."
"dish-26-1766876956937","خوراک بادمجان و کدو","khorak","خوراک بادمجان و کدو یک غذای گیاهی، سالم و اصیل ایرانی است که از ترکیب سبزیجات تازه در سس گوجه‌فرنگی تهیه شده و همراه با نان یا برنج سرو می‌شود.","balanced","معتدل (به دلیل تقابل سردی کدو و گرمی بادمجان)","کشک، ادویه گرم مانند فلفل سیاه و زردچوبه، سیر","320","50","متوسط","ایران","بادمجان قلمی متوسط:800:عدد | کدو سبز متوسط:600:گرم | گوجه‌فرنگی درشت:450:گرم | پیاز متوسط:2:عدد | سیر:2:حبه | رب گوجه فرنگی:40:قاشق | روغن مایع:1:به میزان لازم | آب جوش:120:میلیلیتر | نمک و فلفل و زردچوبه:1:به میزان لازم | نمک و فلفل سیاه:1:به میزان لازم | نمک و فلفل و زردچوبه:1:به میزان لازم","بادمجان‌ها و کدوها را پوست گرفته و به صورت حلقه‌ای خرد کنید. روی بادمجان‌ها نمک بپاشید و ۳۰ دقیقه زمان دهید تا تلخی آن‌ها گرفته شود، سپس آن‌ها را آبکشی کرده و با دستمال آشپزخانه خشک کنید. | پیازها را به صورت نگینی خرد کرده و در تابه با مقداری روغن مایع تفت دهید تا طلایی و سبک شوند. | سیر رنده شده و زردچوبه را به پیازها اضافه کنید و حدود یک دقیقه تفت دهید تا عطر آن‌ها خارج شود. | رب گوجه‌فرنگی را به تابه اضافه کرده و چند دقیقه سرخ کنید تا بوی خامی آن گرفته شود و رنگ سس شفاف و تیره شود. | در تابه‌ای جداگانه، بادمجان‌ها و کدوها را با مقدار کمی روغن سرخ کنید تا هر دو طرف آن‌ها کمی طلایی شود. | سبزیجات سرخ شده (بادمجان و کدو) را به تابه حاوی سس پیاز و رب اضافه کرده و به آرامی مخلوط کنید. | گوجه‌فرنگی‌ها را به صورت حلقه‌ای برش زده و به زیبایی روی سطح مواد در تابه بچینید. | نصف لیوان آب جوش را به همراه نمک و فلفل سیاه به تابه اضافه کنید. درب ظرف را گذاشته و اجازه دهید خوراک با حرارت ملایم به مدت ۲۰ الی ۳۰ دقیقه بپزد تا کاملاً جا بیفتد و سس آن غلیظ شود."
"dish-26-1766877137848","کوکو سیب‌زمینی ","khorak","غذایی ساده، اقتصادی و پرطرفدار که هم به صورت گرم و هم سرد سرو می‌شود. بافت نرم و طعم نوستالژیک آن، این غذا را به گزینه‌ای عالی برای پیک‌نیک‌ها و شام‌های سریع تبدیل کرده است.","cold","سرد و تر","دارچین، زیره، فلفل سیاه، نعناع خشک، عسل (به عنوان دسر بعد غذا)","350","45","آسان","ایران","سیب‌زمینی متوسط:5:عدد | تخم مرغ:3:عدد | پیاز متوسط:1:عدد | جعفری خشک یا تازه (اختیاری):1:قاشق غذاخوری | نمک، فلفل قرمز، زردچوبه:0:به میزان لازم | روغن مخصوص سرخ کردنی:1:به میزان لازم | پودر سیر یا سیر رنده‌شده:1:حبه","سیب‌زمینی‌ها را آبپز کنید تا کاملاً پخته شوند، سپس پوست کنده و اجازه دهید خنک شوند. | سیب‌زمینی‌ها را رنده ریز یا پوره کنید. | پیاز را جداگانه رنده کرده و آب آن را کاملاً بگیرید و دور بریزیید. | سیب‌زمینی، پیاز، تخم‌مرغ‌ها، سبزی معطر و ادویه‌ها را در یک کاسه بزرگ مخلوط کنید و خوب ورز دهید تا چسبندگی پیدا کند. | مقداری روغن در تابه داغ کنید. | از مایه به اندازه نارنگی برداشته، در دست شکل دهید (گرد یا بیضی) و در روغن داغ با حرارت ملایم سرخ کنید. | پس از طلایی شدن دو طرف، روی دستمال روغن‌گیر قرار دهید."
"dish-26-1766958808663","Chicken Tikka Masala (خورش تیکای مرغ ماسالا - هند)","international","یک غذای اصیل و پرطرفدار هندی که از تکه‌های مرغ مزه‌دار شده در ماست و ادویه تهیه شده و در سسی غلیظ، خامه‌ای و خوش‌عطر از گوجه‌فرنگی و گرم ماسالا پخته می‌شود.","hot","گرم و خشک","نعناع تازه یا رازیانه","420","60","متوسط","هند","۵۰۰ گرم سینه مرغ بدون استخوان (مکعبی خرد شده):500:گرم | ۱ پیمانه ماست:240:میلی‌لیتر | ۲ قاشق غذاخوری زنجبیل و سیر رنده شده (مخلوط):3:حبه | ۱ قاشق چای‌خوری پودر زیره:0:به میزان لازم | ۱ قاشق چای‌خوری پودر گشنیز:0:به میزان لازم | ۱ قاشق چای‌خوری پودر پاپریکا:0:به میزان لازم | ۱/۲ قاشق چای‌خوری پودر فلفل قرمز:0:به میزان لازم | ۱/۲ قاشق چای‌خوری پودر زردچوبه:0:به میزان لازم | ۱ قاشق چای‌خوری گرم ماسالا:0:به میزان لازم | روغن مایع:1:به میزان لازم | ۱ عدد پیاز بزرگ (ریز خرد شده):1:عدد | ۴۰۰ گرم گوجه‌فرنگی خرد شده (کنسروی یا پوره شده):400:گرم | ۱/۲ پیمانه شیر نارگیل یا خامه پرچرب:120:پیمانه | رب گوجه فرنگی:30:قاشق | نمک به مقدار لازم:0:به میزان لازم | گشنیز تازه برای تزیین:20:گرم","مرغ را در یک کاسه بزرگ با ماست، نیمی از مخلوط زنجبیل و سیر، پودر زیره، پودر گشنیز، پودر پاپریکا، فلفل قرمز، زردچوبه و نمک مخلوط کنید. اجازه دهید حداقل ۳۰ دقیقه در یخچال استراحت کند تا مزه‌دار شود. | تکه‌های مرغ مرینت شده را در تابه با کمی روغن تفت دهید یا در فر با دمای ۲۰۰ درجه سانتی‌گراد گریل کنید تا سطح آن‌ها طلایی و نیم‌پز شود. سپس مرغ‌ها را کنار بگذارید. | در یک قابلمه بزرگ، روغن مایع را گرم کنید. پیاز خرد شده را تفت دهید تا کاملاً سبک و طلایی شود. سپس باقی‌مانده زنجبیل و سیر رنده شده را اضافه کرده و ۱ دقیقه دیگر تفت دهید تا عطر آن خارج شود. | رب گوجه‌فرنگی را اضافه کنید و ۲-۳ دقیقه تفت دهید تا بوی خامی آن گرفته شده و رنگ سس تیره و شفاف شود. | پوره گوجه‌فرنگی، نمک و پودر گرم ماسالا را به قابلمه اضافه کنید. درب ظرف را بگذارید و اجازه دهید سس به مدت ۱۰-۱۵ دقیقه روی حرارت ملایم بجوشد تا غلیظ شود و روغن پس دهد. | مرغ‌های نیم‌پز را به سس اضافه کنید. در صورت نیاز ۱۰۰ میلی‌لیتر آب گرم اضافه کرده، درب قابلمه را بگذارید و ۱۵-۲۰ دقیقه اجازه دهید تا مرغ‌ها کاملاً پخته و نرم شوند. | در مرحله پایانی، شیر نارگیل یا خامه پرچرب را به خورش اضافه کنید. هم بزنید و اجازه دهید سس فقط گرم شود (از جوشیدن زیاد پس از اضافه کردن خامه خودداری کنید). مزه نمک و ادویه را تنظیم کنید. | خورش تیکای مرغ ماسالا را در ظرف مورد نظر بکشید و با برگ‌های گشنیز تازه تزیین کنید. این غذا را در کنار برنج باسماتی یا نان داغ سرو نمایید."
"dish-26-1766959134380","قابلی پلو افغانی (Kabuli Pulao)","international","یکی از اصیل‌ترین و محبوب‌ترین غذاهای مجلسی افغانستان که با ترکیب طعم‌های شیرین و نمکی، گوشت لطیف گوسفندی و ادویه‌های معطر تهیه می‌شود.","hot","گرم و خشک","زیره سبز|آبغوره","680","150","متوسط","افغانستان","برنج باسماتی:720:پیمانه | گوشت گوسفند (ران یا ماهیچه):700:گرم | پیاز بزرگ:2:عدد | هویج متوسط:300:گرم | کشمش پلویی:75:گرم | پسته خلال شده:30:گرم | روغن مایع:1:به میزان لازم | نمک و فلفل و زردچوبه:1:به میزان لازم | نمک و فلفل سیاه:1:به میزان لازم | زیره سبز:0:به میزان لازم | هل سبز پودر شده:0:به میزان لازم | شکر:15:به میزان لازم | نمک و فلفل و زردچوبه:1:به میزان لازم | آب گوشت:960:میلی‌لیتر","برنج را از قبل شسته و به مدت حداقل ۲ ساعت در آب و مقداری نمک خیس کنید. | پیازها را خلالی خرد کرده و در قابلمه با مقداری روغن تفت دهید تا طلایی شوند. گوشت‌های تکه شده را اضافه کرده و تفت دهید تا تغییر رنگ دهند. سپس زردچوبه، فلفل سیاه و زیره را اضافه کنید. آب گوشت را افزوده و اجازه دهید گوشت به مدت ۱.۵ تا ۲ ساعت با حرارت ملایم بپزد تا کاملاً نرم شود. | هویج‌ها را به صورت خلالی نازک خرد کنید. در یک تابه جداگانه، هویج‌ها را در کمی روغن تفت دهید تا نرم شوند. سپس کشمش و خلال پسته را اضافه کرده و برای ۳ دقیقه دیگر تفت دهید. در نهایت شکر را اضافه کرده و پس از حل شدن و براق شدن مواد، تابه را از روی حرارت بردارید. | برنج را در آب جوش ریخته و زمانی که مغز آن کمی سفت بود (نیم‌پز)، آبکش کنید. کف قابلمه کمی روغن ریخته و ته دیگ دلخواه را قرار دهید. یک لایه برنج، سپس تکه‌های گوشت پخته شده و مقداری از مخلوط هویج و کشمش را بریزید. پودر هل را بین لایه‌ها بپاشید و این کار را تکرار کنید. | حدود ۱۲۰ میلی‌لیتر از آب گوشت غلیظ باقی‌مانده را روی برنج پخش کنید. درب قابلمه را با دم‌کنی بپوشانید و اجازه دهید پلو به مدت ۴۵ تا ۶۰ دقیقه با حرارت بسیار ملایم دم بکشد."
"dish-27-1766876956937","خوراک تاس کباب به","khorak","تاس کباب به یکی از خوراک‌های اصیل و سنتی ایرانی است که با پخت آرام و لایه‌به‌لایه‌ی گوشت و سبزیجات در کنار عطر دارچین و طعم ملس به تهیه می‌شود. این غذا به دلیل زمان پخت طولانی، بسیار جاافتاده و لذیذ است.","hot","گرم و خشک (متعادل شده با رطوبت میوه به)","سکنجبین, ترشی‌های ملایم","460","240","متوسط","ایران","گوشت گوسفندی تکه‌ای:400:گرم | به درشت:600:عدد | پیاز بزرگ:2:عدد | هویج:200:گرم | سیب‌زمینی متوسط:300:عدد | آلو خورشتی:10:عدد | رب گوجه فرنگی:50:قاشق | روغن مایع:1:به میزان لازم | آب:480:میلیلیتر | چوب دارچین:1:قطعه | نمک و فلفل و زردچوبه:0:به میزان لازم | نمک و فلفل سیاه:1:به میزان لازم | نمک و فلفل و زردچوبه:0:به میزان لازم","پیازها را به صورت حلقه‌ای برش دهید و در کف یک قابلمه مناسب بچینید. | تکه‌های گوشت گوسفندی را روی لایه پیاز قرار داده و مقداری فلفل و زردچوبه روی آن‌ها بپاشید. | هویج‌ها و به‌ها را پوست گرفته، به صورت حلقه‌ای یا هلالی خرد کنید و به ترتیب روی لایه گوشت بچینید. | سیب‌زمینی‌های حلقه‌شده و آلوهای خورشتی شسته‌شده را در لایه آخر قرار دهید. | رب گوجه‌فرنگی را در مقداری روغن تفت داده تا خوش‌رنگ شود، سپس با آب، نمک و چوب دارچین مخلوط کرده و روی مواد داخل قابلمه بریزید. | درب قابلمه را بگذارید و اجازه دهید خوراک با حرارت بسیار ملایم به مدت ۳ تا ۴ ساعت بپزد تا گوشت کاملاً نرم شده، آب آن غلیظ شود و به روغن بیفتد."
"dish-27-1766877137848","بادمجان‌کباب محلی","khorak","بادمجان‌کباب یکی از خوش‌طعم‌ترین و اصیل‌ترین غذاهای سنتی شمال ایران است که از ترکیب بادمجان‌های سرخ‌شده با مغز گردو، رب انار و سبزیجات معطر محلی تهیه شده و به عنوان یک وعده کامل یا چاشنی در کنار سایر غذاها سرو می‌شود.","hot","گرم و خشک","کشک, گوشت بره, روغن حیوانی, سرکه","420","60","متوسط","ایران","بادمجان قلمی:4:عدد | گردوی آسیاب شده:150:گرم | رب انار:45:قاشق | سبزی معطر (چوچاق، نعنا، جعفری):45:گرم | پیاز رنده شده:1:عدد | سیر رنده شده:2:حبه | نمک و فلفل سیاه و زرد چوبه:1:به میزان لازم | روغن مایع:1:به میزان لازم","بادمجان‌ها را پوست بگیرید و یک برش طولی روی شکم آن‌ها ایجاد کنید، سپس به مدت ۳۰ دقیقه در آب نمک قرار دهید تا تلخی آن‌ها گرفته شود؛ در نهایت بادمجان‌ها را آبکشی کرده و کاملاً خشک کنید. | در یک تابه مناسب، روغن مایع را داغ کرده و بادمجان‌ها را در آن سرخ کنید تا تمام جهات آن‌ها طلایی و نرم شود، سپس آن‌ها را از تابه خارج کرده و کنار بگذارید. | پیاز رنده شده را در همان تابه تفت دهید تا سبک و طلایی شود، سپس سیر رنده شده را اضافه کرده و کمی دیگر تفت دهید تا عطر سیر خارج شود. | گردوی آسیاب شده، سبزیجات معطر، نمک، فلفل سیاه، زردچوبه و رب انار را به تابه اضافه کنید و مواد را چند دقیقه با حرارت ملایم تفت دهید تا طعم‌ها با هم ترکیب شده و روغن گردو خارج شود. | شکم بادمجان‌های سرخ شده را با مخلوط آماده شده پر کنید و آن‌ها را به آرامی در یک تابه تمیز بچینید. | مقدار بسیار کمی آب (حدود ۵۰ میلی‌لیتر) را با کمی رب انار رقیق کرده و در کنار بادمجان‌ها بریزید؛ درب تابه را بگذارید و اجازه دهید با حرارت ملایم به مدت ۲۰ تا ۳۰ دقیقه دم کشیده و سس غلیظ شود."
"dish-27-1766958808663","Chole Masala (خورش نخود هندی)","international","چوله ماسالا یکی از محبوب‌ترین و اصیل‌ترین غذاهای گیاهی هندوستان است که با ترکیب نخود و ادویه‌های معطر تهیه می‌شود. این خورش به دلیل داشتن فیبر و پروتئین فراوان، یک غذای بسیار مغذی و لذیذ است که معمولاً با برنج باسماتی یا نان چپاتی سرو می‌گردد.","hot","گرم و خشک","زیره یا گشنیز","320","45","متوسط","هند","نخود خشک (پخته شده) یا یک کنسرو نخود:250:گرم | پیاز بزرگ (ریز خرد شده):1:عدد | گوجه‌فرنگی متوسط (پوره شده):2:عدد | زنجبیل و سیر رنده شده (مخلوط):2:حبه | فلفل سبز تند (ریز خرد شده، اختیاری):2:عدد | چوله ماسالا (ادویه مخصوص):0:به میزان لازم | پودر زردچوبه:0:به میزان لازم | پودر فلفل قرمز:0:به میزان لازم | روغن مایع:1:به میزان لازم | آب:120:میلیلیتر | نمک به مقدار لازم:0:به میزان لازم | برگ گشنیز تازه برای تزیین:20:گرم | کمی آبلیمو برای سرو:15:میلی‌لیتر","اگر از نخود خشک استفاده می‌کنید، آن را از شب قبل خیس کرده و سپس با مقداری آب بپزید تا کاملاً نرم شود. اگر از کنسرو استفاده می‌کنید، نخودها را آبکشی کنید. | در یک قابلمه مناسب، روغن مایع را گرم کرده و پیازهای ریز خرد شده را تفت دهید تا کاملاً طلایی و سبک شوند. | مخلوط سیر و زنجبیل رنده شده را به همراه فلفل سبز تند به قابلمه اضافه کنید و برای ۱ تا ۲ دقیقه دیگر تفت دهید تا عطر آن‌ها خارج شود. | پوره گوجه‌فرنگی را اضافه کنید و اجازه دهید کمی سرخ شود. سپس زردچوبه، پودر فلفل قرمز، ادویه چوله ماسالا و نمک را اضافه کرده و مواد را با هم ترکیب کنید. | سس را روی حرارت ملایم به مدت ۱۰ تا ۱۵ دقیقه قرار دهید تا غلیظ شده و روغن بیندازد. | نخودهای پخته شده را به سس اضافه کنید و آب را روی مواد بریزید. درب قابلمه را ببندید و اجازه دهید به مدت ۱۵ تا ۲۰ دقیقه دیگر بجوشد تا خورش کاملاً جا بیفتد. | در مرحله آخر، آبلیمو را اضافه کرده و خورش را با برگ‌های گشنیز تازه تزیین و سرو کنید."
"dish-28-1766799342396","پلو با سبزیجات بخارپز","polo","یک غذای سالم و رژیمی با سبزیجات تازه بدون سرخ‌کردن.","cold","سرد و تر","زیره سیاه، فلفل سیاه، زعفران","350","60","آسان","ایران","برنج:4:پیمانه | هویج و نخود فرنگی:2:گرم | کلم بروکلی:1:گرم | روغن زیتون:4:قاشق","سبزیجات را بخارپز کنید. برنج را آبکش کنید. | لایه لایه برنج و سبزیجات را با زعفران و فلفل سیاه دم کنید و با روغن زیتون سرو نمایید."
"dish-28-1766876956937","خوراک جغور بغور (خوراک جگر)","khorak","یک غذای سنتی و اصیل ایرانی که از ترکیب جگر، دل و قلوه گوسفندی به همراه پیاز فراوان و ادویه‌های معطر تهیه می‌شود. این خوراک با بافت نرم و طعم لذیذ خود، انتخابی عالی برای وعده ناهار یا شام است.","hot","گرم و تر","گشنیز، سماق، سرکه یا آب‌لیمو، نمک","480","45","متوسط","ایران","۱ دست کامل جگر، دل و قلوه گوسفندی:600:گرم | ۳ عدد پیاز بزرگ:3:عدد | ۲ عدد سیب‌زمینی متوسط (اختیاری):2:عدد | رب گوجه فرنگی:40:قاشق | روغن سرخ‌کردنی به میزان لازم:60:میلیلیتر | نمک، فلفل سیاه, زردچوبه و پودر لیمو عمانی به میزان لازم:0:به میزان لازم","ابتدا جگر، دل و قلوه گوسفندی را شسته، رگ و پی‌های اضافی را جدا کرده و آن‌ها را به صورت قطعات کوچک نگینی خرد کنید. | پیازها را به صورت خلالی نازک خرد کرده و در تابه با مقداری روغن تفت دهید تا کاملاً سبک، عسلی و کاراملی شوند. | ابتدا دل و قلوه را که زمان پخت بیشتری نیاز دارند به پیازها اضافه کرده و به مدت ۱۰ دقیقه تفت دهید. | جگر سیاه خرد شده را به مخلوط اضافه کرده و تفت دادن را تا زمانی که رنگ جگر تغییر کند ادامه دهید. | سیب‌زمینی‌ها را به صورت نگینی خرد کرده، در تابه‌ای جداگانه سرخ کنید و سپس به مخلوط جگر و پیاز اضافه نمایید. | رب گوجه فرنگی را به همراه نمک، فلفل سیاه، زردچوبه و پودر لیمو عمانی اضافه کرده و چند دقیقه تفت دهید تا بوی خامی رب گرفته شده و رنگ آن باز شود. | نصف استکان (حدود ۶۰ میلی‌لیتر) آب جوش به تابه اضافه کنید، درب ظرف را ببندید و اجازه دهید به مدت ۵ تا ۱۰ دقیقه با حرارت ملایم طعم‌ها با هم ترکیب شده و خوراک جا بیفتد."
"dish-28-1766877137848","کتلت ماهی و گشنیز","khorak","کتلت ماهی و گشنیز یک غذای دریایی بسیار لذیذ و معطر است که از ترکیب فیله ماهی چرخ‌شده با سیب‌زمینی و سبزیجات تازه تهیه می‌شود. زنجبیل و گشنیز در این دستور پخت، طعمی گرم و دلپذیر ایجاد کرده و بوی زهم ماهی را کاملاً برطرف می‌کنند. این غذا گزینه‌ای عالی برای یک وعده سالم و مغذی است.","cold","سرد و تر","زنجبیل و خرما","820","45","متوسط","بین‌المللی","فیله ماهی بدون تیغ (چرخ‌شده):400:گرم | سیب‌زمینی پخته:2:عدد | گشنیز تازه خرد شده:45:گرم | پیاز رنده شده:1:عدد | زنجبیل تازه رنده شده:5:به میزان لازم | آرد سوخاری نارنجی:100:گرم | نمک و فلفل و زردچوبه:1:به میزان لازم | فلفل قرمز:0:به میزان لازم | روغن مایع:1:به میزان لازم","ابتدا پیاز رنده شده را کاملاً فشار داده و آب آن را بگیرید، سپس پیاز را در یک ظرف بزرگ با فیله ماهی چرخ‌شده مخلوط کنید. | سیب‌زمینی‌های پخته را کاملاً له کرده و به همراه گشنیز تازه خرد شده و زنجبیل رنده شده به مخلوط ماهی و پیاز اضافه نمایید. | نمک و فلفل قرمز را افزوده و مایه کتلت را به خوبی ورز دهید تا مواد کاملاً یکدست شده و حالت چسبندگی پیدا کنند. | از مایه آماده شده به اندازه یک نارنگی کوچک برداشته، در دست به شکل دلخواه فرم دهید و سپس آن را کاملاً در آرد سوخاری نارنجی بغلتانید. | در یک تابه مناسب روغن مایع را داغ کرده و کتلت‌ها را با حرارت ملایم سرخ کنید تا هر دو طرف آن‌ها طلایی، مغزپخت و ترد شود."
"dish-28-1766958808663","Classic French Omelette (املت کلاسیک - فرانسه)","international","یک املت کلاسیک فرانسوی با بافتی نرم، ابریشمی و کره‌ای که به روش سنتی تهیه می‌شود. این غذا گزینه‌ای عالی برای یک صبحانه مجلل یا میان‌وعده‌ای سبک و مغذی است.","hot","گرم و تر","فلفل سیاه، آویشن، نمک دریا","285","10","متوسط","فرانسه","تخم‌مرغ درشت:8:عدد | کره حیوانی:50:گرم | جعفری یا پیازچه خرد شده:1:عدد | نمک و فلفل سیاه و زرد چوبه:1:به میزان لازم | پنیر گرویر یا پارمزان (اختیاری):60:گرم","تخم‌مرغ‌ها را در یک کاسه بزرگ شکسته و با چنگال به آرامی هم بزنید تا زرده و سفیده کاملاً یکدست شوند؛ دقت کنید که مخلوط نباید کف کند. | نمک و فلفل سیاه را به میزان لازم به تخم‌مرغ‌ها اضافه کرده و مخلوط کنید. | کره را در یک ماهیتابه نچسب روی حرارت ملایم ذوب کنید تا زمانی که شروع به حباب زدن کند اما تغییر رنگ ندهد. | تخم‌مرغ‌ها را به تابه اضافه کرده و با یک لیسک حرارتی به طور مداوم و سریع هم بزنید تا دلمه‌های بسیار ریز و نرم ایجاد شود. | زمانی که تخم‌مرغ‌ها شروع به سفت شدن کردند اما سطح رویی آن‌ها هنوز مرطوب و ابریشمی است، جعفری یا پیازچه خرد شده و پنیر را در صورت تمایل روی آن پخش کنید. | تابه را کمی کج کرده و با استفاده از لیسک، املت را به آرامی رول کنید تا به شکل استوانه‌ای درآید و سپس آن را در بشقاب گرم سرو نمایید."
"dish-28-1766959134383","Kung Pao Chicken (مرغ کونگ پائو)","international","یک غذای کلاسیک چینی با طعم تند و لذیذ که از ترکیب تکه‌های مرغ، بادام زمینی و فلفل در یک سس غلیظ و معطر تهیه می‌شود.","hot","گرم و خشک","سرکه و گشنیز","450","25","متوسط","چین","سینه مرغ:600:گرم | بادام زمینی خام:80:گرم | فلفل چیلی خشک:10:عدد | سیر:3:حبه | زنجبیل تازه:5:به میزان لازم | پیازچه:4:عدد | روغن نباتی:50:میلی‌لیتر | سس سویا:45:میلی‌لیتر | نشاسته ذرت:10:گرم | روغن کنجد:5:به میزان لازم | سرکه برنج:30:میلیلیتر | شکر:15:به میزان لازم | آب مرغ:60:میلی‌لیتر | فلفل سفید:0:به میزان لازم","مرغ را به صورت مکعبی خرد کرده و با سس سویا، نشاسته ذرت و روغن کنجد مخلوط کنید و ۱۵ دقیقه در یخچال قرار دهید. | سس سویا، سرکه برنج، شکر، نشاسته ذرت، آب مرغ و فلفل سفید را در کاسه‌ای مخلوط کرده و کنار بگذارید. | مقداری روغن را در تابه داغ کرده، بادام زمینی‌ها را تفت دهید تا طلایی شوند و سپس خارج کنید. | مرغ را در همان تابه با حرارت بالا سرخ کنید تا پخته و طلایی شود، سپس از تابه خارج کنید. | فلفل چیلی، سیر و زنجبیل را ۳۰ ثانیه تفت دهید تا عطرشان آزاد شود. | سس را به تابه اضافه کرده و هم بزنید تا غلیظ شود، سپس مرغ و بادام زمینی را اضافه کنید. | پیازچه را اضافه کرده و پس از یک دقیقه تفت دادن، غذا را بلافاصله با برنج سفید سرو کنید."
"dish-29-0-1766799766083","لبو پلو (پلو چغندر)","polo","یک غذای زمستانی خوش‌رنگ و لعاب با طعم شیرین و ملس که از ترکیب چغندر قرمز (لبو) و مرغ تهیه می‌شود و ظاهری ارغوانی و جذاب دارد.","balanced","معتدل رو به گرم","زیره، کمی سرکه (برای تعدیل شیرینی)، زعفران","420","105","متوسط","ایران","برنج:4:پیمانه | لبو (چغندر قرمز):3:عدد | سینه مرغ:250:گرم | پیاز:2:عدد | اسفناج تازه (اختیاری):200:گرم | زعفران دم‌کرده:1:به میزان لازم","لبوها را پوست گرفته و با کمی آب بپزید، سپس آن‌ها را به صورت نگینی یا خلالی خرد کنید (آب لبو را نگه دارید). | پیاز را خرد کرده و تفت دهید، سپس تکه‌های مرغ را اضافه کرده و با زعفران و ادویه سرخ کنید تا پخته شود. | در صورت تمایل اسفناج خرد شده را کمی تفت دهید و به مرغ اضافه کنید. | برنج را آبکش کنید (کمی زنده‌تر بردارید). | کف قابلمه روغن ریخته و لایه لایه برنج، مرغ و لبوهای خرد شده را بریزید. مقداری از آب غلیظ لبو را روی برنج بدهید تا رنگ بگیرد. | اجازه دهید پلو حدود ۴۰ تا ۵۰ دقیقه دم بکشد."
"dish-29-1-1766799766084","پلو مرغ با آلو بخارا","polo","غذایی سنتی و محبوب با طعم ملس که از ترکیب مرغ زعفرانی و آلو بخارا تهیه می‌شود و برای مهمانی‌های رسمی گزینه‌ای عالی است.","cold","سرد و تر","زعفران، زیره، زنجبیل، فلفل سیاه","500","105","آسان","ایران","برنج:4:پیمانه | ران یا سینه مرغ:4:گرم | آلو بخارا:20:عدد | پیاز:2:عدد | زعفران دم‌کرده:1:به میزان لازم","پیازها را خلالی کرده و سرخ کنید تا طلایی شوند. | تکه‌های مرغ را به پیاز اضافه کرده و با زردچوبه، نمک و فلفل سرخ کنید. | آلوهای خیس خورده را در تابه ای جداگانه با کمی کره و زعفران تفت دهید. | به مرغ کمی آب اضافه کنید تا نیم‌پز شود، سپس آلوها را به خورش مرغ اضافه کنید تا سس غلیظ شود. | برنج را آبکش کنید و دم بگذارید. | هنگام سرو، پلو را در دیس کشیده و مرغ و سس آلو بخارا را کنار یا روی آن قرار دهید."
"dish-29-10-1766799766084","ته‌چین بادمجان و گوشت","polo","ته‌چین بادمجان و گوشت یکی از لذیذترین انواع ته‌چین است که طعم بادمجان سرخ‌شده در آن بی‌نظیر است.","hot","گرم و خشک","ماست (درون غذا)، سرکه شیره","550","120","متوسط","ایران","برنج:4:پیمانه | بادمجان:3:عدد | گوشت چرخ کرده:300:گرم | ماست چکیده:1:پیمانه | زرده تخم‌مرغ:3:عدد","بادمجان‌ها را سرخ کنید. گوشت را با رب و پیاز تفت دهید. | برنج را آبکش کرده و با مایه ماستی مخلوط کنید. | لایه لایه برنج، بادمجان و گوشت را در قابلمه چیده و فشرده کنید. | با حرارت ملایم دم کنید تا ته‌دیگ طلایی شود."
"dish-29-11-1766799766084","ته‌چین قارچ و بادمجان","polo","یک ته‌چین گیاهی و متفاوت برای کسانی که طعم قارچ و بادمجان را می‌پسندند.","balanced","معتدل","آویشن، پودر سیر","400","75","آسان","ایران","برنج:4:پیمانه | بادمجان:2:عدد | قارچ دگمه ای:300:گرم | ماست چکیده:1:پیمانه | زعفران:1:به میزان لازم","بادمجان را سرخ کرده و قارچ را با حرارت بالا تفت دهید. | برنج را آبکش کرده و با مایه ته‌چین مخلوط کنید. | برنج زعفرانی را ریخته، لایه میانی را با قارچ و بادمجان پر کنید و لایه آخر برنج را بریزید. | در فر یا روی گاز دم کنید."
"dish-29-12-1766799766084","ته‌چین ماهی","polo","ته‌چین ماهی یکی از غذاهای مجلسی و خاص دریایی است که در جنوب ایران طرفداران زیادی دارد.","cold","سرد و تر","ادویه‌های گرم، خرما، سیر و گردو","480","90","متوسط","ایران","برنج:3:پیمانه | فیله ماهی:500:گرم | ماست چکیده:1:پیمانه | زعفران:1:به میزان لازم | سبزی معطر خشک:1:قاشق غذاخوری","ماهی را مزه‌دار کرده و تفت دهید. | برنج را آبکش کرده و با مایه ماست و تخم‌مرغ مخلوط کنید. | لایه لایه برنج و فیله ماهی را بچینید و سبزی معطر بپاشید. | یک ساعت با حرارت ملایم دم بکشد."
"dish-29-13-1766799766084","ته‌چین ماهیچه","polo","ته‌چین ماهیچه یک غذای بسیار لذیذ و اعیانی است که ترکیب گوشت لطیف گوسفندی با برنج قالبی است.","hot","گرم و تر","سماق، گشنیز، ترشیجات و سکنجبین","650","180","سخت","ایران","برنج:4:پیمانه | ماهیچه گوسفندی:500:گرم | ماست چکیده پرچرب:1:پیمانه | زعفران غلیظ:5:قاشق | پیاز بزرگ:2:عدد","ماهیچه را با پیاز و ادویه ۳ ساعت بپزید تا نرم شود و آبش غلیظ شود. | برنج را آبکش کرده و با مایه ته‌چین مخلوط کنید. | گوشت ماهیچه را لای برنج زعفرانی قرار داده و فشرده کنید. | یک ساعت دم کنید."
"dish-29-14-1766799766084","ته‌چین مرغ","polo","ته‌چین مرغ کلاسیک‌ترین و محبوب‌ترین نوع ته‌چین در ایران است که به کیک برنج ایرانی معروف است.","cold","سرد و تر","ادویه‌های گرم، زیره، زعفران فراوان","550","90","متوسط","ایران","برنج:4:پیمانه | سینه مرغ:250:گرم | ماست چکیده:1:پیمانه | زرده تخم‌مرغ:3:عدد | زعفران دم‌کرده:1:به میزان لازم","مرغ را بپزید و ریش کنید. برنج را آبکش کنید. | برنج را با مخلوط ماست، زرده و زعفران ترکیب کنید. | نیمی از برنج را ریخته، مرغ را وسط بگذارید و بقیه برنج را اضافه کرده و فشرده کنید. | حدود یک تا یک و نیم ساعت دم بکشد."
"dish-29-15-1766799766084","ته‌چین مرغ زعفرانی","polo","این نسخه از ته‌چین با تاکید بر زعفران فراوان و تزیینات مجلسی زرشک و خلال پسته تهیه می‌شود.","balanced","معتدل","زرشک، شکر","580","105","متوسط","ایران","برنج:4:پیمانه | مرغ:500:گرم | زرشک:0.5:پیمانه | خلال پسته و بادام:0.5:پیمانه | زعفران غلیظ:0.5:قاشق","مرغ پخته را با کره و زعفران تفت دهید. زرشک را آماده کنید. | برنج آبکش را با مایه ماستی و زعفران زیاد مخلوط کنید. | لایه لایه برنج، مرغ زعفرانی، زرشک و خلال‌ها را در قابلمه فشرده کنید. | در فر یا روی گاز بپزید تا کاملاً طلایی شود."
"dish-29-16-1766799766084","ته‌چین مرغ و بادمجان","polo","ترکیبی بی‌نظیر که بادمجان سرخ‌شده طعمی دودی و غنی به ته‌چین می‌بخشد.","hot","گرم و خشک","ماست، انار یا رب انار، گلپر","600","90","متوسط","ایران","برنج:4:پیمانه | بادمجان:3:عدد | سینه مرغ:250:گرم | ماست چکیده:1:پیمانه | زعفران:1:به میزان لازم","بادمجان‌ها را سرخ کنید. مرغ را پخته و ریش کنید. | برنج را با مایه ته‌چین مخلوط کنید. | برنج را در قابلمه ریخته، لایه بادمجان و مرغ را بچینید و بقیه برنج را روی آن فشرده کنید. | یک ساعت دم بکشد."
"dish-29-17-1766799766084","کته کباب دیگی","polo","غذایی خانگی و سریع که شامل کباب تابه‌ای آبدار در کنار کته زعفرانی معطر است.","balanced","معتدل","سماق، فلفل سیاه، ریحان","500","60","آسان","ایران","برنج:4:پیمانه | گوشت چرخ کرده:500:گرم | پیاز بزرگ:2:عدد | رب گوجه فرنگی:4:قاشق | سماق:1:قاشق","کته را بار بگذارید. | گوشت را با پیاز رنده شده و ادویه ورز داده و در تابه پهن کنید. | کباب را برش داده و بپزید تا آبش کشیده شود و سرخ شود. | گوجه‌ها را کنار کباب سرخ کنید. | با کته زعفرانی و سماق سرو کنید."
"dish-29-1766799342396","پلو با سبزیجات گریل شده","polo","غذای مدرن با عطر دودی سبزیجات کباب شده.","balanced","معتدل رو به گرم","ماست و خیار، آبلیموی تازه","400","75","متوسط","بین‌المللی","برنج:4:پیمانه | کدو و بادمجان:4:عدد | فلفل دلمه‌ای:2:عدد | قارچ دگمه ای:200:گرم","سبزیجات را گریل کنید. برنج را با ادویه پلویی دم کنید. | هنگام سرو سبزیجات گریل شده را روی پلو بچینید."
"dish-29-1766876956937","خوراک دل مرغ تند","khorak","یک خوراک نونی لذیذ و تند که با دل مرغ، قارچ و سبزیجات تهیه می‌شود. این غذا سرشار از پروتئین و آهن بوده و برای یک وعده شام سریع و مقوی بسیار مناسب است.","hot","گرم و خشک","ماست، آب‌لیمو ترش، گشنیز تازه","420","40","آسان","بین‌المللی (فیوژن)","دل مرغ:600:گرم | پیاز متوسط:2:عدد | سیر:3:حبه | فلفل سبز تند:2:عدد | فلفل دلمه‌ای:1:عدد | قارچ دگمه ای:200:گرم | ابلیموی ترش و تازه:15:قاشق | کره:30:گرم | روغن زیتون:30:قاشق | نمک و فلفل و زردچوبه:1:به میزان لازم | فلفل قرمز فراوان:0:به میزان لازم | پاپریکا:0:به میزان لازم | آویشن:0:به میزان لازم | گشنیز تازه:30:گرم","دل‌های مرغ را از وسط برش داده، لخته‌های خون را خارج کرده و کاملاً با آب سرد بشویید و در آبکش قرار دهید تا خشک شوند. | پیازها را به صورت نگینی خرد کرده و در تابه با کره و روغن تفت دهید تا سبک و طلایی شوند. | سیرهای له شده را اضافه کرده و پس از کمی تفت دادن، دل‌های مرغ را افزوده و با حرارت بالا تفت دهید تا آب نیندازند و رنگشان کاملاً تغییر کند. | قارچ‌های ورقه‌ای شده را اضافه کنید و با حرارت بالا تفت دهید تا آب آن‌ها کشیده شود. | فلفل دلمه‌ای و فلفل‌های سبز تند خرد شده را به تابه اضافه کرده و مواد را با هم مخلوط کنید. | ادویه‌ها شامل نمک، فلفل قرمز فراوان، پاپریکا و آویشن را همراه با آب‌لیمو اضافه کنید. درب تابه را ببندید و اجازه دهید ۱۵ دقیقه با حرارت ملایم پخته شوند. | در پایان، خوراک را در ظرف مورد نظر ریخته و با گشنیز تازه خرد شده تزیین و همراه با نان سرو کنید."
"dish-29-1766877137848","خوراک سیرابی لری","khorak","خوراک سیرابی لری یکی از غذاهای سنتی و بسیار مقوی منطقه لرستان است که به دلیل پخت طولانی با سیر و پیاز فراوان، طعمی بسیار لذیذ دارد و معمولاً به عنوان یک وعده مقوی در صبحانه یا ناهار سرو می‌شود.","cold","سرد و تر","سرکه، سیر، دارچین، زیره سبز، زنجبیل","380","300","متوسط","ایران (لری)","سیرابی و شیردان تمیز شده ۱ دست کامل:1000:حبه | پیاز درشت:3:عدد | سیر:5:حبه | نخود (اختیاری):100:گرم | فلفل سیاه و نمک:0:به میزان لازم | کشک (اختیاری برای سرو):100:میلی‌لیتر | روغن حیوانی یا کره:30:گرم","سیرابی و شیردان را بسیار با دقت شسته و به قطعات مناسب و یکدست برش دهید. | یکی از پیازها را نگینی خرد کرده و به همراه سیرابی، حبه‌های سیر و نخود (که از شب قبل خیسانده‌اید) داخل قابلمه بریزید. مقدار کافی آب اضافه کرده و اجازه دهید با حرارت ملایم به مدت ۴ تا ۵ ساعت کاملاً پخته و نرم شوند. | پس از پخت کامل و زمانی که مقدار آب غذا به حداقل رسید، پیازهای باقی‌مانده را به صورت خلالی خرد کنید. | در یک تابه جداگانه، پیازهای خلالی را با روغن حیوانی (یا کره) و زردچوبه فراوان تفت دهید تا کاملاً طلایی و ترد شوند. | سیرابی‌های پخته شده را به تابه پیاز داغ اضافه کنید. نمک و فلفل سیاه را اندازه کرده و مواد را چند دقیقه با هم تفت دهید تا طعم‌ها به خورد هم بروند. | در انتها خوراک را در ظرف مورد نظر کشیده و در صورت تمایل با کمی کشک رقیق شده سرو کنید."
"dish-29-1766958808663","کوشینیا گوشت (Coxinha de Carne)","international","کوشینیا یک پیش‌غذا یا میان‌عده مشهور برزیلی است که به دلیل شکل اشکی متمایزش شناخته می‌شود. این نسخه شامل یک پوسته لطیف تهیه شده با آرد و عصاره گوشت است که با مخلوطی معطر از گوشت چرخ‌کرده، پیاز و جعفری پر شده و پس از غلتاندن در پودر سوخاری، در روغن سرخ می‌شود تا بافتی ترد و کرانچی پیدا کند.","hot","گرم و تر","آب لیموترش","480","60","متوسط","برزیل","آرد گندم:375:گرم | عصاره گوشت:480:میلی‌لیتر | گوشت چرخ کرده:300:گرم | پیاز:1:عدد | تخم‌مرغ:2:عدد | پودر سوخاری:240:گرم | جعفری خرد شده:50:گرم | رب گوجه فرنگی:20:قاشق | نمک و فلفل و زردچوبه:1:به میزان لازم | نمک و فلفل سیاه و زرد چوبه:1:به میزان لازم | نمک و فلفل و زردچوبه:1:به میزان لازم | روغن سرخ‌کردنی:500:میلیلیتر","ابتدا پیاز را نگینی خرد کرده و در تابه با مقداری روغن تفت دهید تا سبک و شفاف شود. سپس گوشت چرخ‌کرده، نمک، فلفل، زردچوبه و رب گوجه‌فرنگی را اضافه کنید و تفت دهید تا رنگ گوشت تغییر کند و آب آن کاملاً کشیده شود. در پایان جعفری خرد شده را افزوده و مخلوط را از روی حرارت بردارید تا خنک شود. | در یک قابلمه مناسب، عصاره گوشت را به جوش آورید. به محض این که عصاره شروع به جوشیدن کرد، آرد را به صورت یکباره اضافه کنید و با یک قاشق چوبی با سرعت و مداوم هم بزنید تا خمیر در مرکز قابلمه جمع شود و بافت یکدستی پیدا کند. | خمیر داغ را روی سطح کار منتقل کنید. اجازه دهید خمیر کمی از حرارت بیفتد (اما سرد نشود) و سپس آن را به خوبی ورز دهید تا کاملاً نرم، لطیف و بدون گلوله شود. | تکه‌هایی به اندازه یک نارنگی کوچک از خمیر بردارید، آن را در کف دست پهن کنید و یک قاشق از مواد گوشتی خنک شده را در مرکز آن قرار دهید. لبه‌های خمیر را به سمت بالا جمع کرده و آن را به شکل یک قطره اشک بزرگ فرم دهید. | تخم‌مرغ‌ها را در ظرفی جداگانه شکسته و با چنگال بزنید تا یکدست شوند. کوشینیاها را ابتدا در تخم‌مرغ و سپس در پودر سوخاری بغلتانید تا تمام سطح آن‌ها به خوبی پوشانده شود. | در یک ظرف گود، روغن سرخ‌کردنی فراوان ریخته و اجازه دهید کاملاً داغ شود. کوشینیاها را در روغن غوطه‌ور سرخ کنید تا به رنگ طلایی تیره درآیند و سپس آن‌ها را روی دستمال حوله‌ای قرار دهید تا روغن اضافی‌شان گرفته شود."
"dish-29-18-1766799766084","مجبوس خلیجی","polo","یک غذای برنجی معطر و مجلسی با گوشت، پخته شده با ادویه‌های عربی و لیمو عمانی.","hot","گرم و تر","لیمو عمانی، ماست، سبزیجات","600","90","متوسط","کشورهای عربی","برنج باسماتی:3:پیمانه | مرغ یا گوشت:1:کیلوگرم | لیمو عمانی:3:به میزان لازم | ادویه مجبوس:2:قاشق غذاخوری | کشمش پلویی:0.5:گرم","پیاز و مرغ را با ادویه‌ها تفت دهید. | گوجه و رب را اضافه کرده و با آب بگذارید مرغ کاملاً بپزد. | مرغ را خارج کرده و برنج را در آب مرغ بپزید تا آبش کشیده شود. | مرغ را برشته کرده و روی برنج قرار دهید تا دم بکشد. | با پیاز داغ و خلال تزیین کنید."
"dish-29-19-1766799766084","پلو دزفولی (شلی)","polo","شلی پلو دزفولی یکی از غذاهای بومی است که بافتی نرم دارد و با حبوبات و سبزیجات طبخ می‌شود.","cold","سرد و تر","سیر، فلفل قرمز، خرما","480","120","سخت","ایران (دزفول)","برنج:3:پیمانه | ماش یا لوبیا چشم‌بلبلی:1:پیمانه | اسفناج یا برگ چغندر:500:گرم | سیر:4:حبه | پیاز بزرگ:2:عدد","حبوبات را بپزید. پیاز و سیر و سبزی را تفت دهید. | برنج و حبوبات را به سبزیجات اضافه کرده و با آب زیاد (بیشتر از کته) بپزید. | اجازه دهید غذا نرم و غلیظ شود و سپس دم کنید. | با ترشی یا شیره خرما میل کنید."
"dish-29-2-1766799766084","پلو مرغ رشتی","polo","یک غذای سنتی و محبوب گیلانی که ترکیبی از برنج، لوبیا (معمولاً پاچ باقلا یا لوبیا چشم‌بلبلی)، شوید و مرغ سرخ شده است.","balanced","معتدل","زیره سیاه، فلفل سیاه","550","90","متوسط","ایران","برنج:4:پیمانه | مرغ:4:گرم | پاچ باقلا یا لوبیا چشم‌بلبلی:1:پیمانه | شوید خشک:3:قاشق | پیاز بزرگ:1:عدد","لوبیاها را که از قبل خیس کرده‌اید جداگانه بپزید. | مرغ را با پیاز، زردچوبه، نمک و کمی آب بپزید و سپس در روغن سرخ کنید تا طلایی شود. | برنج را در آب جوش ریخته و آبکش کنید. | لایه لایه برنج، شوید خشک و لوبیای پخته را بریزید و دم کنید. | در ۱۰ دقیقه آخر زعفران و کمی کره روی آن بدهید. | پلو را در دیس کشیده و مرغ‌های سرخ شده را کنار آن سرو کنید."
"dish-29-20-1766799766084","دمبه‌پلو عشایری","polo","یک غذای اصیل و سنتی عشایری که با برنج محلی و روغن طبیعی دنبه تهیه می‌شود. این پلو به دلیل استفاده از زیره سیاه و گوشت گوسفندی دارای طبعی گرم و عطری فوق‌العاده است.","hot","گرم و تر","ترشی سیر، سرکه شیره، سماق","820","90","متوسط","ایران","برنج محلی:720:پیمانه | دنبه گوسفندی:200:گرم | گوشت گوسفندی:300:گرم | زیره سیاه:0:به میزان لازم | پودر لیمو عمانی:0:به میزان لازم | پیاز:1:عدد | آب:1440:میلیلیتر | نمک و فلفل و زردچوبه:1:به میزان لازم | زردچوبه و فلفل سیاه:0:به میزان لازم","ابتدا دنبه گوسفندی را به قطعات ریز تقسیم کرده و در یک قابلمه روی حرارت ملایم تفت دهید تا روغن آن کاملاً خارج شده و قطعات دنبه به صورت ترد و طلایی (جزغاله) درآیند؛ سپس جزغاله‌ها را از قابلمه خارج کرده و کنار بگذارید. | پیاز را نگینی خرد کرده و در روغن باقی‌مانده از دنبه تفت دهید تا سبک و شفاف شود. سپس گوشت گوسفندی را اضافه کرده و همراه با زردچوبه و فلفل تفت دهید تا تغییر رنگ دهد. | مقداری از آب را به گوشت اضافه کرده و اجازه دهید با حرارت ملایم بپزد تا گوشت نیم‌پز شود. | برنج محلی را که از قبل شسته‌اید، به همراه باقی‌مانده آب و نمک به قابلمه گوشت اضافه کنید. حرارت را کمی زیاد کنید تا آب برنج بجوشد و به روش کته تبخیر شود. | هنگامی که آب برنج کاملاً کشیده شد، زیره سیاه، پودر لیمو عمانی و جزغاله‌هایی که در مرحله اول کنار گذاشته بودید را روی سطح برنج پخش کنید. | درب قابلمه را با دم‌کنی بپوشانید و اجازه دهید پلو به مدت ۴۵ دقیقه با حرارت بسیار ملایم دم بکشد."
"dish-29-21-1766799766084","دمپخت لای پلو","polo","یک غذای سنتی و لذیذ ایرانی که از ترکیب برنج کته با لایه‌های مایه گوشت چرخ‌کرده، سیب‌زمینی و ادویه‌های معطر تهیه می‌شود.","balanced","معتدل رو به گرم","ماست و خیار، سالاد شیرازی","620","60","متوسط","ایران","برنج:720:پیمانه | گوشت چرخ کرده:300:گرم | سیب‌زمینی:2:عدد | پیاز:1:عدد | رب گوجه فرنگی:30:قاشق | ادویه پلویی:0:به میزان لازم | روغن مایع:1:به میزان لازم | نمک و فلفل و زردچوبه:1:به میزان لازم | نمک و فلفل سیاه:1:به میزان لازم | نمک و فلفل و زردچوبه:1:به میزان لازم | آب:1000:میلیلیتر","ابتدا پیاز را به صورت نگینی خرد کرده و در یک تابه با روغن تفت دهید تا سبک و طلایی شود. | گوشت چرخ کرده را به پیاز اضافه کرده و تفت دهید تا تغییر رنگ دهد. سپس نمک، فلفل سیاه و زردچوبه را اضافه کنید. | سیب‌زمینی‌ها را به صورت مکعبی کوچک (نگینی) خرد کرده و به مخلوط گوشت بیفزایید و کمی تفت دهید. | رب گوجه فرنگی و ادویه پلویی را اضافه کرده و تفت دهید تا بوی خامی رب گرفته شده و مایه خوش‌رنگ شود؛ سپس تابه را از روی حرارت بردارید. | برنج را شسته و در قابلمه با آب و مقداری نمک به صورت کته روی حرارت قرار دهید. | زمانی که آب برنج کشیده شد و برنج نیم‌پز شد، نیمی از آن را از قابلمه خارج کنید. | مایه گوشت و سیب‌زمینی آماده شده را میان قابلمه بریزید و سپس باقی‌مانده برنج را روی مایه بدهید. | درب قابلمه را با دم‌کنی بپوشانید و اجازه دهید پلو به مدت ۴۵ دقیقه با حرارت ملایم کاملاً دم بکشد."
"dish-29-22-1766799766084","پلو شوشتری","polo","پلو شوشتری یکی از غذاهای سنتی جنوب است که با لوبیا چشم‌بلبلی و شوید تهیه می‌شود.","hot","گرم و خشک","سالاد شیرازی یا ماست و خیار","480","90","متوسط","ایران","برنج:4:پیمانه | لوبیا چشم‌بلبلی:1.5:پیمانه | شوید تازه:2:گرم | فیله مرغ:500:گرم | زعفران:1:به میزان لازم","لوبیا را بپزید. مرغ را با پیاز و زعفران تفت داده و بپزید. | برنج را با لوبیا و شوید آبکش کنید. | برنج و مرغ را لایه لایه دم کنید. | پس از ۴۵ دقیقه آماده سرو است."
"dish-29-23-1766799766084","پلو قیسی و گردو","polo","این غذا طعمی ملس رو به شیرین دارد و ترکیب گردو و قیسی طبع آن را کاملاً گرم می‌کند.","hot","گرم و خشک","سرکه شیره یا ترشی ملایم","600","60","متوسط","ایران","برنج:4:پیمانه | قیسی:200:عدد | گردو خرد شده:100:پیمانه | مرغ ریش شده:400:گرم | زعفران:1:به میزان لازم","پیاز، مرغ، قیسی و گردو را با هم تفت دهید. | برنج را آبکش کنید. | مواد را لایه لایه بین برنج دم کنید. | ۴۵ دقیقه زمان لازم است تا عطر قیسی به خورد برنج برود."
"dish-29-24-1766799766084","پلو کدو حلوایی (کئی پلا)","polo","کئی پلا یا پلو کدو حلوایی یکی از غذاهای اصیل و سنتی استان مازندران است که به دلیل ترکیب طعم شیرین کدو و عطر زیره، تجربه‌ای منحصر به فرد از سفره‌های شمالی را ارائه می‌دهد. این غذا معمولاً همراه با تخم‌مرغ نیمرو و سیر تازه یا ترشی سیر سرو می‌شود.","balanced","معتدل","سیر، فلفل سیاه و زیره","580","60","متوسط","ایران","برنج:720:پیمانه | کدو حلوایی مکعبی:500:گرم | پیاز:2:عدد | سیر:2:حبه | تخم مرغ (نیمرو):4:عدد | زیره سبز:0:به میزان لازم | روغن مایع:1:به میزان لازم | نمک و فلفل و زردچوبه:1:به میزان لازم","برنج را از چند ساعت قبل در آب و کمی نمک خیس کنید. | پیازها را به صورت نگینی خرد کرده و در قابلمه با مقداری روغن تفت دهید تا سبک و طلایی شوند. سپس سیرهای رنده شده را اضافه کرده و تفت کوتاهی دهید تا عطر آن خارج شود. | کدو حلوایی‌های مکعبی را به تابه اضافه کنید. زردچوبه، فلفل و زیره سبز را افزوده و مواد را با هم تفت دهید تا کدوها کمی نرم شوند اما فرم خود را از دست ندهند. | در یک قابلمه بزرگ آب را به جوش آورده، برنج را اضافه کنید و پس از اینکه مغز برنج کمی نرم شد، آن را آبکش کنید. | کف قابلمه را کمی روغن ریخته و ته‌دیگ دلخواه (نان یا سیب‌زمینی) را قرار دهید. یک لایه از برنج و یک لایه از مخلوط کدو و پیاز را به صورت متناوب داخل قابلمه بریزید تا مواد تمام شوند. | درب قابلمه را گذاشته و اجازه دهید پلو به مدت ۴۵ تا ۶۰ دقیقه با حرارت ملایم دم بکشد. | در اواخر پخت پلو، تخم‌مرغ‌ها را در تابه به صورت نیمرو آماده کنید. | پلو را در دیس مورد نظر کشیده و نیمروها را برای تزیین و سرو روی پلو قرار دهید."
"dish-29-25-1766799766084","پلو زعفرانی با فیله حلزونی مرغ","polo","یک غذای شیک که در آن فیله‌های مرغ رول شده در کنار پلو زعفرانی سرو می‌شوند.","balanced","معتدل","فلفل سیاه و آویشن","550","90","متوسط","ایران","برنج:4:پیمانه | فیله مرغ:600:گرم | زعفران دم‌کرده:1:به میزان لازم | ابلیموی ترش و تازه:2:قاشق | کره:50:گرم","فیله‌ها را مزه‌دار کرده، رول کنید و با سیخ چوبی ثابت کنید. | برنج را زعفرانی دم کنید. | فیله‌ها را در کره سرخ کنید تا طلایی شوند. | در دیس کشیده و تزیین کنید."
"dish-29-26-1766799766084","چلو گوشت با سس انار","polo","یک غذای مجلسی که در آن گوشت با رب انار پخته شده و طعمی ملس و لذیذ دارد.","balanced","معتدل","گلپر، پودر گردو، زنجبیل","650","180","متوسط","ایران","گوشت ماهیچه یا گردن:600:گرم | رب انار:3:قاشق | دانه انار تازه:1:پیمانه | برنج:4:پیمانه | پیاز بزرگ:2:عدد","گوشت را با پیاز و ادویه سرخ کنید و با ۲ لیوان آب بگذارید کاملاً بپزد. | در اواخر پخت رب انار را اضافه کنید تا سس غلیظ شود. | برنج را دم کنید. | موقع سرو دانه‌های انار را روی گوشت بریزید."
"dish-29-27-1766799766084","پلو با خوراک قارچ","polo","یک غذای گیاهی خوشمزه و معطر که از ترکیب برنج ایرانی و خوراک قارچ با سس غلیظ تهیه می‌شود. این غذا گزینه‌ای عالی برای وعده‌های ناهار یا شام سبک و سالم است.","cold","سرد و تر","آویشن، پودر سیر، زنجبیل","480","60","آسان","ایران","برنج:720:پیمانه | قارچ دگمه ای:500:گرم | فلفل دلمه‌ای:1:عدد | پیاز:1:عدد | رب گوجه فرنگی:30:قاشق | آویشن:0:به میزان لازم | نمک و فلفل سیاه و زرد چوبه:1:به میزان لازم | نمک و فلفل و زردچوبه:1:به میزان لازم | روغن مایع:1:به میزان لازم | آب:120:میلیلیتر","برنج را که از قبل خیس کرده‌اید، در آب جوش ریخته و پس از رسیدن به مرحله مناسب آبکش کنید و به مدت ۴۵ دقیقه دم بگذارید. | پیاز را به صورت نگینی خرد کرده و در تابه با کمی روغن تفت دهید تا سبک و طلایی شود. | قارچ‌های دگمه‌ای را ورقه ورقه کرده و با حرارت بالا به تابه اضافه کنید تا سریع تفت بخورند و آب نیندازند. | فلفل دلمه‌ای را به صورت نگینی یا خلالی خرد کرده و به مخلوط قارچ و پیاز اضافه کرده و تفت دهید. | رب گوجه فرنگی را به همراه زردچوبه، نمک، فلفل سیاه و آویشن به مواد اضافه کنید و تفت دهید تا بوی خامی رب گرفته شده و رنگ باز کند. | نصف پیمانه آب به خوراک اضافه کرده و اجازه دهید با حرارت ملایم به مدت ۱۵ دقیقه جا بیفتد و سس غلیظ شود. | پس از آماده شدن برنج، خوراک قارچ را در کنار پلو یا روی آن کشیده و سرو کنید."
"dish-29-28-1766799766084","چلو گوشت سمنانی","polo","چلو گوشت سمنانی یکی از اصیل‌ترین و لذیذترین غذاهای محلی استان سمنان است که در آن گوشت با پیاز فراوان و بدون افزودن حتی یک قطره آب، در آب پیاز و چربی طبیعی خود پخته می‌شود تا بافتی فوق‌العاده نرم و طعمی غنی پیدا کند.","hot","گرم و تر","سماق، آب‌نارنج، سبزی خوردن","1225","270","متوسط","ایران","گوشت گوسفندی:800:گرم | پیاز بزرگ:5:عدد | برنج:720:پیمانه | چوب دارچین:1:قطعه | روغن حیوانی:45:میلی‌لیتر | زعفران دم‌کرده:0:به میزان لازم | نمک و فلفل و زردچوبه:1:به میزان لازم | نمک و فلفل و زردچوبه:1:به میزان لازم","ابتدا برنج را پاک کرده و با آب و مقداری نمک به مدت ۳ ساعت خیس کنید. | پیازهای بزرگ را به صورت خلالی درشت و یکدست خرد کنید. | نیمی از پیازهای خرد شده را در کف یک قابلمه مناسب (ترجیحاً چدن یا مسی) پخش کنید. | تکه‌های گوشت گوسفندی را روی لایه پیاز قرار دهید و چوب دارچین و مقداری زردچوبه را اضافه کنید. | بقیه پیازها را روی گوشت بریزید تا کاملاً سطح گوشت را بپوشاند. | درب قابلمه را با دم‌کنی محکم ببندید تا بخار خارج نشود. شعله را در کمترین حالت ممکن قرار دهید و اجازه دهید گوشت به مدت ۴ ساعت به آرامی با آب پیاز بپزد. | در یک ساعت پایانی پخت، نمک و زعفران دم‌کرده را اضافه کنید (از هم زدن زیاد خودداری کنید تا گوشت له نشود). | برنج را در آب جوش ریخته و پس از نیم‌پز شدن، آبکش کنید. برنج را با روغن حیوانی دم بگذارید. | پس از پخت کامل گوشت و غلیظ شدن سس پیاز، چوب دارچین را خارج کرده و گوشت را در کنار چلو زعفرانی سرو نمایید."
"dish-29-3-1766799766084","پلو مرغ و هویج رژیمی","polo","یک غذای سالم و کم‌کالری مناسب برای رژیم‌های لاغری که با کمترین میزان روغن تهیه می‌شود.","balanced","معتدل","دارچین، زیره سبز","350","60","آسان","ایران","برنج قهوه‌ای یا سفید:3:پیمانه | سینه مرغ:400:گرم | هویج:300:گرم | پیاز:1:عدد | روغن زیتون:2:قاشق","سینه مرغ را مکعبی خرد کرده و با پیاز و کمی آب بپزید. | هویج‌ها را خلالی یا رنده درشت کرده و بخارپز کنید. | برنج را کته یا آبکش کنید. | مرغ پخته و هویج را لایه لایه بین برنج قرار دهید و دارچین بپاشید. | پس از پخت، روغن زیتون و زعفران را اضافه کرده و سرو کنید."
"dish-29-4-1766799766084","پلو میگو با کشمش","polo","غذای مجلسی و اصیل جنوبی (بوشهری) که طبع گرمی دارد. ترکیب میگو با شیرینی کشمش طعمی منحصر به فرد ایجاد می‌کند.","hot","گرم و تر","ترشی سیر، گشنیز، شربت سکنجبین","480","60","متوسط","ایران","برنج:4:پیمانه | میگو پاک شده:400:گرم | کشمش پلویی:1:گرم | پیاز بزرگ:2:عدد | سیر:3:حبه","پیازها را خلالی کرده و سرخ کنید تا طلایی شوند. | سیر له شده و میگوها را اضافه کنید و ۳ دقیقه با حرارت بالا تفت دهید. | ادویه‌ها، کشمش و گردو را اضافه کرده و تفت کوتاهی دهید. | برنج را آبکش کرده و مواد میگو را لایه لایه دم کنید. | زعفران ریخته و ۴۵ دقیقه صبر کنید تا دم بکشد."
"dish-29-5-1766799766084","پلو میگو جنوبی","polo","یک غذای دریایی اصیل و محبوب از خطه جنوب ایران که با سبزیجات معطر خاص، تمبر هندی و ادویه‌های تند طبخ می‌شود.","hot","گرم و تر","سکنجبین یا شربت انار","500","90","متوسط","ایران","برنج:4:پیمانه | میگو:500:گرم | سبزی (گشنیز و شنبلیله):200:گرم | تمبر هندی:0.5:بسته | سیر:5:حبه","پیاز و سیر را تفت دهید، سپس سبزی‌های خرد شده را اضافه کرده و خوب سرخ کنید. | میگوها را با ادویه کاری و فلفل اضافه کرده و ۵ دقیقه تفت دهید. | شیره تمبر هندی را اضافه کنید تا سس غلیظ شود. | برنج را آبکش کرده و با مایه میگو دم کنید. | پس از ۴۵ دقیقه غذا آماده سرو است."
"dish-29-6-1766799766084","هویج پلو تبریزی","polo","یک پلوی مجلسی و سنتی از شهر تبریز با طعمی ملس (شیرین و ترش) که با زعفران فراوان عطرآگین می‌شود.","hot","گرم و تر","آبلیمو یا دارچین","480","90","متوسط","ایران","برنج:4:پیمانه | هویج فرنگی:500:گرم | گوشت چرخ کرده:300:گرم | زعفران غلیظ:4:قاشق | ابلیموی ترش و تازه:1:قاشق","هویج‌ها را خلالی نازک خرد کرده و در روغن تفت دهید. | گوشت را با پیاز و ادویه تفت داده و هویج، شکر و زعفران را به آن بیفزایید. | برنج را آبکش کنید. | مواد را لایه لایه بین برنج ریخته و دارچین بپاشید. | اجازه دهید ۴۵ دقیقه دم بکشد."
"dish-29-7-1766799766084","پلوچه کردی","polo","پلوچه کردی یکی از غذاهای اصیل و مقوی مناطق کردنشین است که از ترکیب گوشت گوسفندی، لوبیا قرمز و برنج تهیه می‌شود. استفاده از روغن حیوانی عطر و طعمی منحصر به فرد به این غذای سنتی می‌بخشد.","hot","گرم و تر","زیره، دارچین و سالاد شیرازی","620","120","متوسط","ایران","برنج:720:پیمانه | لوبیا قرمز:300:پیمانه | گوشت گوسفندی:300:گرم | رب گوجه فرنگی:45:قاشق | روغن حیوانی:60:میلی‌لیتر | پیاز:1:عدد | نمک و فلفل و زردچوبه:0:به میزان لازم | چوب دارچین:1:قطعه | زعفران:1:به میزان لازم","لوبیا قرمز را از شب قبل خیسانده و سپس با مقداری آب بپزید تا کاملاً نرم شود، سپس آن را آبکش کنید. | پیاز را به صورت نگینی خرد کرده و در نیمی از روغن حیوانی تفت دهید تا سبک و طلایی شود. | گوشت گوسفندی خرد شده را به پیاز اضافه کرده و همراه با زردچوبه و فلفل سیاه تفت دهید تا رنگ گوشت تغییر کند. | رب گوجه فرنگی را اضافه کرده و تفت دهید تا بوی خامی آن گرفته شود، سپس مقداری آب اضافه کنید و اجازه دهید گوشت با حرارت ملایم بپزد. | پس از پخت کامل گوشت، لوبیا قرمز پخته شده و نمک را به سس گوشت اضافه کرده و اجازه دهید کمی با هم جوشیده و غلیظ شود تا آب سس کشیده شود. | برنج را که از قبل در آب و نمک خیس کرده‌اید، در آب جوش ریخته و پس از اینکه دانه‌های آن کمی نرم شد و مغز آن سفت بود، آبکش کنید. | ته قابلمه را روغن ریخته و ته دیگ مورد نظر را قرار دهید؛ سپس برنج و مایه گوشت را لایه لایه داخل قابلمه بریزید. | در هر لایه مقداری از زعفران دم‌کرده را ریخته و چوب دارچین را در میان پلو قرار دهید. | باقی‌مانده روغن حیوانی را داغ کرده و روی برنج بدهید، سپس اجازه دهید پلوچه به مدت ۶۰ دقیقه روی حرارت بسیار ملایم دم بکشد."
"dish-29-8-1766799766084","تتک‌پلو (لپه پلو با گوشت)","polo","تتک‌پلو غذایی اصیل و خوش‌عطر است که شباهت زیادی به قیمه پلو دارد اما با ادویه‌های خاص طبخ می‌شود.","hot","گرم و خشک","ماست و خیار، شربت سکنجبین","480","90","آسان","ایران","برنج:4:پیمانه | لپه:1:پیمانه | گوشت چرخ کرده:300:گرم | زیره سیاه:1:به میزان لازم | پودر لیمو عمانی:1:به میزان لازم","لپه را جداگانه بپزید. | گوشت را با پیاز و رب تفت داده و ادویه‌ها و پودر لیمو را بیفزایید. | لپه را به گوشت اضافه کرده و مخلوط کنید. | برنج را آبکش کنید و با مایه گوشت لایه لایه دم کنید. | زیره سیاه را روی برنج بپاشید."
"dish-29-9-1766799766084","ته‌چین اسفناج","polo","ته‌چین اسفناج یک غذای مجلسی و بسیار خوش‌رنگ و لعاب است که ترکیبی از عطر زعفران و خواص اسفناج می‌باشد.","cold","سرد و تر","فلفل سیاه، زعفران فراوان، سیر","450","90","متوسط","ایران","برنج:4:پیمانه | اسفناج تازه:500:گرم | ماست چکیده:1:پیمانه | زرده تخم‌مرغ:3:عدد | سینه مرغ:250:گرم","مرغ را بپزید و ریش کنید. اسفناج را با سیر تفت دهید تا آبش کشیده شود. | برنج را آبکش کنید. | مایه ته‌چین (ماست، زرده، زعفران) را با نیمی از برنج مخلوط کنید. | کف قابلمه برنج زعفرانی، سپس اسفناج و مرغ و در آخر برنج سفید بریزید و فشرده کنید. | حدود یک ساعت دم بکشد."
"dish-3-1766794336336","آش جو (رستورانی)","ash","آش جو یکی از مقوی‌ترین و اصیل‌ترین آش‌های ایرانی است که به دلیل داشتن جو و عصاره قلم، بافتی غلیظ و کشسان دارد. این دستور پخت با رعایت نکات رستورانی برای رسیدن به بالاترین کیفیت تنظیم شده است.","cold","سرد و تر","سیر داغ و زیره","420","240","متوسط","ایران","جو پوست‌کنده:200:گرم | آرد نخودچی:100:قاشق | لوبیا چیتی:100:گرم | سبزی آش:500:گرم | کشک غلیظ:240:میلیلیتر | پیاز:5:عدد | عصاره قلم یا آب گوشت:1440:میلی‌لیتر | سیر:5:حبه | نعناع خشک:15:قاشق | نمک و فلفل و زردچوبه:1:به میزان لازم | نمک و فلفل سیاه:1:به میزان لازم","جو پوست‌کنده، نخود و لوبیا چیتی را از شب قبل خیس کرده و چند بار آب آن‌ها را عوض کنید تا نفخ آن‌ها گرفته شود. | جو را به همراه عصاره قلم یا آب گوشت در یک قابلمه بزرگ ریخته و با حرارت بسیار ملایم بگذارید تا چندین ساعت بپزد، جو کاملاً باز شود و لعاب بیندازد. | نخود و لوبیا را جداگانه بپزید و پس از پخت کامل، به همراه آب حبوبات به قابلمه جو اضافه کنید. | پیازها را به صورت خلالی نازک خرد کرده و در روغن فراوان سرخ کنید تا کاملاً طلایی و ترد شوند. نیمی از پیاز داغ را برای داخل آش کنار بگذارید. | سبزی آش را به مواد اضافه کنید و اجازه دهید حدود ۴۵ دقیقه با درب باز بپزد تا رنگ سبزی تیره نشود و آش کاملاً جا بیفتد. | نیمی از پیاز داغ را به همراه فلفل سیاه به آش اضافه کنید. کشک را با کمی آب گرم رقیق کرده و به قابلمه اضافه کنید و مداوم هم بزنید تا آش به خوبی غلیظ و کشسان شود. | سیر داغ و نعناع داغ را با روغن کمی تفت دهید و نیمی از آن را داخل آش ریخته و مابقی را برای تزئین نگه دارید. | در مرحله نهایی نمک را اندازه کنید و اجازه دهید آش برای ۱ ساعت دیگر با حرارت بسیار کم دم بکشد تا به غلظت و بافت مطلوب رستورانی برسد."
"dish-3-1766799342396","شیرین‌پلو","polo","یکی از پلوهای اعیانی ایران که به دلیل طعم شیرین و عطر مرکبات در جشن‌ها سرو می‌شود.","hot","گرم و خشک","سکنجبین، آب انار، ترشی‌های طبیعی","600","180","سخت","ایران","برنج:4:پیمانه | سینه مرغ:500:گرم | شکر:1:به میزان لازم | خلال پوست پرتقال (شیرین شده):1:پیمانه | خلال بادام و پسته:1:گرم | زعفران دم‌کرده:1:به میزان لازم","خلال پوست پرتقال را شیرین کرده و با شکر بپزید تا براق شود. | مرغ را با پیاز و ادویه بپزید و ریش‌ریش کنید. | برنج را آبکش کرده و لایه لایه با مرغ و نیمی از خلال‌ها بریزید. | اجازه دهید دم بکشد و موقع سرو با باقی خلال‌ها تزیین کنید."
"dish-3-1766876956936","آبگوشت قنبید (قم)","khorak","آبگوشت قنبید یا کلم قمری، اصیل‌ترین غذای سنتی استان قم است که به دلیل استفاده از کلم قمری و لوبیا سفید، عطر و طعمی متفاوت از آبگوشت‌های معمولی داشته و بسیار مقوی است.","hot","گرم و تر","آبغوره، گرد لیمو، سکنجبین","480","180","متوسط","ایران","گوشت گوسفندی سرده‌ست:500:گرم | لوبیا سفید (یا مخلوط با نخود):200:پیمانه | کلم قمری (قنبید) درشت:2:عدد | پیاز:2:عدد | رب گوجه فرنگی:40:قاشق | نمک و فلفل و زردچوبه:1:به میزان لازم | نمک و فلفل سیاه:1:به میزان لازم | پودر لیمو عمانی:5:به میزان لازم | نمک و فلفل و زردچوبه:1:به میزان لازم | آب:1500:میلیلیتر","لوبیا سفید را از شب قبل خیس کرده و چند بار آب آن را عوض کنید تا نفخ آن به طور کامل گرفته شود. | پیازها را خرد کرده و در قابلمه با مقداری روغن تفت دهید تا سبک شوند؛ سپس گوشت گوسفندی را اضافه کرده و همراه با زردچوبه و فلفل سیاه تفت دهید تا رنگ گوشت تغییر کند. | آب را به قابلمه اضافه کرده و حرارت را زیاد کنید تا به جوش بیاید، سپس شعله را ملایم کنید تا گوشت به مدت یک ساعت نیم‌پز شود. | کلم قمری‌ها را پوست گرفته و به قطعات مکعبی درشت خرد کنید. | پس از نیم‌پز شدن گوشت، کلم قمری‌های خرد شده و لوبیاهای خیس خورده را به قابلمه اضافه کنید. | رب گوجه‌فرنگی را در یک تابه کوچک با کمی روغن تفت دهید تا رنگ باز کند و در یک ساعت پایانی پخت به همراه نمک و پودر لیمو عمانی به آبگوشت اضافه کنید. | اجازه دهید غذا با حرارت ملایم کاملاً جا بیفتد، آب آن غلیظ شود و کلم‌ها و حبوبات کاملاً نرم شوند."
"dish-3-1766877137846","واویشکا مرغ","khorak","واویشکا مرغ یکی از غذاهای سنتی و محبوب گیلانی است که با مرغ خرد شده، پیاز فراوان و گوجه‌فرنگی تهیه می‌شود. این غذای سریع و لذیذ هم با نان و هم با برنج قابل سرو است.","hot","گرم و خشک","آبغوره، گشنیز تازه یا ماست","380","45","آسان","ایران","سینه مرغ:600:گرم | پیاز بزرگ:2:عدد | سیر:3:حبه | رب گوجه فرنگی:100:قاشق | فلفل دلمه‌ای:1:عدد | رب گوجه فرنگی:300:قاشق | نمک و فلفل و زردچوبه:1:به میزان لازم | نمک و فلفل سیاه و زرد چوبه:1:به میزان لازم | نمک و فلفل و زردچوبه:1:به میزان لازم | آب لیموی تازه:30:میلیلیتر | روغن سرخ‌کردنی:60:میلیلیتر","ابتدا سینه مرغ را به صورت مکعب‌های یکسان و کوچک (سایز بند انگشتی) خرد کنید. | پیازها را به صورت نگینی خرد کرده و در تابه با روغن سرخ‌کردنی تفت دهید تا سبک و طلایی شوند. | سیرهای رنده‌شده را به همراه تکه‌های مرغ به تابه اضافه کنید و با حرارت متوسط تفت دهید تا رنگ مرغ کاملاً تغییر کرده و کمی سرخ شود. | زردچوبه، فلفل سیاه و فلفل دلمه‌ای نگینی شده را اضافه کنید و به تفت دادن ادامه دهید تا عطر ادویه‌ها آزاد شود. | رب گوجه‌فرنگی را در مرکز تابه ریخته و تفت دهید تا بوی خامی آن گرفته شده و رنگ سس خوش‌رنگ شود. | گوجه‌فرنگی‌ها را پوست گرفته، خرد کنید و به تابه بیفزایید. مواد را هم بزنید تا یکدست شوند. | درب تابه را بگذارید و اجازه دهید با حرارت ملایم به مدت ۱۵ الی ۲۰ دقیقه بپزد و آب گوجه‌فرنگی کشیده شده و غذا جا بیفتد. | در ۵ دقیقه پایانی پخت، نمک و آب لیموی تازه را اضافه کرده، طعم را چشیده و سپس واویشکا را در ظرف مورد نظر سرو کنید."
"dish-3-1766881812358","شوربا عدس سنتی","khorak","یک غذای اصیل، مقوی و گرم ایرانی که به دلیل داشتن عدس و گلپر، علاوه بر طعم لذیذ، دارای خواص تغذیه‌ای فراوانی است و برای فصول سرد سال بسیار توصیه می‌شود.","cold","سرد و خشک","گلپر، زیره، روغن زیتون، خرما","285","70","آسان","ایران","عدس سبز:350:پیمانه | پیاز درشت:1:عدد | سیر رنده شده:2:حبه | آرد سفید:15:گرم | آب گوشت یا استاک مرغ:1000:میلی‌لیتر | سیب‌زمینی متوسط:150:عدد | روغن زیتون:30:قاشق | گلپر:0:به میزان لازم | نمک و فلفل و زردچوبه:1:به میزان لازم | نمک و فلفل و زردچوبه:1:به میزان لازم","عدس‌ها را که از قبل به مدت ۲ ساعت خیس کرده‌اید، با مقداری آب روی حرارت قرار دهید تا کاملاً پخته و نرم شوند. | در یک قابلمه مناسب، پیاز نگینی شده را با روغن زیتون تفت دهید تا سبک و طلایی شود، سپس سیر رنده شده را اضافه کرده و کمی دیگر تفت دهید. | آرد سفید را به مخلوط پیاز و سیر اضافه کرده و تفت دهید تا بوی خامی آرد گرفته شده و رنگ آن کمی تغییر کند. | عدس پخته شده را همراه با سیب‌زمینی که به صورت نگینی خرد کرده‌اید و آب گوشت به قابلمه اضافه کنید. | حرارت را ملایم کرده و اجازه دهید سوپ به مدت ۴۵ تا ۶۰ دقیقه بپزد تا سیب‌زمینی‌ها کاملاً نرم شده و سوپ جا بیفتد و غلیظ شود. | در اواخر پخت، نمک، فلفل و مقدار کافی گلپر را به عنوان چاشنی اصلی اضافه کرده، چند قل که زد از روی حرارت برداشته و سرو کنید."
"dish-3-1766883317766","خورش کدو بادمجان مجلسی","stew","خورش کدو بادمجان یکی از لذیذترین و محبوب‌ترین خورش‌های اصیل ایرانی است که از ترکیب گوشت گوسفندی، بادمجان‌های سرخ‌شده و کدو سبز تهیه می‌شود. این خورش با چاشنی آبغوره و زعفران، طعمی ملس و عطری فوق‌العاده دارد.","balanced","معتدل (به دلیل ترکیب سردی کدو و گرمی بادمجان)","آبغوره، گرد غوره، گلپر","480","150","متوسط","ایران","گوشت خورشتی:400:گرم | بادمجان قلمی:4:عدد | کدو سبز:400:گرم | پیاز بزرگ:1:عدد | رب گوجه فرنگی:50:قاشق | آبغوره یا گرد غوره به میزان لازم:0:به میزان لازم | نمک و فلفل سیاه و زرد چوبه:1:به میزان لازم | روغن سرخ کردنی به میزان لازم:150:میلی‌لیتر | زعفران دم‌کرده:0:به میزان لازم | آب جوش:800:میلیلیتر","پیاز را به صورت نگینی خرد کرده و در مقداری روغن تفت دهید تا کاملاً طلایی و سبک شود. | گوشت خورشتی را به قابلمه اضافه کرده و با فلفل سیاه و زردچوبه تفت دهید تا رنگ گوشت تغییر کند و عطر ادویه خارج شود. | آب جوش را اضافه کرده و اجازه دهید گوشت با حرارت ملایم به مدت حدود ۲ ساعت کاملاً بپزد. | بادمجان‌ها و کدوها را پوست گرفته، روی آن‌ها نمک بپاشید و پس از ۳۰ دقیقه تلخی بادمجان را گرفته، آن‌ها را شسته، خشک کرده و در روغن سرخ کنید. | رب گوجه فرنگی را در مقدار کمی روغن جداگانه تفت دهید تا بوی خامی آن گرفته شود و رنگ باز کند؛ سپس در ۳۰ دقیقه پایانی پخت گوشت، رب را به همراه آبغوره و نمک به خورش اضافه کنید. | بادمجان‌ها و کدوها را به آرامی روی خورش بچینید و درب قابلمه را بگذارید تا سبزیجات با بخار خورش مغزپخت شده و طعم سس را به خود بگیرند. | در ۱۰ دقیقه پایانی، زعفران دم‌کرده را برای عطر و رنگ بهتر اضافه کنید و پس از جا افتادن کامل و غلیظ شدن سس، خورش را در ظرف مورد نظر سرو کنید."
"dish-3-1766883592583","قلیه ماهی سفید کاسپین","stew","نسخه اصیل و مجلسی خورش قلیه ماهی به سبک گیلانی که با ترکیب گردوی سابیده شده، رب انار و سبزیجات محلی شمال ایران تهیه می‌شود. این غذا برخلاف قلیه جنوبی، طعمی ملس و غلیظ دارد و از ماهی سفید درجه یک کاسپین در آن استفاده می‌شود.","cold","سرد و تر","گردو، سیر و گلپر","480","120","متوسط","ir","فیله ماهی سفید:600:گرم | گردوی چرخ شده:150:گرم | سبزیجات معطر شمالی (چوچاق و گشنیز):250:گرم | رب انار:45:قاشق | سیر:4:حبه | پیاز متوسط:1:عدد | نمک و فلفل و زردچوبه:1:به میزان لازم | نمک و فلفل سیاه:1:به میزان لازم | نمک و فلفل و زردچوبه:1:به میزان لازم | روغن مایع:1:به میزان لازم | آب:500:میلیلیتر","گردوی چرخ شده را در یک قابلمه با ۵۰۰ میلی‌لیتر آب سرد روی حرارت قرار دهید. اجازه دهید آب به جوش بیاید، سپس حرارت را ملایم کرده و حدود ۱ ساعت زمان دهید تا گردو پخته شده و روغن بیندازد. | پیاز را نگینی خرد کرده و در تابه با کمی روغن تفت دهید تا طلایی شود. سپس سیرهای رنده شده و زردچوبه را اضافه کرده و تفت دهید تا عطر آن‌ها خارج شود. | سبزیجات معطر (چوچاق و گشنیز) را که قبلاً ساطوری کرده‌اید، به تابه پیاز و سیر اضافه کرده و به خوبی سرخ کنید تا رنگ سبزی تیره شود، سپس این مخلوط را به قابلمه گردو اضافه نمایید. | رب انار را با کمی آب رقیق کرده و به همراه نمک و فلفل سیاه به خورش بیفزایید. اجازه دهید خورش با حرارت بسیار کم قل بزند تا جا بیفتد. | فیله‌های ماهی سفید را به قطعات یکسان تقسیم کرده، کمی نمک بزنید و در تابه جداگانه با مقدار کمی روغن تفت دهید تا بافت ماهی منسجم شود (نیاز به سرخ شدن کامل نیست). | در ۳۰ دقیقه پایانی پخت، تکه‌های ماهی را به آرامی به خورش اضافه کنید. در این مرحله نباید خورش را زیاد هم بزنید تا بافت ماهی متلاشی نشود. | هنگامی که خورش کاملاً غلیظ شد و روغن تیره گردو روی سطح آن قرار گرفت، خورش آماده است. آن را در کنار کته ایرانی سرو کنید."
"dish-3-1766883843657","خورش تره فرنگی با آلو","stew","یک خورش اصیل و خوش‌طعم ایرانی که با ترکیب تره‌فرنگی تازه، گوشت گوسفندی و آلو بخارا تهیه می‌شود. این غذا با طعم ملس و عطر مطبوع سبزیجات، انتخابی عالی برای وعده ناهار یا شام است.","balanced","معتدل مایل به گرم","گشنیز و زرشک","450","120","متوسط","ir","گوشت گوسفندی خورشتی:400:گرم | تره فرنگی:500:گرم | جعفری ساطوری شده:200:گرم | آلو بخارا:12:عدد | پیاز:1:عدد | رب گوجه فرنگی:30:قاشق | ابلیموی ترش و تازه:15:قاشق | روغن مایع:1:به میزان لازم | آب:1000:میلیلیتر | نمک و فلفل و زردچوبه:1:به میزان لازم | نمک و فلفل و زردچوبه:1:به میزان لازم | نمک و فلفل و زردچوبه:1:به میزان لازم","پیاز را به صورت نگینی خرد کرده و در قابلمه با مقداری روغن تفت دهید تا سبک و طلایی شود. | گوشت گوسفندی خورشتی را به پیاز اضافه کرده و همراه با زردچوبه تفت دهید تا رنگ گوشت تغییر کند و بوی خامی آن گرفته شود. | حدود ۱ لیتر آب به قابلمه اضافه کرده و حرارت را ملایم کنید تا گوشت کاملاً پخته شود. | تره فرنگی‌ها را به صورت حلقه‌ای خرد کرده و همراه با جعفری ساطوری شده در یک تابه با مقداری روغن تفت دهید تا نرم شوند. | زمانی که گوشت نیم‌پز شد، مخلوط تره فرنگی و جعفری تفت داده شده را به همراه رب گوجه‌فرنگی (که جداگانه کمی تفت داده‌اید) به خورش اضافه کنید. | آلوهای بخارا را شسته و در ۳۰ دقیقه پایانی پخت به همراه نمک و فلفل به خورش اضافه کنید تا طعم‌ها با هم ترکیب شوند. | در ۱۰ دقیقه آخر پخت، آبلیمو را اضافه کنید و اجازه دهید خورش با حرارت بسیار کم جا بیفتد و به روغن بیفتد، سپس همراه با چلو زعفرانی سرو کنید."
"dish-3-1766884212692","خورش فسنجان ترش گیلانی","stew","یک خورش اصیل و سنتی گیلانی که به دلیل استفاده از رب انار کاملاً ترش محلی و عدم استفاده از شکر، طعمی متمایز و ترش دارد. این خورش معمولاً با مرغ یا اردک تهیه شده و به مدت طولانی روی حرارت ملایم پخته می‌شود تا گردو کاملاً روغن بیندازد.","balanced","معتدل (به دلیل تقابل گرمی گردو و سردی رب ترش)","کمی گلپر، استفاده از ظروف مسی (در سنت قدیم)","580","240","متوسط","ir","مغز گردوی چرخ‌کرده (خیلی ریز):400:گرم | گوشت مرغ یا اردک:500:گرم | رب انار:250:قاشق | پیاز درشت:1:عدد | گلپر (اختیاری):3:به میزان لازم | نمک و زردچوبه به میزان لازم:0:به میزان لازم | ۱ تکه آهن تمیز (نعل یا میخ بزرگ) برای تیره شدن رنگ (سنتی):1:عدد | آب سرد:1200:لیتر","مغز گردوی چرخ‌کرده را به همراه ۱۲۰۰ میلی‌لیتر آب سرد و کمی زردچوبه در یک قابلمه (ترجیحاً گمج) بریزید و روی حرارت ملایم قرار دهید تا به جوش بیاید. | پیاز را ریز رنده کرده و به همراه گوشت مرغ یا اردک در تابه کمی تفت دهید تا خامی گوشت گرفته شود و سپس کنار بگذارید. | پس از حدود یک ساعت که گردو پخت و کمی روغن انداخت، مخلوط گوشت و پیاز را به قابلمه اضافه کنید. | رب انار ترش محلی را به خورش اضافه کرده و هم بزنید تا رنگ گردو تغییر کند. | در صورت تمایل به روش سنتی گیلان، قطعه آهن تمیز را روی شعله مستقیم داغ کنید تا کاملاً سرخ و گداخته شود، سپس آن را با احتیاط داخل خورش بیندازید تا رنگ خورش کاملاً سیاه و تیره شود. | گلپر و نمک را اضافه کنید و اجازه دهید خورش با حرارت بسیار ملایم ۳ تا ۴ ساعت دیگر بپزد تا کاملاً غلیظ، سفت و روغنی شود؛ توجه داشته باشید که این خورش نباید شیرین باشد."
"dish-3-1766956020736","سوپ سبزیجات رژیمی - بین‌المللی","international","یک سوپ سالم، سبک و سرشار از ویتامین که با استفاده از سبزیجات تازه تهیه شده و برای رژیم‌های کاهش وزن و گیاه‌خواری بسیار مناسب است.","balanced","undefined","رو روغن زیتون، فلفل سیاه و زردچوبه","120","45","آسان","آمریکا","کدو سبز:300:گرم | هویج:150:گرم | کرفس:100:گرم | لوبیا سبز:100:گرم | گوجه‌فرنگی پوره شده:200:میلیلیتر | پیاز:1:عدد | سیر:1:حبه | عصاره سبزیجات:960:میلیلیتر | جعفری خرد شده:30:گرم | روغن زیتون:15:قاشق | ابلیموی ترش و تازه:30:قاشق | نمک و فلفل سیاه و زرد چوبه:1:به میزان لازم","ابتدا پیاز و سیر را به صورت نگینی خرد کرده و در یک قابلمه با روغن زیتون تفت دهید تا سبک و شفاف شوند. | هویج و کرفس خرد شده را به قابلمه اضافه کرده و حدود ۵ دقیقه تفت دهید تا کمی نرم شوند. | عصاره سبزیجات و پوره گوجه‌فرنگی را اضافه کرده و اجازه دهید حرارت به درجه جوش برسد. | کدو سبز و لوبیا سبز را به ابعاد دلخواه خرد کرده و به سوپ اضافه کنید. حرارت را ملایم کرده و اجازه دهید تمامی سبزیجات کاملاً مغزپخت شوند. | در مرحله آخر، نمک، فلفل و آبلیمو را اضافه کرده و پس از چند دقیقه سوپ را در ظرف مورد نظر کشیده و با جعفری خرد شده تزئین و سرو کنید."
"dish-3-1766956416038","کالباس مخلوط گوشت و مرغ با پسته","fastfood","یک کالباس خانگی سالم، مقوی و فاقد مواد نگهدارنده که از ترکیب گوشت گوساله، ران مرغ و پسته تازه تهیه می‌شود و طعمی اصیل و بافتی منسجم دارد.","balanced","معتدل","فلفل سیاه و سرکه","620","150","متوسط","ایران","ران مرغ بدون استخوان:400:گرم | گوشت گوساله:300:گرم | پسته خام:50:گرم | سیر:4:حبه | نشاسته ذرت:50:گرم | شیر خشک قنادی:20:پیمانه | روغن مایع:1:به میزان لازم | هل:0:به میزان لازم | جوز هندی:0:به میزان لازم | فلفل قرمز:0:به میزان لازم","ابتدا ران مرغ بدون استخوان و گوشت گوساله را به همراه حبه‌های سیر دو بار چرخ کنید تا کاملاً نرم و یکدست شوند. | گوشت‌های چرخ شده را درون غذاساز بریزید و سپس نشاسته ذرت، شیر خشک، روغن مایع و ادویه‌ها شامل هل، جوز هندی و فلفل قرمز را اضافه کرده و تا رسیدن به خمیری کاملاً صاف و یکنواخت میکس کنید. | مغز پسته خام را به خمیر کالباس اضافه کرده و با دست کمی ورز دهید تا پسته‌ها به طور یکنواخت در تمام مایه پخش شوند. | مایه آماده شده را روی چند لایه سلفون پهن کرده و به صورت استوانه‌ای بسیار محکم رول کنید؛ سپس دو طرف سلفون را با نخ محکم ببندید تا هیچگونه هوایی داخل آن نماند و آب نفوذ نکند. | رول کالباس را درون یک قابلمه حاوی آب جوش قرار داده و اجازه دهید به مدت ۲ ساعت با حرارت ملایم بپزد. | پس از اتمام پخت، کالباس را از آب خارج کرده و اجازه دهید خنک شود؛ سپس آن را به مدت ۲۴ ساعت در یخچال قرار دهید تا کاملاً منسجم شود و در نهایت به صورت حلقه‌ای برش بزنید."
"dish-3-1766956905814","کباب کوبیده","kabab","محبوب‌ترین کباب ایرانی که از گوشت چرخ‌کرده چرب و پیاز تهیه می‌شود و مهارت اصلی در چسبندگی و نریختن آن از روی سیخ است.","hot","گرم و تر","سماق، گشنیز، پیاز جعفری","450","30","سخت","ایران","قلوه گاه گوسفندی:400:گرم | راسته یا سردست گوساله:400:گرم | پیاز متوسط:3:عدد | زعفران دم‌کرده:1:به میزان لازم | نمک و فلفل سیاه و زرد چوبه:1:به میزان لازم","گوشت‌ها را مخلوط کرده و دو بار چرخ می‌کنیم. | پیازها را رنده ریز کرده و آب آن را کاملاً با فشار دست می‌گیریم (آب پیاز باعث ریختن کباب می‌شود). | پیاز آب‌گرفته را با گوشت، نمک، فلفل و زعفران مخلوط کرده و حداقل ۱۵ دقیقه به خوبی ورز می‌دهیم تا بافت منسجم و چسبنده پیدا کند. | مایه کباب را ۲ ساعت در یخچال استراحت می‌دهیم. | یک مشت از گوشت برداشته و به دور سیخ پهن می‌کنیم و با انگشت نقش می‌اندازیم. | روی زغال داغ قرار داده و ابتدا سریع باد می‌زنیم تا گوشت بگیرد، سپس مرتب می‌چرخانیم."
"dish-3-1766958808663","بابا غنوش (بابا غنوج - مدیترانه)","international","بابا غنوش یک پیش‌غذای اصیل و محبوب خاورمیانه‌ای است که از ترکیب بادمجان کبابی، ارده، سیر و روغن زیتون تهیه می‌شود. این دیپ خوشمزه با طعم دودی بادمجان و بافت کرمی ارده شناخته می‌شود.","cold","سرد و خشک","سیر | نعنا خشک | پونه","210","45","آسان","مدیترانه","بادمجان بزرگ:800:گرم | طحینه:60:میلیلیتر | آبلیمو تازه:30:میلی‌لیتر | سیر له شده:2:حبه | روغن زیتون:45:قاشق | نمک و فلفل و زردچوبه:1:به میزان لازم | نمک و فلفل سیاه:1:به میزان لازم | جعفری خرد شده:20:گرم | دانه انار برای تزیین:30:گرم","بادمجان‌ها را بشویید و با چنگال چند سوراخ روی آن‌ها ایجاد کنید. سپس آن‌ها را روی شعله مستقیم گاز یا منقل کبابی کنید تا پوستشان کاملا بسوزد و گوشت آن‌ها نرم شود. | بادمجان‌های داغ را به مدت ۱۰ دقیقه در یک کیسه پلاستیکی یا ظرف دربسته قرار دهید تا بخار کنند؛ این کار باعث می‌شود پوست آن‌ها به راحتی جدا شود. | پوست سوخته بادمجان‌ها را جدا کرده و گوشت بادمجان را برای چند دقیقه در آبکش قرار دهید تا تلخی و آب اضافی آن خارج شود. | گوشت بادمجان را با تخته و چاقو یا چنگال به صورت ساطوری له کنید. برای حفظ بافت سنتی، بهتر است از غذاساز استفاده نکنید. | در یک کاسه بزرگ، بادمجان‌های له شده را با طحینه (ارده)، آبلیمو، سیر له شده، نیمی از روغن زیتون، نمک و فلفل مخلوط کنید و هم بزنید تا یکدست شود. | طعم مزه را چشیده و در صورت لزوم نمک یا آبلیموی بیشتری اضافه کنید. | بابا غنوش را در ظرف سرو ریخته، روی آن را با پشت قاشق گود کنید و با باقی‌مانده روغن زیتون، جعفری خرد شده و دانه انار تزیین کنید. این غذا را با نان پیتا گرم سرو کنید."
"dish-3-1766959134379","چیزبرگر دوبل (Double Cheeseburger)","international","یک غذای بین‌المللی محبوب و کلاسیک که از دو لایه گوشت چرخ‌کرده آب‌دار، پنیر چدار ذوب شده و ترکیب سبزیجات تازه در نان همبرگر تست شده تهیه می‌شود.","balanced","معتدل (ترکیب گرمی گوشت و سردی پنیر)","سماق، خیارشور، گوجه‌فرنگی، سرکه","850","25","متوسط","USA","گوشت چرخ کرده:800:گرم | پنیر چدار ورقه‌ای:8:عدد | نان همبرگر:4:عدد | پیاز قرمز:1:عدد | کاهو، گوجه‌فرنگی و خیارشور:400:گرم | سوس کچاپ و مایونز:100:میلی‌لیتر | نمک و فلفل و زردچوبه:0:به میزان لازم | پودر سیر:0:حبه","گوشت چرخ‌کرده را در یک ظرف بزرگ ریخته و نمک، فلفل سیاه، زردچوبه و پودر سیر را به آن اضافه کنید. گوشت را فقط در حد مخلوط شدن مواد ورز دهید تا بافت آن پس از پخت لطیف باقی بماند. | گوشت را به ۸ قسمت مساوی (هر کدام حدود ۱۰۰ گرم) تقسیم کرده و هر قسمت را به شکل یک دایره پهن و نازک درآورید. توجه داشته باشید که قطر برگرها کمی بزرگتر از نان باشد چون هنگام پخت جمع می‌شوند. | یک تابه چدنی یا گریل را روی حرارت بالا قرار دهید تا کاملاً داغ شود. برگرها را بدون روغن (یا با مقدار بسیار کم) داخل تابه قرار داده و هر طرف را ۳ تا ۴ دقیقه سرخ کنید. | در یک دقیقه آخر پخت، روی هر تکه گوشت یک ورق پنیر چدار قرار دهید و درب تابه را برای چند لحظه ببندید تا پنیر کاملاً ذوب شود. | نان‌های همبرگر را از وسط برش زده و لایه داخلی آن‌ها را در تابه یا فر کمی تست کنید تا طلایی و ترد شوند. سپس روی نان‌ها را به مخلوط سوس کچاپ و مایونز آغشته کنید. | برای چیدمان، روی هر نان دو عدد برگر پنیردار قرار دهید تا تبدیل به چیزبرگر دوبل شود. سپس لایه‌های کاهو، گوجه‌فرنگی، خیارشور و پیاز قرمز را اضافه کرده و نیمه دیگر نان را روی آن قرار داده و سرو کنید."
"dish-3-1766961078329","لوله کباب (لوله کباب - آذربایجان)","international","لوله کباب آذربایجان یکی از کباب‌های اصیل و خوش‌عطر منطقه قفقاز و آذربایجان است که با ترکیب گوشت، دنبه و ادویه‌های معطر تهیه شده و معمولاً در نان لواش سرو می‌شود.","hot","گرم و تر","سماق یا پیاز","550","60","متوسط","آذربایجان","گوشت چرخ کرده:800:گرم | پیاز بزرگ (ریز رنده شده و آب گرفته شده):1:عدد | نمک و فلفل و زردچوبه:0:به میزان لازم | فلفل سیاه تازه آسیاب شده:0:به میزان لازم | فلفل قرمز:0:به میزان لازم | دنبه یا چربی گوسفند:150:گرم | نان لواش برای سرو:4:عدد | پیاز برای سرو:2:عدد | سماق برای سرو:0:قاشق","گوشت چرخ‌کرده را همراه با پیاز رنده شده که کاملاً آب آن گرفته شده است، نمک، فلفل سیاه، فلفل قرمز و زردچوبه در یک کاسه بزرگ بریزید. | دنبه چرخ شده را به مواد اضافه کنید. مخلوط را به مدت ۱۰ تا ۱۵ دقیقه به خوبی ورز دهید تا پروتئین گوشت آزاد شده و مایه کباب کاملاً چسبنده و یکدست شود. | روی ظرف را بپوشانید و مایه کباب را به مدت حداقل ۴۵ دقیقه در یخچال قرار دهید تا چربی‌ها سفت شده و کباب راحت‌تر به سیخ کشیده شود. | مایه گوشت را به قطعات حدود ۱۰۰ تا ۱۲۰ گرمی تقسیم کنید. هر قسمت را دور یک سیخ پهن کباب به شکل یک استوانه یکنواخت و کشیده فرم دهید و سر و ته گوشت را به سیخ بچسبانید. | کباب‌ها را روی منقل با زغال‌های گداخته و حرارت متوسط رو به بالا قرار دهید. در ابتدای پخت، سیخ‌ها را مدام بچرخانید تا گوشت خودش را بگیرد و از سیخ جدا نشود. | پس از حدود ۱۰ تا ۱۵ دقیقه که کباب‌ها کاملاً مغزپخت و طلایی شدند، آن‌ها را مستقیماً لای نان لواش از سیخ جدا کنید. | کباب‌ها را با پیاز خلالی، سماق فراوان و در صورت تمایل جعفری تازه تزیین و سرو نمایید."
"dish-3-1766961391029","پالاک پنیر (خورش اسفناج و پنیر هندی)","international","یک غذای گیاهی کلاسیک و لذیذ هندی که از پوره اسفناج تازه و ادویه‌های معطر تهیه شده و با قطعات پنیر نرم (پنیر پنیر) تکمیل می‌شود.","balanced","معتدل و تر","زیره یا سیر","380","45","متوسط","هند","اسفناج تازه:500:گرم | پنیر پنیر (یا توفوی سفت):200:گرم | پیاز متوسط:1:عدد | سیر:2:حبه | زنجبیل رنده شده:15:به میزان لازم | خامه پرچرب یا شیر نارگیل:120:پیمانه | پودر زردچوبه:0:به میزان لازم | پودر زیره و گشنیز:0:به میزان لازم | گرم ماسالا:0:به میزان لازم | روغن مایع:1:به میزان لازم | نمک به مقدار لازم:0:به میزان لازم","اسفناج‌ها را شسته و در آب جوش به مدت ۲ تا ۳ دقیقه بلانچ کنید، سپس بلافاصله در آب سرد قرار داده، آبکش نموده و با مقداری کمی آب در مخلوط‌کن پوره کنید. | پنیر را به شکل مکعب‌های ۲ سانتی‌متری خرد کنید. در صورت تمایل می‌توانید آن‌ها را در تابه کمی تفت دهید تا طلایی شوند. | در یک قابلمه، روغن مایع یا کره حیوانی را گرم کرده و پیاز نگینی شده را تفت دهید تا سبک و شفاف شود. | سیر له شده و زنجبیل رنده شده را اضافه کرده و حدود یک دقیقه تفت دهید تا عطر آن‌ها خارج شود. | پودر زردچوبه، پودر زیره و گشنیز را به مواد اضافه کرده و مختصراً تفت دهید. | پوره اسفناج را به قابلمه افزوده و اجازه دهید برای ۱۰ تا ۱۵ دقیقه روی حرارت ملایم بجوشد و غلیظ شود. | خامه یا شیر نارگیل را اضافه کرده و خوب هم بزنید تا با سس یکدست شود. | مکعب‌های پنیر را به خورش اضافه کرده و اجازه دهید ۵ دقیقه دیگر روی حرارت بماند تا طعم‌ها با هم ترکیب شوند. | در پایان، نمک و پودر گرم ماسالا را به خورش اضافه کرده و آن را به صورت گرم همراه با نان نان یا برنج باسماتی سرو کنید."
"dish-3-1766963128331","Risotto ai Funghi (ریزوتو قارچ - ایتالیا)","international","یک غذای اصیل و کلاسیک ایتالیایی که با برنج مخصوص آربوریو، قارچ‌های تفت داده شده و پنیر پارمزان تهیه می‌شود. این غذا به دلیل آزاد شدن نشاسته برنج در طول پخت مداوم و هم زدن، بافتی فوق‌العاده خامه‌ای و لذیذ دارد.","balanced","معتدل و تر","آویشن یا جعفری","420","40","متوسط","ایتالیا","برنج آربوریو:300:پیمانه | قارچ تازه (اسلایس شده):300:گرم | پیاز کوچک:1:عدد | سیر:2:حبه | آب مرغ داغ:1.5:لیتر | کره:50:گرم | پنیر پارمزان:30:گرم | روغن زیتون:30:قاشق | نمک و فلفل سیاه و زرد چوبه:1:به میزان لازم","ابتدا آب مرغ را در یک قابلمه کوچک روی حرارت ملایم قرار دهید تا در تمام طول پخت کاملاً داغ بماند. | پیاز را به صورت نگینی ریز خرد کرده و سیر را له کنید؛ سپس آن‌ها را در تابه بزرگی با روغن زیتون تفت دهید تا سبک و شفاف شوند. | قارچ‌های اسلایس شده را به تابه اضافه کرده و با حرارت متوسط تفت دهید تا آب آن‌ها کشیده شده و لبه‌هایشان کمی طلایی شود. | برنج آربوریو را به مخلوط قارچ و پیاز اضافه کرده و حدود ۲ دقیقه تفت دهید تا دانه‌های برنج با روغن پوشانده شده و کمی شفاف شوند (توست کردن برنج). | یک ملاقه از آب مرغ داغ را به برنج اضافه کنید و مدام هم بزنید تا مایع کاملاً جذب برنج شود. | به اضافه کردن آب مرغ به صورت مرحله‌ای (هر بار یک ملاقه) ادامه دهید و پس از هر بار اضافه کردن، برنج را هم بزنید تا نشاسته آن آزاد شود. این کار را تا اتمام آب مرغ و پختن برنج (بافت نرم اما کمی سفت در مرکز) ادامه دهید. | وقتی برنج پخت و بافت خامه‌ای پیدا کرد، تابه را از روی حرارت بردارید؛ کره و پنیر پارمزان رنده شده را اضافه کرده و سریع هم بزنید تا ذوب شوند. | نمک و فلفل را اندازه کرده و ریزوتو را بلافاصله در ظرف‌های گرم سرو کنید تا بافت خود را از دست ندهد."
"dish-3-1766972486975","Tamagoyaki (تاماگویاکی - ژاپن)","international","تاماگویاکی یک املت سنتی و محبوب ژاپنی است که از لایه‌های نازک تخم‌مرغ سرخ شده تهیه می‌شود که روی هم رول شده‌اند. این غذا با طعم متمایز شیرین و شور خود، معمولاً در صبحانه یا به عنوان بخشی از جعبه‌های بنتو (غذای بیرون‌بر) سرو می‌شود و بافتی بسیار نرم و لطیف دارد.","hot","undefined","سس سویا (مصلح شیرینی)، ترب سفید رنده شده","195","20","متوسط","ژاپن","تخم‌مرغ:8:عدد | سس سویا:10:میلی‌لیتر | شکر:30:به میزان لازم | میرین (یا مخلوط آب و شکر):15:به میزان لازم | روغن گیاهی:20:میلی‌لیتر | نمک و فلفل و زردچوبه:0:به میزان لازم","تخم‌مرغ‌ها را در یک کاسه بزرگ بشکنید و شکر، سس سویا، میرین و نمک و فلفل و زردچوبه را به آن اضافه کنید. | مواد را به آرامی با چنگال یا چوب غذاخوری (چاپستیک) هم بزنید تا مخلوط شوند؛ دقت کنید که بیش از حد هم نزنید تا حباب‌های هوا ایجاد نشود. | برای داشتن بافتی کاملاً صاف و یکدست، مایه تخم‌مرغ را از یک صافی ریز عبور دهید. | یک تابه نچسب (ترجیحاً مستطیلی) را روی حرارت ملایم گرم کنید و با استفاده از یک دستمال کاغذی آغشته به روغن گیاهی، کف و دیواره‌های آن را به خوبی چرب نمایید. | یک لایه نازک از مایه تخم‌مرغ را در تابه بریزید و تابه را حرکت دهید تا تمام سطح آن را بپوشاند. | زمانی که تخم‌مرغ نیم‌بند شد، آن را از یک سمت به سمت دیگر به صورت استوانه‌ای رول کنید و رول آماده شده را در گوشه تابه نگه دارید. | مجدداً تابه را با دستمال روغنی چرب کنید و لایه بعدی مایه را بریزید؛ دقت کنید که لایه جدید حتماً زیر رول قبلی هم برود تا به آن بچسبد. | این فرآیند را تکرار کنید تا تمام مایه تمام شود و یک رول ضخیم و چند لایه به دست آید؛ در نهایت رول را از تابه خارج کرده، اجازه دهید کمی خنک شود و سپس به قطعات دو سانتی‌متری برش بزنید."
"dish-3-1769808192409","تانتونی تند با فلفل سبز (Tantuni)","international","تانتونی یک غذای لذیذ و معروف خیابانی متعلق به شهر مرسین ترکیه است که از تفت دادن گوشت چرخ‌کرده با ادویه‌های مخصوص و فلفل تند تهیه شده و در نان پیتا سرو می‌شود.","گرم","undefined","ماست سرد یا سکنجبین","720","45","متوسط","ترکیه","گوشت چرخ کرده:500:گرم | فلفل سبز تند:4:عدد | سیر له شده:2:حبه | رب گوجه فرنگی:50:قاشق | روغن آفتابگردان:120:میلی‌لیتر | نان پیتا:4:عدد | پیاز و جعفری:2:عدد | پولبیبر:0:به میزان لازم","گوشت چرخ کرده را در یک تابه مناسب ریخته و با مقداری آب بپزید تا آب آن کاملا کشیده شود، سپس روغن آفتابگردان را اضافه کرده و تفت دهید تا رنگ گوشت برگردد. | سیر له شده و رب گوجه فرنگی را به تابه اضافه کنید و به خوبی سرخ کنید تا بوی خامی رب گرفته شده و رنگ آن باز شود. | فلفل‌های سبز تند را به صورت نگینی ریز خرد کرده و به همراه ادویه پولبیبر به مخلوط گوشت اضافه کنید و چند دقیقه دیگر تفت دهید. | مقدار کمی آب (حدود ۱۲۰ میلی‌لیتر) به تابه اضافه کنید و اجازه دهید بجوشد تا یک سس غلیظ و یکنواخت اطراف گوشت ایجاد شود. | نان‌های پیتا را باز کرده و لایه داخلی آن‌ها را به سس و روغن داخل تابه آغشته کنید، سپس مخلوط گوشت را داخل نان ریخته و با پیاز و جعفری خرد شده سرو نمایید."
"dish-3-1769901425087","خاگینه خرما (زنجانی)","dessert","خاگینه خرما یا قیقاناخ خرما، یک غذای سنتی، بسیار مقوی و انرژی‌زا از خطه زنجان است که با ترکیب خرما، گردو و تخم‌مرغ تهیه شده و گزینه‌ای عالی برای وعده صبحانه، میان‌وعده یا افطار محسوب می‌شود.","گرم","undefined","آب لیمو ترش یا سرکه در شربت","445","20","آسان","ir","خرما بدون هسته:250:گرم | تخم‌مرغ:4:عدد | گردوی آسیاب شده:50:گرم | کره:50:گرم | چوب دارچین:0:قطعه | گردو برای تزیین:20:گرم","ابتدا هسته خرماها را جدا کرده و آن‌ها را به همراه کره در یک تابه مناسب بریزید. تابه را روی حرارت ملایم قرار داده و تفت دهید تا خرماها کاملاً نرم و براق شوند. | گردوهای آسیاب شده را به تابه اضافه کرده و حدود ۱ دقیقه با خرماها تفت دهید تا عطر گردو آزاد شود. | در این مرحله چوب دارچین را برای خوش‌عطر شدن به مواد بیفزایید و کمی هم بزنید تا عطر آن با خرما و کره ترکیب شود. | تخم‌مرغ‌ها را در ظرفی جداگانه شکسته و با چنگال به خوبی بزنید تا از حالت لختگی خارج شده و کاملاً یکدست شوند. | تخم‌مرغ‌های زده شده را به آرامی روی ترکیب خرما و گردو در تابه بریزید و پخش کنید تا تمام سطح مواد را به صورت یکنواخت بپوشاند. | اجازه دهید خاگینه با حرارت بسیار ملایم بماند تا تخم‌مرغ‌ها کاملاً بسته شوند. برای پخت بهتر و پف کردن تخم‌مرغ‌ها می‌توانید درب تابه را به مدت ۳ دقیقه بگذارید. | پس از اتمام پخت، چوب دارچین را از تابه خارج کرده، خاگینه را در ظرف مورد نظر کشیده و با گردوهای تزیینی که از قبل کنار گذاشته‌اید تزیین و به صورت گرم سرو کنید."
"dish-3-1769902135931","کاچی آرد برنج با ادویه مخصوص","dessert","یک دسر سنتی و مقوی ایرانی که با آرد برنج، روغن کنجد و ادویه‌های گرم تهیه شده و برای تقویت بدن و دوران نقاهت بسیار مفید است.","گرم","undefined","شیر تازه","490","30","متوسط","ir","آرد برنج:125:پیمانه | روغن کنجد:90:به میزان لازم | نبات:200:گرم | آب:960:میلیلیتر | نمک و فلفل و زردچوبه:1:به میزان لازم | زنجبیل:0:به میزان لازم | نمک و فلفل سیاه:1:به میزان لازم | زیره:0:به میزان لازم | گلاب:45:قاشق","آرد برنج را در یک قابلمه مناسب ریخته و روی حرارت ملایم تفت دهید تا بوی خامی آن گرفته شود، دقت کنید که رنگ آرد خیلی تیره نشود. | روغن کنجد را به همراه زردچوبه به آرد اضافه کرده و حدود ۱ تا ۲ دقیقه دیگر تفت دهید تا عطر زردچوبه آزاد شود. | نبات را در ۴ پیمانه آب (۹۶۰ میلی‌لیتر) حل کرده و روی حرارت قرار دهید تا کاملاً ذوب شود (شربت نبات). | شربت نبات آماده شده را به آرامی به مخلوط آرد و روغن اضافه کنید و سریع هم بزنید تا آردها گلوله نشوند. | زنجبیل، فلفل سیاه و زیره را اضافه کرده و به هم زدن ادامه دهید تا غلظت کاچی مانند فرنی شود. | در قابلمه را با دم‌کنی بپوشانید، حرارت را به حداقل برسانید و اجازه دهید کاچی به مدت ۱۰ دقیقه دم بکشد. | در مرحله آخر گلاب را اضافه کرده، هم بزنید و پس از یک دقیقه از روی حرارت برداشته و در ظرف مناسب سرو کنید."
"dish-3-1769902867207","سالاد اندونزی با سیب زمینی","international","یک سالاد مجلسی و مقوی که ترکیبی از سبزیجات تازه، سیب زمینی و کالباس است و به عنوان پیش‌غذا یا وعده سبک سرو می‌شود.","سرد","undefined","نعنا خشک و گلپر","320","40","آسان","اندونزی","سیب زمینی پخته:3:عدد | کلم سفید:150:گرم | هویج:200:گرم | خیارشور:6:عدد | کالباس مرغ:200:گرم | نخود فرنگی:100:گرم | سس مایونز:150:میلیلیتر | خامه صبحانه:50:گرم | نمک و فلفل سیاه و زرد چوبه:1:به میزان لازم","ابتدا سیب زمینی‌های پخته را پس از سرد شدن به صورت مکعبی و کاملاً یکدست خرد کنید. | کلم سفید را به صورت رشته‌های بسیار نازک خرد کرده یا با رنده درشت رنده کنید؛ هویج‌ها را نیز پوست گرفته و با رنده درشت آماده نمایید. | خیارشور و کالباس مرغ را به صورت نگینی یا نواری هم‌اندازه با سایر مواد خرد کنید. | در یک ظرف کوچک، سس مایونز و خامه صبحانه را به همراه نمک و فلفل سیاه به خوبی با هم مخلوط کنید تا سسی کاملاً صاف و یکدست حاصل شود. | نخود فرنگی، کلم، هویج، خیارشور و کالباس را در یک کاسه بزرگ ریخته و سپس سیب زمینی‌ها را اضافه کنید. | سس آماده شده را روی مواد بریزید و با احتیاط زیر و رو کنید تا سیب زمینی‌ها له نشوند و تمام مواد به سس آغشته گردند. | سالاد را برای حداقل ۲ ساعت در یخچال قرار دهید تا طعم‌ها با هم ترکیب شده و کاملاً خنک شود."
"dish-3-1769975411817","ناگت مرغ خانگی سلامت","khorak","یک غذای محبوب و سالم خانگی تهیه شده از سینه مرغ تازه و پنیر پیتزا که با روغن بسیار کم تهیه می‌شود و جایگزینی مغذی برای فست‌فودهای آماده است.","گرم","undefined","گشنیز یا آب نارنج","410","45","آسان","ir","سینه مرغ چرخ شده:500:گرم | پنیر پیتزا:100:گرم | سیر رنده شده:3:حبه | پودر سوخاری:125:گرم | تخم مرغ:1:عدد | نمک و فلفل و زردچوبه:1:به میزان لازم | نمک و فلفل و زردچوبه:1:به میزان لازم | نمک و فلفل و زردچوبه:1:به میزان لازم | روغن مایع:1:به میزان لازم","ابتدا سینه مرغ چرخ شده را در یک ظرف بزرگ ریخته و سیر رنده شده، پنیر پیتزا، نمک، فلفل و زردچوبه را به آن اضافه کنید. | مواد را به خوبی ورز دهید تا کاملاً منسجم و یکدست شوند. | تخم مرغ را در ظرفی جداگانه بشکنید و با چنگال بزنید تا از حالت لختگی خارج شود. پودر سوخاری را نیز در بشقابی پهن بریزید. | از مایه مرغ به اندازه یک گردو برداشته، در دست فرم دهید و ابتدا در تخم مرغ و سپس در پودر سوخاری بغلتانید. | تابه را با مقدار کمی روغن روی حرارت ملایم داغ کنید و ناگت‌ها را در آن قرار دهید تا هر دو طرف آن‌ها طلایی و مغزپخت شود."
"dish-3-1769975438100","شنیتسل بوقلمون با سبزیجات","khorak","یک غذای ترد و پروتئینی تهیه شده از سینه بوقلمون تازه که با لایه‌ای از پودر سوخاری و جعفری خشک پوشانده شده و در کنار سبزیجات دورچین سرو می‌شود.","گرم","undefined","گشنیز و کدو","450","35","متوسط","ir","سینه بوقلمون:600:گرم | تخم‌مرغ:2:عدد | پودر سوخاری مخلوط با جعفری خشک:220:گرم | سیر رنده شده:2:حبه | نمک و فلفل و زردچوبه:1:به میزان لازم | نمک و فلفل و زردچوبه:1:به میزان لازم | پاپریکا:0:به میزان لازم | روغن سرخ‌کردنی:120:میلیلیتر","سینه بوقلمون را به صورت عرضی به قطعاتی با قطر حدود یک سانتی‌متر برش داده و با بیفتک‌کوب کمی بکوبید تا بافت آن پهن و نازک شود. | در یک ظرف مناسب، تخم‌مرغ‌ها را با سیر رنده شده، نمک، فلفل و پاپریکا به خوبی مخلوط کنید تا مایه یکدستی حاصل شود. | هر قطعه از بوقلمون را ابتدا کاملاً در مخلوط تخم‌مرغ فرو ببرید و سپس در پودر سوخاری مخلوط با جعفری خشک بغلتانید تا تمام سطح آن را بپوشاند. | مقداری روغن در تابه ریخته و پس از داغ شدن، شنیتسل‌ها را با حرارت ملایم سرخ کنید تا هر دو طرف آن‌ها طلایی و مغزپخت شود. | شنیتسل‌ها را روی دستمال روغن‌گیر قرار داده و سپس به همراه برش‌های لیموترش تازه و سبزیجات بخارپز یا تازه سرو نمایید."
"dish-3-1770080337713","چیکن تندر کنجدی","international","فیله‌های مرغ ترد و لذیذ با پوشش کنجد و پودر سوخاری که با عطر زنجبیل و سس سویا طعم‌دار شده‌اند. این غذا یک گزینه عالی برای میان‌وعده یا وعده اصلی سریع است.","گرم","undefined","سرکه یا ترشیجات","420","35","آسان","آمریکا","فیله مرغ:600:گرم | کنجد خام:80:به میزان لازم | پودر سوخاری:70:گرم | سس سویا:30:میلی‌لیتر | زنجبیل تازه رنده شده:0:به میزان لازم | روغن مایع:1:به میزان لازم | نمک و فلفل سیاه:1:به میزان لازم","ابتدا فیله‌های مرغ را به صورت نواری (تندر) برش دهید و در یک کاسه بزرگ با سس سویا و زنجبیل تازه رنده شده و کمی فلفل سیاه مخلوط کنید تا کاملا طعم‌دار شوند. اجازه دهید ۲۰ دقیقه استراحت کند. | در یک ظرف تخت، کنجد خام و پودر سوخاری را با هم مخلوط کنید تا یکدست شوند. | تکه‌های مرغ را یکی یکی در مخلوط کنجد و پودر سوخاری قرار داده و با دست کمی فشار دهید تا تمام سطح مرغ با مواد پوشانده شود. | در یک تابه مناسب، روغن مایع را داغ کنید و فیله‌ها را با حرارت ملایم رو به متوسط سرخ کنید تا هر دو طرف آن‌ها طلایی و ترد شود. | پس از سرخ شدن، تندرها را روی دستمال روغن‌گیر قرار دهید تا روغن اضافی آن‌ها جذب شود و سپس به صورت گرم سرو کنید."
"dish-3-1770080380305","استراگانف فیله مرغ (چیکن استراگانف)","international","یک غذای کلاسیک و لذیذ بین‌المللی که از ترکیب فیله مرغ، قارچ و سس خامه‌ای غلیظ تهیه شده و با سیب‌زمینی ترد تزیین می‌شود.","سرد","undefined","پودر جوز هندی و فلفل قرمز","450","40","متوسط","روسیه","فیله مرغ:600:گرم | قارچ دگمه ای:400:گرم | خامه صبحانه:200:گرم | شیر:120:پیمانه | پیاز:1:عدد | سیب زمینی خلالی سرخ شده برای تزیین:300:عدد | کره:50:گرم | نمک و فلفل و زردچوبه:1:به میزان لازم | نمک و فلفل سیاه:1:به میزان لازم","ابتدا پیاز را به صورت خلالی نازک خرد کرده و در تابه به همراه نیمی از کره تفت دهید تا سبک و شفاف شود. | فیله‌های مرغ را به صورت نواری (استراگانفی) برش زده، به پیاز اضافه کنید و با حرارت بالا تفت دهید تا رنگ مرغ تغییر کرده و آب نیندازد. | قارچ‌ها را ورقه‌ای خرد کرده و در تابه ای جداگانه با باقی‌مانده کره تفت دهید تا آب آن‌ها کاملاً کشیده شود، سپس به مخلوط مرغ و پیاز اضافه کنید. | شیر و خامه را در ظرفی جداگانه با هم مخلوط کرده تا یکدست شوند و سپس به تابه اضافه کنید. | حرارت را ملایم کنید و اجازه دهید سس غلیظ شود و به خورد مواد برود؛ در این مرحله نمک و فلفل سیاه را اضافه کنید. | پس از رسیدن به غلظت مناسب، خوراک را در ظرف مورد نظر کشیده و با سیب‌زمینی‌های خلالی سرخ شده تزیین و سرو نمایید."
"dish-3-1770085451265","انچیلادا اسفناج و پنیر (Spinach and Cheese Enchiladas)","international","یک غذای لذیذ و مغذی که از ترکیب اسفناج تفت داده شده با پنیرهای خامه‌ای و ریکوتا تهیه می‌شود. این رول‌های تورتیلا با سس بشامل غنی پوشانده شده و در فر به خوبی برشته می‌شوند.","سرد","undefined","سیر، زیره و فلفل قرمز","420","45","متوسط","مکزیک","اسفناج تازه خرد شده:500:گرم | پنیر خامه‌ای:100:گرم | پنیر ریکوتا یا پنیر محلی:250:گرم | سیر:3:حبه | نان تورتیلا:8:عدد | سس سفید (بشامل):240:میلی‌لیتر | جوز هندی:0:به میزان لازم | نمک و فلفل سیاه و زرد چوبه:1:به میزان لازم","سیرها را ریز خرد کرده و در تابه با کمی روغن تفت دهید. سپس اسفناج تازه خرد شده را اضافه کنید و تا زمان تبخیر کامل آب اسفناج، تفت دادن را ادامه دهید. | در یک ظرف، اسفناج تفت داده شده را با پنیر خامه‌ای و پنیر ریکوتا (یا محلی) مخلوط کنید. نمک، فلفل سیاه و جوز هندی را برای طعم‌دهی اضافه کرده و هم بزنید تا یکدست شود. | مقداری از مایه اسفناج و پنیر را در وسط هر نان تورتیلا قرار داده و نان‌ها را به صورت لوله‌ای رول کنید. | رول‌ها را در ظرف پیرکس چرب شده بچینید، سس سفید (بشامل) را روی تمام رول‌ها بریزید و در صورت تمایل مقداری پنیر روی آن پخش کنید. | ظرف را در فر با دمای ۱۸۰ درجه سانتی‌گراد به مدت ۲۰ تا ۲۵ دقیقه قرار دهید تا سطح غذا کاملاً برشته و طلایی شود."
"dish-3-1770086289960","کوئسادیلا میگو و آووکادو (Shrimp and Avocado Quesadilla)","international","یک غذای مکزیکی مدرن و لذیذ که از ترکیب میگوهای طعم‌دار شده، پوره کرمی آووکادو و پنیر ذوب شده در نان تورتیلای ترد تهیه می‌شود.","سرد","undefined","سیر و زنجبیل","480","25","متوسط","مکزیک","میگو پاک شده:500:گرم | آووکادو رسیده:2:عدد | نان تورتیلا:4:عدد | پنیر جک یا موتزارلا:250:گرم | کره:30:گرم | آب لیمو سنگی:30:میلی‌لیتر | سیر:3:حبه | نمک و فلفل و زردچوبه:1:به میزان لازم | نمک و فلفل سیاه:1:به میزان لازم","میگوهای پاک شده را با مقداری نمک و فلفل سیاه مزه‌دار کنید. | در یک تابه بزرگ، کره را ذوب کرده و سیرهای له شده را تفت دهید تا عطر آن‌ها آزاد شود. | میگوها را به تابه اضافه کنید و به مدت ۳ تا ۵ دقیقه تفت دهید تا کاملاً صورتی و پخته شوند، سپس آن‌ها را از تابه خارج کرده و کنار بگذارید. | گوشت آووکادوهای رسیده را در یک کاسه با چنگال کاملاً له کنید و بلافاصله با آب لیمو سنگی و کمی نمک مخلوط کنید تا اکسید و سیاه نشود. | نان‌های تورتیلا را پهن کرده و روی نیمی از هر نان، لایه‌ای از پوره آووکادو بمالید. | میگوهای تفت داده شده را روی پوره آووکادو چیده و روی آن‌ها را با مقدار سخاوتمندانه‌ای از پنیر بپوشانید. | نیمه خالی نان را روی مواد برگردانید و ساندویچ‌ها را در تابه گریل یا روی سطح داغ قرار دهید. | هر طرف نان را حدود ۲ تا ۳ دقیقه گریل کنید تا نان ترد و طلایی شده و پنیر داخل آن کاملاً ذوب شود. | کوئسادیلاها را به صورت مثلثی برش زده و همراه با خامه ترش یا سس سالسا سرو کنید."
"dish-3-1770148184121","پای گوشت خانگی (Cottage Pie)","international","پای گوشت یا کاتج پای یکی از غذاهای سنتی و اصیل انگلیسی است که از ترکیب لایه‌ای از گوشت چرخ‌کرده تفت داده شده با سبزیجات و پوششی از پوره سیب‌زمینی تنوری تهیه می‌شود. این غذا به دلیل طعم غنی و بافت نرم خود، یک انتخاب عالی برای وعده شام خانوادگی است.","گرم","undefined","آویشن یا مرزه","480","60","متوسط","بریتانیا","گوشت چرخ کرده:500:گرم | سیب زمینی:800:عدد | هویج:150:گرم | رب گوجه فرنگی:40:قاشق | کره:50:گرم | شیر:120:پیمانه | پیاز:1:عدد | نمک و فلفل و زردچوبه:1:به میزان لازم | نمک و فلفل سیاه:1:به میزان لازم","ابتدا پیاز را نگینی خرد کرده و در مقداری روغن تفت دهید تا سبک و طلایی شود. سپس گوشت چرخ‌کرده را اضافه کرده و تفت دهید تا تغییر رنگ دهد. | هویج را به صورت نگینی ریز خرد کرده و به گوشت اضافه کنید. رب گوجه‌فرنگی، نمک و فلفل را افزوده و تفت دهید تا بوی خامی رب گرفته شود. سپس نصف پیمانه آب اضافه کرده و اجازه دهید با حرارت ملایم بپزد و غلیظ شود. | در همین حین، سیب‌زمینی‌ها را در آب جوش بپزید تا کاملاً نرم شوند. سپس آن‌ها را پوست گرفته و تا گرم هستند با کره و شیر به خوبی له کنید تا یک پوره نرم و یکدست حاصل شود. | یک ظرف مناسب فر (مانند پیرکس) انتخاب کنید. مایه گوشتی آماده شده را در کف ظرف به صورت یکنواخت پهن کنید. | پوره سیب‌زمینی را روی لایه گوشت ریخته و با پشت قاشق یا چنگال سطح آن را صاف کرده و طرح بدهید. | ظرف را در فر که از قبل با دمای 190 درجه سانتی‌گراد گرم شده است، به مدت 25 تا 30 دقیقه قرار دهید تا لایه پوره طلایی و برشته شود."
"dish-3-1770148225170","ماپو توفو (Mapo Tofu)","international","ماپو توفو یکی از محبوب‌ترین و اصیل‌ترین غذاهای منطقه سیچوان چین است. این غذا با ترکیب توفوی نرم، گوشت چرخ‌کرده و سس تند لوبیای تند تهیه می‌شود و به خاطر طعم گرم، تند و بی‌حس‌کننده فلفل سیچوان شهرت دارد.","سرد","undefined","فلفل سیاه و زنجبیل","340","25","متوسط","چین","توفو نرم:500:گرم | گوشت چرخ کرده:200:گرم | خمیر لوبیای تند:40:گرم | فلفل سیچوان:0:به میزان لازم | سیر و زنجبیل رنده شده:2:حبه | پیازچه خرد شده:2:عدد | نشاسته ذرت:10:گرم | آب یا عصاره:240:میلی‌لیتر","ابتدا توفوها را به صورت مکعب‌های ۲ سانتی‌متری خرد کنید. | در یک تابه یا ووک، کمی روغن داغ کرده و گوشت چرخ‌کرده را تفت دهید تا رنگ آن کاملا قهوه‌ای و ترد شود. | خمیر لوبیای تند را به همراه سیر و زنجبیل رنده شده به گوشت اضافه کرده و حدود یک دقیقه تفت دهید تا عطر آن‌ها خارج شود. | آب یا عصاره را به تابه اضافه کنید و اجازه دهید به نقطه جوش برسد. | توفوهای مکعبی را بسیار به آرامی به سس اضافه کنید تا بافت نرم آن‌ها آسیب نبیند و اجازه دهید ۳ تا ۵ دقیقه بپزند. | نشاسته ذرت را در دو قاشق آب سرد حل کرده و به آرامی به تابه اضافه کنید و هم بزنید تا سس غلیظ و براق شود. | در مرحله آخر، پیازچه خرد شده و فلفل سیچوان را برای تزیین و عطر نهایی روی غذا ریخته و به صورت داغ همراه با برنج سرو کنید."
"dish-3-1770148243186","کاری سبز مرغ (Green Curry Chicken)","international","یک غذای اصیل و معطر تایلندی که از ترکیب سینه مرغ، شیر نارگیل و سبزیجات تازه تهیه می‌شود. این غذا به دلیل استفاده از خمیر کاری سبز و ریحان تایلندی، طعمی تند و منحصر به فرد دارد و معمولاً با برنج یاسمین سرو می‌گردد.","گرم","undefined","شربت لیمو یا عرق کاسنی","420","35","متوسط","تایلند","سینه مرغ:500:گرم | شیر نارگیل:400:پیمانه | خمیر کاری سبز:30:گرم | بادمجان کوچک:4:عدد | ریحان تایلندی:30:گرم | فلفل دلمه‌ای سبز:1:عدد | روغن مایع:1:به میزان لازم | نمک و فلفل و زردچوبه:1:به میزان لازم","ابتدا خمیر کاری سبز را در یک تابه بزرگ با کمی روغن مایع تفت دهید تا عطر آن کاملاً آزاد شود. | شیر نارگیل را به آرامی به تابه اضافه کرده و هم بزنید تا با خمیر کاری یکدست شود و شروع به جوشیدن کند. | سینه مرغ را به صورت مکعبی خرد کرده و به سس اضافه کنید؛ اجازه دهید تکه‌های مرغ نیم‌پز شوند. | بادمجان‌ها را خرد کرده و به همراه فلفل دلمه‌ای سبز به مواد اضافه کنید و اجازه دهید حدود ۱۰ دقیقه بپزند تا سبزیجات نرم شوند. | در مرحله آخر، برگ‌های ریحان تایلندی را اضافه کرده و پس از یک دقیقه تابه را از روی حرارت بردارید تا عطر آن حفظ شود. | خورش را در ظرف مورد نظر ریخته و همراه با برنج یاسمین بخارپز شده سرو کنید."
"dish-3-1770148261442","چیزبرگر خانگی","international","یک چیزبرگر کلاسیک و آبدار خانگی که با گوشت باکیفیت و پنیر چدار ذوب شده در نان گریل شده تهیه می‌شود. این دستور پخت طعم اصیل رستورانی را به خانه شما می‌آورد.","گرم","undefined","کاهو و پیاز قرمز","620","25","متوسط","آمریکا","گوشت چرخ کرده:600:گرم | پنیر چدار 4 ورق:4:ورق | نان همبرگر 4 عدد:4:عدد | پیاز 1 عدد:1:عدد | کاهو و گوجه فرنگی به میزان لازم:0:به میزان لازم | سس مایونز و خردل:60:میلیلیتر | نمک و فلفل سیاه و زرد چوبه:1:به میزان لازم","ابتدا پیاز را با رنده ریز رنده کرده و آب آن را کاملا بگیرید. | گوشت چرخ‌کرده را در یک کاسه بزرگ با پیاز، نمک و فلفل سیاه مخلوط کنید و به خوبی ورز دهید تا حالت چسبندگی پیدا کند. | گوشت را به ۴ قسمت مساوی تقسیم کرده و هر قسمت را به شکل گرد و پهن (کمی بزرگتر از اندازه نان) فرم دهید. | وسط برگرها را با انگشت کمی گود کنید تا موقع پخت پف نکند و شکل خود را حفظ کند. | یک تابه چدنی را روی حرارت بالا داغ کنید و برگرها را بدون افزودن روغن زیاد سرخ کنید. | در دقیقه آخر پخت، ورقه‌های پنیر چدار را روی هر گوشت قرار دهید و درب تابه را بگذارید تا پنیر ذوب شود. | نان‌های همبرگر را از وسط نصف کرده و کمی در تابه گریل کنید تا ترد شوند. | روی نان‌ها سس مایونز و خردل بزنید و سپس برگر پنیری، کاهو و برش‌های گوجه‌فرنگی را چیده و سرو کنید."
"dish-3-1770148283123","سوپ بورش (Borscht)","international","سوپ بورش یک پیش‌غذای اصیل و مقوی از اروپای شرقی است که به دلیل استفاده از چغندر قرمز، رنگی خیره‌کننده و طعمی منحصربه‌فرد دارد. این سوپ معمولاً با گوشت گاو و سبزیجات تازه تهیه شده و با خامه ترش سرو می‌شود.","معتدل","undefined","زیره سیاه یا نان تست سیردار","320","120","متوسط","اوکراین","چغندر قرمز:3:عدد | گوشت گاو با استخوان:300:گرم | کلم برگ خرد شده:200:گرم | سیب‌زمینی:2:عدد | هویج:100:گرم | پیاز:1:عدد | رب گوجه فرنگی:30:قاشق | خامه ترش برای سرو:60:میلیلیتر | آب:1500:میلیلیتر | نمک و فلفل و زردچوبه:1:به میزان لازم | نمک و فلفل سیاه:1:به میزان لازم | نمک و فلفل و زردچوبه:1:به میزان لازم","گوشت گاو با استخوان را به همراه پیاز خرد شده و مقداری زردچوبه در قابلمه حاوی آب ریخته و روی حرارت بگذارید تا نیم‌پز شود. | چغندر قرمز، هویج و سیب‌زمینی‌ها را به صورت خلالی یا نگینی یکدست خرد کرده و به قابلمه اضافه کنید. | در اواسط پخت سبزیجات، کلم برگ خرد شده و رب گوجه فرنگی را اضافه کنید و اجازه دهید سوپ با حرارت ملایم کاملاً جا بیفتد و غلیظ شود. | در اواخر پخت، نمک و فلفل سوپ را اندازه کرده و از طعم آن اطمینان حاصل کنید. | هنگام سرو، سوپ را در بشقاب ریخته و روی هر پرس، یک قاشق (حدود ۱۵ گرم) خامه ترش برای طعم و زیبایی قرار دهید."
"dish-3-1770148326913","کاری مرغ ملایم (Chicken Curry Mild)","international","یک خوراک بین‌المللی لذیذ و معطر که با ترکیب مرغ، شیر نارگیل و ادویه‌های مخصوص تهیه می‌شود. این غذا به دلیل استفاده از شیر نارگیل بافتی کرمی و طعمی ملایم دارد که برای تمامی ذائقه‌ها مناسب است.","گرم","undefined","ماست یا دوغ تازه","420","50","متوسط","هند","مرغ تکه شده:600:گرم | شیر نارگیل:240:پیمانه | پودر کاری ملایم:25:گرم | سیب زمینی:2:عدد | پیاز بزرگ:1:عدد | روغن مایع:1:به میزان لازم | نمک و فلفل و زردچوبه:1:به میزان لازم | نمک و فلفل و زردچوبه:1:به میزان لازم","پیاز را به صورت نگینی خرد کرده و در روغن مایع تفت دهید تا طلایی و سبک شود. | تکه‌های مرغ را به پیاز اضافه کرده و تفت دهید تا تغییر رنگ دهند و کمی سرخ شوند. | پودر کاری ملایم و زردچوبه را اضافه کنید و حدود یک دقیقه تفت دهید تا عطر ادویه‌ها کاملاً آزاد شود. | سیب زمینی‌ها را به صورت مکعبی خرد کرده و به قابلمه اضافه نمایید. | شیر نارگیل را به مواد اضافه کنید. در صورت غلظت بالا می‌توانید مقدار کمی آب جوش نیز بیفزایید. حرارت را ملایم کرده و اجازه دهید مرغ و سیب زمینی کاملاً بپزند. | در اواخر پخت، نمک غذا را اندازه کنید. زمانی که سس غلیظ و جا افتاده شد، غذا آماده سرو است."
"dish-3-1770148347603","آسادو (Asado)","international","آسادو یکی از محبوب‌ترین و سنتی‌ترین روش‌های کباب کردن گوشت در آمریکای جنوبی است. در این روش، دنده‌های گوساله با حرارت بسیار ملایم و در زمان طولانی به همراه دود هیزم پخته می‌شوند تا بافتی فوق‌العاده نرم و طعمی دودی پیدا کنند.","گرم","undefined","سمنق و پیاز","2450","360","متوسط","آرژانتین","دنده گوساله با استخوان:1.5:کیلوگرم | نمک ماساژ (Sal parrillera):0:به میزان لازم | دود هیزم طبیعی:0:به میزان لازم","گوشت دنده گوساله را از ۲ ساعت قبل از پخت از یخچال خارج کنید تا کاملاً با محیط هم‌دما شود. | تمام سطوح گوشت را با مقدار کافی از نمک ماساژ (Sal parrillera) پوشانده و به خوبی ماساژ دهید. | آتش هیزم را آماده کرده و صبر کنید تا هیزم‌ها به ذغال‌های پایدار و یکنواخت تبدیل شوند و شعله مستقیم فروکش کند. | دنده‌ها را ابتدا از سمت استخوان روی حرارت ملایم و غیرمستقیم قرار دهید. | گوشت را به آرامی و در زمان طولانی (حدود ۵ تا ۶ ساعت) کباب کنید تا چربی‌ها ذوب شده و بافت گوشت نرم شود. | در طول فرآیند پخت، اجازه دهید دود هیزم طبیعی به خوبی جذب گوشت شود تا طعم اصیل آسادو ایجاد شود. | زمانی که گوشت به راحتی از استخوان جدا شد، آن را از روی حرارت برداشته و پس از چند دقیقه استراحت برش بزنید."
"dish-3-1770148364578","چیکن کاتسو (Chicken Katsu)","international","یک غذای محبوب و ترد ژاپنی که از سینه مرغ سوخاری شده با پودر سوخاری مخصوص پانکو تهیه می‌شود و معمولاً همراه با سالاد کلم و سس مخصوص سرو می‌گردد.","سرد","undefined","سس مخصوص کاتسو (گرم) و زنجبیل","520","35","متوسط","ژاپن","سینه مرغ:800:گرم | آرد سفید:125:گرم | تخم‌مرغ:3:عدد | پودر سوخاری پانکو:250:گرم | نمک و فلفل سیاه و زرد چوبه:1:به میزان لازم | روغن برای سرخ کردن:300:میلی‌لیتر","سینه مرغ را از پهنا به لایه‌های نازک‌تر برش داده و با بیفتک‌کوب کمی بکوبید تا ضخامت یکنواختی پیدا کند، سپس دو طرف مرغ‌ها را با نمک و فلفل سیاه مزه‌دار کنید. | سه ظرف جداگانه آماده کنید: در ظرف اول آرد سفید، در ظرف دوم تخم‌مرغ‌های زده شده و در ظرف سوم پودر سوخاری پانکو را بریزید. | تکه‌های مرغ را ابتدا در آرد سفید غلتانده و آرد اضافی آن را بگیرید، سپس کاملاً به تخم‌مرغ آغشته کرده و در نهایت در پودر پانکو بغلتانید و کمی فشار دهید تا پودر به مرغ بچسبد. | روغن را در یک تابه مناسب داغ کنید و مرغ‌ها را روی حرارت متوسط به مدت ۴ تا ۵ دقیقه برای هر طرف سرخ کنید تا طلایی و کاملاً ترد شوند. | مرغ‌های سرخ شده را به مدت یک دقیقه روی توری قرار دهید تا روغن اضافی خارج شود، سپس آن‌ها را به صورت نواری برش زده و با کلم خرد شده سرو کنید."
"dish-3-1770148381705","Tortilla Española (تورتیلای اسپانیایی)","international","تورتیلای اسپانیایی یا املت سیب‌زمینی، یکی از سنتی‌ترین و محبوب‌ترین غذاهای کشور اسپانیا است که از ترکیب ساده سیب‌زمینی، پیاز و تخم‌مرغ تهیه شده و بافتی نرم و لذیذ دارد.","معتدل","undefined","فلفل سیاه، سبزیجات معطر","345","45","متوسط","اسپانیا","سیب‌زمینی متوسط:800:عدد | تخم‌مرغ:6:عدد | پیاز بزرگ:1:عدد | روغن زیتون:250:قاشق | نمک و فلفل و زردچوبه:1:به میزان لازم","سیب‌زمینی‌ها را پوست گرفته و به صورت ورقه‌های نازک و یکدست برش بزنید. پیاز را نیز به صورت خلالی نازک خرد کنید. | روغن زیتون را در تابه بزرگی ریخته و روی حرارت ملایم گرم کنید. سیب‌زمینی و پیاز را اضافه کرده و اجازه دهید حدود ۱۵ تا ۲۰ دقیقه به آرامی بپزند تا نرم شوند (دقت کنید که نباید سرخ یا طلایی شوند). | در یک کاسه بزرگ، تخم‌مرغ‌ها را شکسته و با چنگال هم بزنید تا یکدست شوند. کمی نمک و فلفل به آن اضافه کنید. | سیب‌زمینی و پیاز پخته شده را با صافی از روغن خارج کرده و به کاسه تخم‌مرغ‌ها اضافه کنید. مخلوط را ۱۰ دقیقه کنار بگذارید تا طعم‌ها با هم ترکیب شده و سیب‌زمینی کمی از تخم‌مرغ را جذب کند. | حدود ۲ قاشق غذاخوری از روغن زیتون باقی‌مانده را در تابه ریخته و مایه تورتیلا را داخل آن بریزید. با پشت قاشق سطح آن را صاف کنید. | زمانی که لبه‌های املت سفت شد و زیر آن طلایی شد، یک بشقاب تخت بزرگ را روی تابه قرار داده و با احتیاط تابه را برگردانید. | تورتیلا را به آرامی از بشقاب به داخل تابه بلغزانید تا طرف دیگر آن هم به مدت ۳ تا ۵ دقیقه سرخ و طلایی شود."
"dish-3-1770148403307","Spaghetti Carbonara (اسپاگتی کربونارا)","international","یک پاستای اصیل و محبوب ایتالیایی که با سس خامه‌ای حاصل از ترکیب تخم‌مرغ و پنیر پارمزان، به همراه تکه‌های ترد گوشت تهیه می‌شود.","گرم","undefined","جعفری تازه و فلفل سیاه","625","20","متوسط","ایتالیا","اسپاگتی:400:گرم | تخم‌مرغ:4:عدد | پنیر پارمزان یا پکورینو:100:گرم | گوشت غاز یا بیکن:100:گرم | فلفل سیاه فراوان:0:به میزان لازم | نمک و فلفل و زردچوبه:0:به میزان لازم","ابتدا در یک قابلمه بزرگ، آب را به همراه مقداری نمک به جوش آورده و اسپاگتی را تا مرحله‌ای که کمی سفت باشد (آل‌دنته) بپزید. | در حین پخت پاستا، گوشت غاز یا بیکن را در یک تابه بزرگ تفت دهید تا کاملاً ترد و برشته شود. | در یک کاسه متوسط، تخم‌مرغ‌ها را با پنیر پارمزان یا پکورینو و مقداری فلفل سیاه مخلوط کنید تا ترکیبی یکنواخت به دست آید. | قبل از آبکش کردن پاستا، حدود یک پیمانه از آب آن را بردارید؛ سپس پاستا را آبکش کرده و بلافاصله به تابه حاوی گوشت اضافه کنید. | تابه را از روی حرارت بردارید (این مرحله برای جلوگیری از لخته شدن تخم‌مرغ حیاتی است) و مخلوط تخم‌مرغ و پنیر را اضافه کنید. | مواد را سریع هم بزنید تا گرمای پاستا باعث ذوب شدن پنیر و ایجاد یک سس خامه‌ای شود؛ در صورت نیاز کمی از آب پاستای گرم را برای رسیدن به غلظت مطلوب اضافه کنید. | در نهایت غذا را با فلفل سیاه فراوان تزیین کرده و به صورت گرم سرو نمایید."
"dish-3-1770148427755","بورک مرغ و پنیر (Börek)","international","بورک مرغ و پنیر یک غذای ترد و لذیذ است که از ترکیب مرغ ریش شده، پنیر و سبزیجات معطر در لایه‌های خمیر یوفکا تهیه می‌شود. این غذا به عنوان یک پیش‌غذا یا میان‌عده محبوب بین‌المللی شناخته می‌شود.","معتدل","undefined","سیاه‌دانه و سبزیجات","420","45","متوسط","ترکیه","خمیر یوفکا:400:گرم | سینه مرغ پخته و ریش شده:300:گرم | پنیر پیتزا یا لور:150:گرم | جعفری خرد شده:50:گرم | کره ذوب شده:50:گرم | شیر:120:پیمانه | تخم‌مرغ:1:عدد | کنجد:0:به میزان لازم | نمک و فلفل سیاه و زرد چوبه:1:به میزان لازم","ابتدا سینه مرغ پخته و ریش شده را در یک ظرف بزرگ با پنیر پیتزا (یا لور) و جعفری خرد شده کاملاً مخلوط کنید تا مایه میانی بورک یکدست شود. | کره ذوب شده را با نیمی از شیر مخلوط کرده و کنار بگذارید تا برای مرطوب کردن لایه‌های خمیر استفاده شود. | یک لایه از خمیر یوفکا را باز کرده و با استفاده از برس، سطح آن را به مخلوط کره و شیر آغشته کنید تا خمیر نرم و انعطاف‌پذیر شود. | مقداری از مخلوط مرغ و پنیر را در لبه خمیر قرار داده و خمیر را به شکل لوله‌ای (سیگارتی) یا به صورت گل بپیچید. | زرده تخم‌مرغ را با باقی‌مانده شیر مخلوط کرده و با برس روی سطح بورک‌ها بمالید، سپس برای تزئین مقداری کنجد روی آن‌ها بپاشید. | بورک‌ها را در سینی فر چیده و در فر از قبل گرم شده با دمای ۱۸۰ درجه سانتی‌گراد به مدت ۲۰ تا ۳۰ دقیقه قرار دهید تا سطح آن‌ها طلایی و ترد شود."
"dish-3-1770853484001","بال مرغ لیمویی فلفلی (Lemon Pepper)","international","بال مرغ ترد و لذیذ با طعم کلاسیک لیمو و فلفل سیاه که به روش تنوری تهیه می‌شود و به دلیل استفاده از بیکینگ پودر، بافتی بسیار ترد و کرانچی پیدا می‌کند.","گرم","undefined","شربت سکنجبین یا عسل","380","60","آسان","آمریکا","بال مرغ:1:گرم | پوست لیموی رنده شده:12:گرم | فلفل سیاه نیم‌کوب:0:به میزان لازم | آبلیموی تازه:45:میلیلیتر | بیکینگ پودر:5:گرم | نمک و فلفل و زردچوبه:1:به میزان لازم","ابتدا بال‌های مرغ را شسته و با دستمال آشپزخانه کاملاً خشک کنید تا رطوبتی باقی نماند. | در یک کاسه بزرگ، بال‌ها را با نمک، فلفل سیاه نیم‌کوب و بیکینگ پودر مخلوط کنید تا تمام سطوح مرغ به مواد آغشته شود. | بال‌ها را روی توری فلزی که روی سینی فر قرار داده شده بچینید تا جریان هوا باعث ترد شدن تمام قسمت‌های آن شود. | سینی را در فر از پیش گرم شده با دمای ۲۰۰ درجه سانتی‌گراد به مدت ۴۵ تا ۵۰ دقیقه قرار دهید تا بال‌ها کاملاً برشته و طلایی شوند. | در یک ظرف بزرگ، آبلیموی تازه و پوست لیموی رنده شده را با هم مخلوط کنید. | بلافاصله پس از خارج کردن بال‌های داغ از فر، آن‌ها را در ظرف مخلوط لیمو ریخته و خوب زیر و رو کنید تا طعم‌دار شوند. | بال‌های آماده شده را در ظرف مورد نظر چیده و به صورت گرم سرو کنید."
"dish-3-1770853534566","خوراک کتف و بال مرغ با سبزیجات","khorak","یک خوراک خانگی خوشمزه و مقوی که از ترکیب کتف و بال مرغ سرخ شده با سبزیجات تازه در سس گوجه‌فرنگی غلیظ و معطر تهیه می‌شود. این غذا به دلیل پخت آرام، طعم تمامی مواد را به خوبی به خود می‌گیرد.","سرد","undefined","زیره و آویشن","480","60","آسان","ir","کتف و بال:800:گرم | سیب زمینی:400:عدد | هویج:200:گرم | فلفل دلمه‌ای:150:عدد | رب گوجه فرنگی:60:قاشق | ادویه کاری:0:به میزان لازم | نمک و فلفل و زردچوبه:1:به میزان لازم | نمک و فلفل سیاه و زرد چوبه:1:به میزان لازم | روغن مایع:1:به میزان لازم | آب جوش:300:میلیلیتر","ابتدا کتف و بال‌های مرغ را کاملاً پاک کرده و بشویید، سپس اجازه دهید آب اضافه آن‌ها خارج شود. | در یک تابه بزرگ، روغن مایع را ریخته و پس از داغ شدن، مرغ‌ها را به همراه زردچوبه اضافه کنید و تفت دهید تا دو طرف آن‌ها طلایی شود. | سیب‌زمینی‌ها، هویج‌ها و فلفل دلمه‌ای را به صورت نگینی درشت یا حلقه‌ای خرد کرده و به تابه اضافه کنید و به مدت ۵ دقیقه با مرغ‌ها تفت دهید. | رب گوجه‌فرنگی را در یک ظرف جداگانه با آب جوش، ادویه کاری، نمک و فلفل سیاه مخلوط کنید تا سس یکنواختی به دست آید. | سس آماده شده را روی مواد داخل تابه بریزید تا سطح مواد را بپوشاند. | درب ظرف را گذاشته و حرارت را ملایم کنید؛ اجازه دهید خوراک به مدت ۴۵ تا ۶۰ دقیقه به آرامی پخته شده و سس آن غلیظ شود."
"dish-3-1770853689130","بادمجان لونگی","dessert","بادمجان لونگی یکی از غذاهای اصیل و بسیار خوش‌طعم خطه شمال ایران است که ترکیبی از طعم‌های ترش و ملس را با بافتی نرم و لذیذ ارائه می‌دهد. این غذا معمولاً به عنوان پیش‌غذا یا در کنار برنج سرو می‌شود.","گرم","undefined","کشش یا انار","840","45","متوسط","ir","بادمجان قلمی:4:عدد | گردو چرخ شده:100:گرم | رب انار:20:قاشق | سیر:2:حبه | پیاز کوچک:1:عدد | روغن مایع:1:به میزان لازم | نمک و فلفل و زردچوبه:1:به میزان لازم","بادمجان‌ها را پوست گرفته و یک شکاف عمودی در میانه آن‌ها ایجاد کنید، به گونه‌ای که شکم بادمجان باز شود اما از هم جدا نشود. | در یک تابه، بادمجان‌ها را با روغن مایع سرخ کنید تا کاملاً نرم و طلایی شوند، سپس آن‌ها را کنار بگذارید تا خنک شوند. | پیاز را رنده کرده و آب آن را کاملاً با فشار دست بگیرید. سیر را نیز له یا رنده کنید. | در یک کاسه، گردو چرخ شده، رب انار، پیاز رنده شده، سیر، نمک و فلفل را با هم ترکیب کنید تا خمیر غلیظ و یکنواختی به دست آید. | داخل شکم بادمجان‌های سرخ شده را با مخلوط گردو و رب انار پر کنید. | بادمجان‌های پر شده را مجدداً در تابه چیده، درب آن را بگذارید و به مدت ۱۰ دقیقه با حرارت بسیار ملایم قرار دهید تا طعم مواد کاملاً به خورد بادمجان برود."
"dish-3-1770856639426","دولسوت بی‌بیم‌باپ (ظرف سنگی)","international","یکی از محبوب‌ترین و اصیل‌ترین غذاهای کره‌ای که در ظرف سنگی داغ سرو می‌شود. ویژگی خاص این غذا، ایجاد لایه ترد و برشته برنج در کف ظرف (نورونجی) و پخته شدن مواد با حرارت باقی‌مانده سنگ است.","گرم","undefined","شربت سکنجبین بعد از غذا","620","50","متوسط","کره جنوبی","برنج دانه کوتاه:720:پیمانه | گوشت راسته گوساله:300:گرم | جوانه گندم:150:گرم | سرخس کوهی:100:گرم | ریشه گل‌قاصدک یا جینسینگ:50:گرم | تخم‌مرغ:4:عدد | روغن کنجد:60:به میزان لازم | سس مخصوص بیبیم‌باپ:100:میلی‌لیتر | نمک و فلفل و زردچوبه:1:به میزان لازم | نمک و فلفل سیاه:1:به میزان لازم","ابتدا برنج دانه کوتاه را شسته و به صورت کته بپزید تا کاملاً نرم شود. | گوشت راسته را به صورت نوارهای باریک برش زده و با مقداری روغن کنجد و فلفل تفت دهید تا کاملاً پخته شود. | جوانه گندم و سرخس کوهی را جداگانه بلانچ کرده (کمی در آب جوش قرار داده و سپس سرد کنید) و با کمی نمک مزه‌دار نمایید. | ظرف سنگی (دوالسوت) را با مقدار فراوانی روغن کنجد کاملاً چرب کرده و روی حرارت مستقیم قرار دهید تا سنگ کاملاً داغ شود. | یک پیمانه از برنج پخته را داخل ظرف سنگی داغ بریزید و اجازه دهید صدای جلز و ولز برنج بلند شود تا کف آن برشته شود. | گوشت تفت داده شده، جوانه گندم، سرخس و ریشه گل‌قاصدک را به صورت مجزا و با نظم روی برنج بچینید. | یک عدد تخم‌مرغ خام را در مرکز ظرف روی مواد بشکنید. حرارت ظرف سنگی باعث پختن تدریجی تخم‌مرغ می‌شود. | سس مخصوص را اضافه کرده و بلافاصله ظرف را از روی حرارت برداشته و سرو کنید. | قبل از خوردن، تمام مواد را با قاشق در همان ظرف داغ به خوبی هم بزنید تا با هم ترکیب و پخته شوند."
"dish-3-1771343394090","نیمرو با خرما (قیساوا)","khorak","یک غذای سنتی، مقوی و خوش‌طعم آذربایجانی که به دلیل ترکیب خرما، گردو و تخم‌مرغ، منبع عالی انرژی برای وعده صبحانه یا میان‌عده است.","گرم","undefined","گردو | آب لیموترش تازه","420","15","آسان","ir","تخم مرغ:6:عدد | خرمای بدون هسته:20:عدد | کره:50:گرم | گردو خرد شده:60:پیمانه | پودر دارچین:0:به میزان لازم","ابتدا هسته خرماها را جدا کرده و در صورت سفت بودن پوست، آن‌ها را جدا کنید. | کره را در یک تابه نچسب روی حرارت ملایم ذوب کنید. | خرماها را به کره اضافه کرده و با پشت قاشق کمی فشار دهید و تفت دهید تا کاملاً نرم و یکدست شوند. | گردوهای خرد شده را به تابه اضافه کرده و حدود یک دقیقه همراه با خرما تفت دهید تا بوی خامی آن گرفته شود. | تخم‌مرغ‌ها را در ظرفی جداگانه شکسته، کمی هم بزنید تا از لختگی خارج شوند و سپس روی مخلوط خرما و گردو بریزید. | پودر دارچین را روی مواد بپاشید و به آرامی هم بزنید تا تخم‌مرغ‌ها بسته شده و پخته شوند، سپس به صورت گرم سرو کنید."
"dish-3-1771724051453","اکبر جوجه با ادویه مخصوص شمالی","khorak","اکبر جوجه یکی از مشهورترین غذاهای محلی استان مازندران است که از جوجه‌های تازه و کوچک تهیه می‌شود. ویژگی بارز این غذا سرخ شدن طولانی مدت در ترکیب کره و روغن و سرو شدن آن با رب نارنج اصیل شمالی است که طعمی ملس و لذیذ به آن می‌بخشد.","گرم","undefined","دوغ، ماست","820","130","متوسط","ir","جوجه محلی:1800:گرم | دلار(دَرار یا دَلال هم گفته میشه ) یا سبزی معطر شمالی:60:گرم | کره:100:گرم | روغن مایع:1:به میزان لازم | رب نارنج:60:میلیلیتر | گلپر:0:به میزان لازم | نمک و فلفل و زردچوبه:1:به میزان لازم","ابتدا جوجه‌ها را تمیز شسته و از وسط به دو نیم تقسیم کنید، سپس آن‌ها را کاملاً خشک نمایید. | تمام سطوح جوجه‌ها را با مخلوط دلار شمالی، گلپر و زردچوبه ماساژ دهید و به مدت حداقل ۲ ساعت در یخچال قرار دهید تا مزه‌ها به خورد گوشت برود. | در یک قابلمه عمیق و مناسب، روغن مایع و کره را بریزید و روی حرارت قرار دهید تا کاملاً داغ و ذوب شوند. | جوجه‌ها را به آرامی داخل ترکیب روغن و کره داغ قرار داده، حرارت را ملایم کنید و درب قابلمه را بگذارید. این کار باعث می‌شود جوجه‌ها با بخار خود مغزپخت شده و همزمان سرخ شوند. | بعد از حدود ۱.۵ تا ۲ ساعت که جوجه‌ها کاملاً طلایی و برشته شدند، آن‌ها را از روغن خارج کرده و در آبکش قرار دهید تا روغن اضافی‌شان گرفته شود. | جوجه‌های آماده شده را در ظرف مورد نظر چیده و رب نارنج را به عنوان سس در کنار غذا قرار دهید. این غذا معمولاً با کته زعفرانی سرو می‌شود."
"dish-3-1775503642243","یوفو کباب رژیمی با نان جو","kabab","یک نسخه سالم‌تر از کباب یوفو که با استفاده از گوشت کم‌چرب و نان جو سبوس‌دار تهیه می‌شود.","سرد","undefined","زنجبیل و عسل","450","40","آسان","ترکیه","سینه مرغ چرخ‌کرده:125000:گرم | نان جو نازک:4:واحد | کدو سبز رنده شده:100:گرم | پیازچه خرد شده:3:عدد | نمک و فلفل و زردچوبه:1:به میزان لازم | نمک و فلفل و زردچوبه:1:به میزان لازم | نمک و فلفل سیاه:1:به میزان لازم","سینه مرغ را با کدو سبز رنده شده (بدون آب) و پیازچه و ادویه مخلوط کنید | یک لایه نازک از مواد را روی نان جو قرار دهید | نان دوم را روی آن گذاشته و در دستگاه ساندویچ‌ساز یا تابه دوطرفه بدون روغن گریل کنید | پس از 15 دقیقه کباب آماده است"
"dish-3-1776124802763","قورمه سبزی با اردک","stew","یک خورشت اصیل و سنتی ایرانی که در این نسخه ویژه با گوشت لذیذ اردک تهیه می‌شود. استفاده از گوشت اردک به دلیل چربی طبیعی و طعم خاص آن، به این خورشت غلظت و مزه‌ای منحصر به فرد می‌بخشد.","معتدل","undefined","آب‌غوره و دانه انار","480","180","متوسط","ir","گوشت اردک تکه شده:600:گرم | سبزی قورمه (سرخ شده):400:گرم | لوبیا قرمز:200:پیمانه | لیمو عمانی:4:به میزان لازم | پیاز داغ:4:عدد | نمک و فلفل و زردچوبه:0:به میزان لازم | روغن مایع:1:به میزان لازم","گوشت اردک تکه شده را همراه با پیاز داغ و زردچوبه در مقداری روغن مایع تفت دهید تا رنگ گوشت تغییر کرده و عطر ادویه آزاد شود. | لوبیا قرمز را که از شب قبل خیسانده‌اید، آبکش کرده و به مخلوط گوشت و پیاز اضافه نمایید. | مقدار کافی آب به قابلمه اضافه کرده و حرارت را زیاد کنید تا به جوش بیاید، سپس حرارت را ملایم کرده و اجازه دهید گوشت اردک نیم‌پز شود. | سبزی قورمه سرخ شده را به خورشت اضافه کنید و اجازه دهید حدود ۲ ساعت با حرارت بسیار کم بجوشد تا گوشت کاملاً نرم شود و لوبیاها بپزند. | در ۳۰ دقیقه پایانی پخت، لیمو عمانی‌ها را سوراخ کرده و به همراه نمک و فلفل به خورشت اضافه کنید و اجازه دهید خورشت کاملاً جا افتاده و روغن بیندازد."
"dish-3-1776124850907","اشکمبه چورباسی با سبزیجات","international","یک سوپ غلیظ و مقوی الهام گرفته از آشپزی ترکی که با سیرابی گوساله، سبزیجات تازه و خامه تهیه شده و با نان تست سیردار سرو می‌شود.","سرد","undefined","مرزه و ترخون","380","180","متوسط","ترکیه","سیرابی گوساله:60:حبه | هویج متوسط:150:گرم | ساقه کرفس:100:گرم | پیازچه:4:عدد | آرد نخودچی:25:قاشق | خامه صبحانه:100:گرم | نمک و فلفل و زردچوبه:0:به میزان لازم | روغن زیتون:30:قاشق","سیرابی را به همراه هویج و ساقه کرفس در قابلمه قرار داده و با آب کافی بپزید تا کاملاً نرم شود و بوی آن گرفته شود. | سبزیجات پخته شده را از قابلمه خارج کرده و سیرابی پخته را به صورت قطعات کوچک خرد کنید. | در یک قابلمه دیگر، آرد نخودچی را با روغن زیتون کمی تفت دهید تا بوی خامی آن گرفته شود، سپس آب صاف شده سیرابی را به تدریج اضافه کرده و مدام هم بزنید. | سیرابی‌های خرد شده را به قابلمه برگردانید و اجازه دهید سوپ جا بیفتد. پیازچه خرد شده، خامه و ادویه‌ها را در ۵ دقیقه آخر پخت اضافه کنید. | سوپ را به صورت گرم و در کنار نان تست سیردار سرو نمایید."
"dish-3-1776124877277","بلدرچین شکم‌پر با انار و گردو","khorak","یک غذای مجلسی و اصیل ایرانی با عطر و طعمی بی‌نظیر که با ترکیب گردو، رب انار و سبزیجات معطر شمالی تهیه می‌شود.","گرم","undefined","انبه یا زنجبیل","450","90","متوسط","ir","بلدرچین:800:گرم | گردو خرد شده:100:پیمانه | رب انار:60:قاشق | سبزی معطر (چوچاق و نعنا):150:گرم | پیاز:2:عدد | کره:50:گرم | نمک و گلپر:0:به میزان لازم","ابتدا پیازها را نگینی خرد کرده و در تابه با کمی کره تفت دهید تا سبک و طلایی شوند. | گردوی خرد شده، سبزی معطر (چوچاق و نعنا) و رب انار را به پیازها اضافه کرده و برای چند دقیقه تفت دهید تا عطر مواد خارج شده و مواد میانی آماده شود. | بلدرچین‌ها را به خوبی تمیز کرده و خشک کنید، سپس داخل شکم آن‌ها را با مخلوط آماده شده پر کنید. | شکم بلدرچین‌ها را با نخ آشپزی بدوزید یا با خلال دندان محکم کنید تا در حین پخت مواد خارج نشود. | کره را ذوب کرده و همراه با نمک و گلپر، روی پوست بلدرچین‌ها ماساژ دهید تا طعم‌دار شوند. | بلدرچین‌ها را در ظرف مخصوص فر قرار داده و در دمای ۱۸۰ درجه سانتی‌گراد به مدت ۶۰ دقیقه قرار دهید تا کاملاً مغزپخت و سطح آن‌ها طلایی و برشته شود."
"dish-3-1776124903557","کتلت بوقلمون","khorak","کتلت بوقلمون یک غذای سالم، رژیمی و بسیار خوشمزه است که به دلیل پروتئین بالا و چربی کم، جایگزینی عالی برای گوشت قرمز در وعده‌های غذایی محسوب می‌شود.","معتدل","undefined","سماق و نارنج","350","45","متوسط","ir","گوشت چرخ کرده:500:گرم | سیب‌زمینی بزرگ:400:عدد | پیاز متوسط:1:عدد | تخم‌مرغ:1:عدد | آرد نخودچی:30:قاشق | جعفری خرد شده:50:گرم | روغن برای سرخ کردن:100:میلی‌لیتر | نمک، زردچوبه و پودر سیر:1:حبه","سیب‌زمینی‌ها و پیاز را با رنده ریز رنده کرده و آب اضافی آن‌ها را با فشار دست کاملاً بگیرید تا مایه کتلت شل نشود. | گوشت بوقلمون را با مواد رنده شده، تخم‌مرغ، آرد نخودچی و جعفری ساطوری شده مخلوط کنید. | نمک، زردچوبه و پودر سیر را اضافه کرده و مواد را به مدت چند دقیقه به خوبی ورز دهید تا مایه کاملاً منسجم شود. | از مایه به اندازه یک نارنگی برداشته، در دست شکل دهید و ضخامت آن را یکنواخت کنید. | کتلت‌ها را در روغن داغ شده با حرارت ملایم سرخ کنید تا هر دو طرف طلایی شده و کاملاً مغزپخت شوند."
"dish-3-1776124930573","حلیم بوقلمون مجلسی با کنجد","dessert","حلیم بوقلمون یکی از اصیل‌ترین و مقوی‌ترین صبحانه‌ها و غذاهای سنتی ایرانی است که با گندم پوست‌کنده و گوشت بوقلمون تهیه می‌شود. در این دستور مجلسی، استفاده از کنجد و کره حیوانی بافت و طعمی بی‌نظیر به آن می‌بخشد.","گرم","undefined","عرق بهارنارنج در کنار غذا","480","240","متوسط","ir","گندم پوست‌کنده:500:گرم | گوشت سینه و ران بوقلمون:400:گرم | کنجد خام:50:به میزان لازم | کره حیوانی:100:گرم | نمک و دارچین:0:به میزان لازم | شکر:0:به میزان لازم","گندم پوست‌کنده را از شب قبل خیس کرده و سپس با مقدار کافی آب روی حرارت بسیار ملایم بپزید تا کاملاً له شود و لعاب بدهد؛ سپس آن را با گوشت‌کوب برقی یا صافی یکدست کنید. | گوشت سینه و ران بوقلمون را جداگانه با کمی نمک بپزید و پس از خنک شدن، استخوان‌ها را جدا کرده و گوشت را بسیار ریز ریش‌ریش یا نیم‌کوب کنید. | گوشت آماده شده را به قابلمه گندم اضافه کنید و با یک پاروی چوبی به مدت ۳۰ دقیقه به صورت مداوم هم بزنید (حلیم زدن) تا بافت آن کاملاً کش‌سان و منسجم شود. | کنجد خام را در ۱۰ دقیقه پایانی پخت به ترکیب اضافه کنید تا عطر و روغن آن در حلیم آزاد شده و خواص آن حفظ شود. | حلیم گرم را در ظرف سرو کشیده و روی آن را با کره حیوانی ذوب شده، دارچین فراوان و در صورت تمایل شکر تزئین و میل کنید."
"dish-3-1776124950506","Patsas Avgolemono me Rizi (سیرابی و برنج یونانی)","international","یک غذای سنتی، مقوی و کلاسیک یونانی که از ترکیب سیرابی پخته شده با برنج و سس مشهور آوگولمونو (ترکیب تخم‌مرغ و لیمو) تهیه می‌شود. این غذا دارای بافتی غلیظ، کرمی و طعمی لذیذ و ملس است که فلفل سفید اصالت خاصی به آن می‌بخشد.","سرد","undefined","زنجبیل و نعناع","385","180","متوسط","یونانی","سیرابی گوسفندی:80:حبه | برنج نیم‌دانه:150:پیمانه | تخم‌مرغ:2:عدد | آب لیموی تازه:80:میلیلیتر | پیاز:1:عدد | نمک و فلفل و زردچوبه:0:به میزان لازم | فلفل سفید:0:به میزان لازم","سیرابی را به دقت تمیز کرده و به قطعات کوچک (حدود ۲ سانتی‌متر) برش بزنید. آن را به همراه یک عدد پیاز درسته و مقداری زردچوبه در آب فراوان بپزید تا کاملاً نرم و مغزپخت شود. | پس از پخت کامل سیرابی، پیاز را از قابلمه خارج کرده و برنج نیم‌دانه شسته شده را به آن اضافه کنید. اجازه دهید برنج با حرارت ملایم به خوبی پخته و شکفته شود تا غذا لعاب کافی پیدا کند. | در یک ظرف جداگانه، تخم‌مرغ‌ها را با آب لیموی تازه مخلوط کرده و با همزن دستی آنقدر بزنید تا کاملاً یکدست شده و کمی کف کند. | به آرامی یک ملاقه از آب داغ داخل قابلمه را به مخلوط تخم‌مرغ و لیمو اضافه کرده و سریع هم بزنید تا دمای سس بالا برود (تکنیک معتدل‌سازی) و از لخته شدن تخم‌مرغ جلوگیری شود. | سس آماده شده را به تدریج به قابلمه اصلی اضافه کرده و به طور مداوم هم بزنید تا سس کاملاً با بقیه مواد ادغام شود. حرارت را بسیار ملایم نگه دارید تا غذا غلیظ شود اما اجازه ندهید به جوش قل‌قل برسد. | در مرحله آخر، نمک را اندازه کرده و غذا را در ظرف مورد نظر بکشید و با مقدار فراوانی فلفل سفید سرو نمایید."
"dish-3-1776124974346","هریس (حلیم) گوشت شتر","dessert","حلیم گوشت شتر یک غذای بسیار مقوی، سنتی و لذیذ است که به دلیل طبع گرم گوشت شتر و بافت کشسان و غلیظ گندم، یک وعده ایده‌آل برای صبحانه یا افطار محسوب می‌شود.","گرم","undefined","دارچین و شکر یا عسل","480","240","متوسط","ir","گوشت شتر (گردن یا ران):400:گرم | گندم پوست‌کنده:500:گرم | روغن حیوانی:50:میلی‌لیتر | نمک و فلفل و زردچوبه:0:به میزان لازم | چوب دارچین:2:قطعه | آب:2500:میلیلیتر","گندم پوست‌کنده را از شب قبل خیس کرده و در این مدت چند بار آب آن را تعویض کنید تا نفخ آن گرفته شود. | گندم را به همراه ۲ لیتر آب در قابلمه‌ای بزرگ روی حرارت بگذارید. پس از جوش آمدن، حرارت را ملایم کنید و اجازه دهید گندم‌ها کاملاً پخته، نرم و شکفته شوند. در این مرحله مدام گندم را هم بزنید تا ته نگیرد. | در ظرفی جداگانه، گوشت شتر را با ۵۰۰ میلی‌لیتر آب، چوب دارچین و کمی زردچوبه بپزید تا کاملاً نرم شود. پس از پخت، چوب دارچین را خارج کرده و گوشت را ریش‌ریش کنید. | گوشت ریش‌ریش شده را به گندم پخته اضافه کنید. با استفاده از گوشت‌کوب دستی یا برقی، مخلوط را آنقدر بزنید تا بافتی کاملاً یکدست، غلیظ و کشسان پیدا کند. | نمک را در مراحل پایانی پخت اضافه کنید تا مانع پخت گوشت نشود. حلیم را در ظرف سرو ریخته و با روغن حیوانی ذوب شده و پودر دارچین تزیین و میل نمایید."
"dish-3-1776125418831","کلم‌پلوی شیرازی با گوشت غاز","polo","نسخه‌ای مجلسی و اصیل از کلم‌پلوی شیرازی که در آن به جای گوشت چرخ‌کرده از گوشت لذیذ غاز استفاده شده است.","معتدل","undefined","زیره سیاه و آویشن","2150","120","متوسط","ir","برنج ایرانی:720:پیمانه | گوشت غاز:500:گرم | کلم قمری یا کلم برگ:600:گرم | سبزی کلم‌پلو (ترخون، ریحان، شوید):240:گرم | پیاز:2:عدد | آب‌غوره:60:قاشق | روغن کرمانشاهی:50:میلی‌لیتر | نمک و زردچوبه:0:به میزان لازم","گوشت غاز را به همراه یک عدد پیاز خرد شده، زردچوبه و آب بپزید. پس از پخت کامل و اتمام آب گوشت، آن را به قطعات کوچک ریش‌ریش کنید. | کلم‌ها را به صورت خلالی نازک خرد کنید. در یک تابه پیاز باقی‌مانده را تفت دهید، سپس کلم را اضافه کرده و با زردچوبه و آب‌غوره تفت دهید تا کاملاً سبک و خوش‌عطر شود. | برنج را در آب جوش ریخته و پس از نیم‌پز شدن آبکش کنید. سبزی کلم‌پلو را بلافاصله با برنج آبکش شده به آرامی مخلوط کنید. | ته قابلمه ته‌دیگ دلخواه را قرار دهید. سپس به صورت لایه‌به‌لایه از مخلوط برنج، کلم تفت داده شده و گوشت غاز ریش‌ریش شده بریزید. در انتها روغن کرمانشاهی را روی برنج پخش کرده و به مدت ۱ ساعت دم بگذارید."
"dish-30-1766799342396","پلو با کوفته قلقلی ریز","polo","کله‌گنجشکی پلو با گوشت‌های قلقلی سرخ شده در سس گوجه.","hot","گرم و تر","سماق، ترشی لیته، دوغ","550","90","متوسط","ایران","برنج:4:پیمانه | گوشت چرخ کرده:400:گرم | رب گوجه فرنگی:2:قاشق","کوفته‌های ریز را سرخ کنید. سس گوجه غلیظ درست کرده و کوفته‌ها را در آن بپزید. | مخلوط را لایه لایه با برنج دم کنید یا روی آن سرو نمایید."
"dish-30-1766876956937","خوراک کله گنجشکی","khorak","خوراک کله‌گنجشکی یا سرگنجشکی، یکی از غذاهای سنتی و اصیل ایرانی است که با گوشت چرخ‌کرده، سیب‌زمینی و سسی خوش‌رنگ تهیه می‌شود و به دلیل شکل کوفته‌های ریزش به این نام معروف است.","balanced","معتدل (بسته به گوشت مصرفی مایل به گرم یا سرد)","زردچوبه، فلفل سیاه، سماق","420","60","متوسط","ایران","گوشت چرخ کرده:400:گرم | پیاز متوسط ۲ عدد:2:عدد | سیب‌زمینی متوسط ۳ عدد:3:عدد | رب گوجه فرنگی:40:قاشق | نمک و فلفل سیاه و زرد چوبه:1:به میزان لازم | مرزه یا نعنا خشک ۱ قاشق غذاخوری:5:گرم | آب جوش ۳ پیمانه:720:میلی‌لیتر | روغن مایع:1:به میزان لازم","ابتدا یکی از پیازها را با رنده ریز رنده کرده و آب آن را کاملاً بگیرید؛ سپس آن را با گوشت چرخ‌کرده، نمک، فلفل سیاه و زردچوبه مخلوط کرده و به خوبی ورز دهید تا مایه گوشت منسجم و چسبنده شود. | از مایه گوشت به اندازه یک فندق (سر گنجشک) برداشته و در کف دست گلوله کنید تا تمام گوشت به صورت کوفته‌های ریز درآید. | در یک تابه مقداری روغن مایع ریخته و کوفته‌ریزه‌ها را تفت دهید تا خودشان را بگیرند و کمی تغییر رنگ دهند، سپس آن‌ها را از تابه خارج کنید. | پیاز دوم را به صورت نگینی خرد کنید و در یک قابلمه مناسب با کمی روغن تفت دهید تا سبک و طلایی شود. | رب گوجه‌فرنگی را به پیاز داغ اضافه کنید و به خوبی تفت دهید تا بوی خامی رب گرفته شده و رنگ آن کاملاً باز شود. | سیب‌زمینی‌ها را پوست گرفته، به صورت مکعبی (یک‌اندازه) خرد کنید و به همراه ۳ پیمانه آب جوش به قابلمه اضافه نمایید. | کوفته‌ریزه‌های تفت داده شده را به آرامی درون سس در حال جوش قرار دهید. حرارت را ملایم کنید و درب قابلمه را بگذارید تا خوراک به مدت ۴۵ دقیقه بپزد و جا بیفتد. | در ۱۰ دقیقه پایانی پخت، مرزه یا نعنا خشک را به همراه کمی نمک و فلفل (در صورت نیاز) به غذا اضافه کنید تا عطر سبزی حفظ شود و سس به غلظت مطلوب برسد."
"dish-30-1766877137848","خوراک قورمه آذری (گوشت و پیاز)","khorak","یکی از اصیل‌ترین غذاهای آذربایجان که گوشت گوسفندی در چربی خود (دنبه) به همراه پیاز پخته و سرخ می‌شود و قابلیت نگهداری طولانی دارد.","hot","گرم و تر (به دلیل چربی بالا)","سماق، آبغوره، دوغ یا ماست","650","180","متوسط","ایران (آذری)","گوشت گوسفندی (سردست یا ران):800:گرم | دنبه گوسفندی:300:گرم | پیاز:4:عدد | نمک و فلفل و زردچوبه:1:به میزان لازم | نمک و فلفل و زردچوبه:1:به میزان لازم | گردوی آسیاب شده:1:گرم","گوشت را به قطعات قیمه‌ای درشت و دنبه را به قطعات ریز خرد کنید. | دنبه‌ها را در قابلمه ریخته و روی حرارت ملایم قرار دهید تا روغن بیاندازد. | گوشت را به دنبه اضافه کرده و تفت دهید تا تغییر رنگ دهد. | آب را اضافه کرده و درب قابلمه را بگذارید تا گوشت با حرارت ملایم بپزد. | زمانی که آب گوشت کاملاً کشیده شد و گوشت شروع به سرخ شدن در روغن دنبه کرد، پیازهای خلالی شده و زردچوبه را اضافه کنید. | اجازه دهید پیازها همراه با گوشت در روغن سرخ و طلایی شوند. | در انتها نمک را اضافه کرده و سرو کنید (این غذا به طور سنتی بدون رب گوجه‌فرنگی است)."
"dish-31-1766799342396","پلو با مرغ بریان","polo","مرغ کامل مزه‌دار شده در کنار پلوی زعفرانی.","balanced","معتدل","زرشک، آب‌نارنج، سکنجبین","600","120","متوسط","ایران","برنج:4:پیمانه | مرغ کامل:1:گرم | زعفران غلیظ:4:قاشق","مرغ را با زعفران و آبلیمو مزه‌دار کرده و در فر یا قابلمه بریان کنید. | برنج را دم کرده و مرغ بریان را کنار آن سرو کنید."
"dish-31-1766876956937","خوراک لوبیا چشم بلبلی","khorak","خوراک لوبیا چشم بلبلی یک غذای گیاهی، مغذی و سنتی ایرانی است که به دلیل داشتن پروتئین بالا و فیبر، انتخابی عالی برای یک وعده غذایی سالم و رژیمی محسوب می‌شود.","hot","گرم و تر","زیره، دارچین، شوید، محلول سرکه و عسل","420","75","آسان","ایران","لوبیا چشم بلبلی:400:پیمانه | پیاز بزرگ:1:عدد | سیب‌زمینی متوسط:1:عدد | شوید خشک:10:قاشق | رب گوجه فرنگی:45:قاشق | سیر:2:حبه | نمک و فلفل و زردچوبه:1:به میزان لازم | نمک و فلفل و زردچوبه:1:به میزان لازم | نمک و فلفل و زردچوبه:1:به میزان لازم | روغن زیتون:45:قاشق","لوبیا چشم بلبلی را که از چند ساعت قبل خیس کرده‌اید، آبکش کنید و همراه با مقداری آب تازه در قابلمه بریزید تا با حرارت ملایم نیم‌پز شود. | پیاز را به صورت نگینی خرد کرده و در یک تابه با روغن زیتون تفت دهید تا سبک و طلایی شود؛ سپس سیر رنده شده و زردچوبه را اضافه کرده و تفت دادن را تا بلند شدن عطر سیر ادامه دهید. | رب گوجه‌فرنگی را به تابه اضافه کنید و به خوبی تفت دهید تا بوی خامی رب گرفته شده و رنگ آن کاملاً باز شود. | سیب‌زمینی را پوست کنده و به صورت نگینی خرد کنید؛ سپس سیب‌زمینی‌ها را به همراه مخلوط پیاز و رب به قابلمه لوبیای نیم‌پز اضافه کنید. | شوید خشک را در اواسط زمان پخت به خوراک بیفزایید تا عطر آن در تمام غذا پخش شود. | اجازه دهید خوراک با حرارت ملایم کاملاً جا بیفتد و غلیظ شود. در مرحله نهایی پخت، نمک و فلفل را اندازه کرده و سپس در ظرف مناسب سرو کنید."
"dish-31-1766877137848","خوراک زبان با سس بشامل","khorak","یک غذای کلاسیک و مجلسی که از زبان گوساله پخته شده به همراه سس سفید غلیظ و معطر بشامل تهیه می‌شود.","hot","گرم و تر","سرکه، گشنیز خشک، زیره و ادویه‌های گرم","450","240","متوسط","ایران / فرانسه","زبان گوساله:1:عدد | پیاز بزرگ:2:عدد | سیر:4:حبه | برگ بو:3:به میزان لازم | چوب دارچین:1:قطعه | کره:50:گرم | آرد سفید:30:گرم | شیر:480:پیمانه | نمک و فلفل و زردچوبه:1:به میزان لازم | نمک و فلفل سیاه:1:به میزان لازم | نمک و فلفل و زردچوبه:1:به میزان لازم | جوز هندی:0:به میزان لازم","زبان را کاملاً تمیز کرده و به همراه پیاز، سیر، برگ بو، چوب دارچین، زردچوبه و مقدار کافی آب در قابلمه یا زودپز بپزید تا بافت آن کاملاً نرم شود (در زودپز حدود ۱.۵ ساعت و در قابلمه معمولی ۴ ساعت زمان نیاز است). | پس از پخت کامل، زبان را از آب خارج کرده و تا زمانی که هنوز گرم است، پوست ضخیم روی آن را جدا کنید. سپس گوشت زبان را به صورت حلقه‌های یکسان برش بزنید. | برای تهیه سس بشامل، کره را در یک تابه مناسب روی حرارت ملایم ذوب کرده و آرد سفید را به آن اضافه کنید. آرد را تفت دهید تا بوی خامی آن گرفته شود، اما دقت کنید که تغییر رنگ ندهد. | شیر را به آرامی و در چند مرحله به مخلوط آرد و کره اضافه کنید و مدام با همزن دستی هم بزنید تا گلوله‌های آرد کاملاً باز شده و سس به غلظت مطلوب برسد. | در مرحله آخر، نمک، فلفل سیاه و پودر جوز هندی را به سس اضافه کرده و پس از یک دقیقه از روی حرارت بردارید. | حلقه‌های زبان پخته شده را در ظرف مورد نظر بچینید، سس بشامل داغ را روی تمام سطح آن بریزید و بلافاصله سرو کنید."
"dish-32-1766799342396","پلو زعفرانی مجلسی","polo","پایه اصلی سفره‌های ایرانی با عطر و طعم زعفران.","hot","معتدل رو به گرم","زرشک، زیره یا سماق","350","60","آسان","ایران","برنج ایرانی:4:پیمانه | زعفران دم‌کرده:1:به میزان لازم | کره:50:گرم","برنج را آبکش کرده و با ته‌دیگ دم کنید. | در آخر زعفران و کره آب شده را روی برنج بدهید."
"dish-32-1766876956937","خوراک لوبیا چیتی","khorak","یک خوراک اصیل و محبوب ایرانی که با پخت ملایم لوبیا چیتی، پوره سیب‌زمینی برای لعاب فراوان و عطر متمایز گلپر تهیه می‌شود. این غذا سرشار از پروتئین و فیبر بوده و یک انتخاب عالی برای وعده صبحانه یا شام است.","hot","گرم و تر","روغن زیتون، آبلیموی تازه، دارچین، زنجبیل","380","120","آسان","ایران","لوبیا چیتی:400:گرم | پیاز بزرگ:1:عدد | سیب‌زمینی متوسط:1:عدد | رب گوجه فرنگی:40:قاشق | نمک و فلفل و زردچوبه:0:به میزان لازم | فلفل قرمز:0:به میزان لازم | گلپر:0:به میزان لازم | آبلیموی تازه:30:میلیلیتر | روغن زیتون:30:قاشق | آب:1.5:میلیلیتر","لوبیا چیتی را از شب قبل در آب خیس کرده و چندین بار آب آن را عوض کنید تا نفخ آن گرفته شود. | لوبیاها را به همراه آب در یک قابلمه مناسب بریزید و روی حرارت متوسط قرار دهید تا بجوشد، سپس حرارت را کم کرده و اجازه دهید نیم‌پز شوند. | سیب‌زمینی را پوست کنده و به صورت درسته به قابلمه اضافه کنید تا با لوبیاها کاملاً بپزد. | پیاز را نگینی خرد کرده و در یک تابه با روغن تفت دهید تا طلایی شود. سپس رب گوجه فرنگی، زردچوبه و فلفل را اضافه کرده و تفت دهید تا بوی خامی رب گرفته شود. | سیب‌زمینی پخته شده را از قابلمه خارج کرده، با گوشت‌کوب کاملاً پوره کنید و برای لعاب دادن به خوراک، دوباره به قابلمه برگردانید. | سس پیاز و رب تهیه شده را به قابلمه اضافه کنید و اجازه دهید خوراک با حرارت ملایم جا بیفتد و غلیظ شود. | در ۱۰ دقیقه پایانی پخت، نمک، گلپر و آبلیموی تازه را اضافه کرده و پس از چند قل زدن، خوراک را در ظرف مورد نظر سرو کنید."
"dish-32-1766877137848","خوراک زبان با سس قارچ","khorak","ترکیبی بی‌نظیر از بافت لطیف زبان گوساله پخته شده با سس غنی قارچ و خامه که طعمی بسیار دلپذیر دارد.","balanced","معتدل (متمایل به گرم)","آویشن، فلفل سیاه، دارچین","480","240","متوسط","ایران / بین‌المللی","زبان گوساله:1:عدد | قارچ اسلایس شده:400:گرم | پیاز:2:عدد | سیر:3:حبه | خامه صبحانه:100:گرم | کره:30:گرم | ابلیموی ترش و تازه:1:قاشق | نمک و فلفل سیاه و زرد چوبه:1:به میزان لازم | زعفران دم‌کرده:1:به میزان لازم","زبان را با پیاز، سیر و ادویه‌جات کاملاً بپزید تا نرم شود، سپس پوست کنده و برش بزنید. | در یک تابه، پیاز نگینی خرد شده را تفت دهید تا سبک شود. | قارچ‌های اسلایس شده را اضافه کرده و با حرارت بالا تفت دهید تا آب آن کشیده شود و سپس کره و کمی آبلیمو اضافه کنید. | خامه را با کمی از آب گوشت زبان رقیق کرده و به قارچ‌ها اضافه کنید. | نمک، فلفل و زعفران را افزوده و اجازه دهید سس کمی غلیظ شود. | تکه‌های زبان را درون سس قرار دهید تا طعم سس به خورد گوشت برود یا سس را روی زبان‌ها ریخته و سرو کنید."
"dish-33-1766799342396","گشنیز پلو با کوفته قلقلی","polo","پلوی مخلوط بسیار معطر با گشنیز تازه و کوفته ریزه.","cold","سرد و خشک","زعفران، زیره سیاه، دارچین","480","90","متوسط","ایران","برنج:4:پیمانه | گشنیز تازه:500:گرم | گوشت چرخ کرده:400:گرم","گوشت را قلقلی و سرخ کنید. گشنیز را تفت دهید. | برنج را آبکش کرده و با مخلوط گشنیز و کوفته‌ها دم کنید."
"dish-33-1766876956937","خوراک لوبیا قرمز","khorak","خوراک لوبیا قرمز یکی از غذاهای اصیل و بسیار مقوی ایرانی است که به دلیل فیبر و پروتئین بالا، هم به عنوان یک وعده اصلی کامل و هم به عنوان یک میان‌وعده یا صبحانه گرم و مغذی سرو می‌شود.","hot","گرم و تر","زیره سبز، زنجبیل، روغن زیتون","380","120","متوسط","ایران","لوبیا قرمز:400:پیمانه | پیاز درشت:1:عدد | سیر:1:حبه | رب گوجه فرنگی:50:قاشق | فلفل چیلی یا قرمز به میزان دلخواه:0:به میزان لازم | نمک و زردچوبه به میزان لازم:0:به میزان لازم | روغن مایع:1:به میزان لازم | آب قلم (اختیاری):240:میلی‌لیتر","لوبیا قرمز را که از ۱۲ ساعت قبل در آب خیس کرده‌اید، آبکش کرده و با آب تازه روی حرارت قرار دهید تا کاملاً پخته و نرم شود. | پیاز را به صورت نگینی و ریز خرد کنید و در تابه‌ای با روغن مایع تفت دهید تا طلایی و سبک شود. در دقایق پایانی، سیر له شده را اضافه کنید. | رب گوجه‌فرنگی را به همراه زردچوبه و فلفل قرمز به تابه اضافه کرده و تفت دهید تا بوی خامی رب گرفته شده و رنگ آن باز شود. | مخلوط رب و پیاز داغ را به همراه آب قلم به قابلمه لوبیاهای پخته شده اضافه کنید تا طعم‌ها با هم ترکیب شوند. | حرارت را ملایم کنید و اجازه دهید خوراک به مدت ۳۰ تا ۴۰ دقیقه به خوبی بجوشد تا لعاب بیندازد و غلیظ شود. | در ۱۰ دقیقه پایانی پخت، نمک را اضافه کرده و میزان تندی آن را تنظیم کنید؛ سپس در ظرف مناسب به همراه آبلیمو یا نارنج سرو نمایید."
"dish-33-1766877137848","خوراک زبان گوساله","khorak","یکی از لذیذترین و مجلسی‌ترین خوراک‌ها که بافت بسیار لطیفی دارد. زبان گوساله سرشار از آهن و ویتامین B12 است و با سس قارچ سرو می‌شود.","hot","گرم و تر","سرکه، زیره، گشنیز، ترشیجات","500","390","سخت","ایران","زبان گوساله (حدود ۱ کیلوگرم):1:عدد | پیاز بزرگ:2:عدد | سیر:4:حبه | برگ بو:3:به میزان لازم | چوب دارچین:1:قطعه | کره:50:گرم | قارچ دگمه ای:200:گرم | آرد نخودچی:1:قاشق | نمک و فلفل سیاه و زرد چوبه:1:به میزان لازم","زبان را تمیز شسته و در قابلمه یا زودپز قرار دهید. | پیاز چهارقاچ، سیر، برگ بو، دارچین، زردچوبه و فلفل را اضافه کرده و با آب کافی بپزید (در زودپز ۱.۵ ساعت، در قابلمه ۵ ساعت). | پس از پخت کامل، زبان را از آب خارج کرده و پوست ضخیم روی آن را جدا کنید و برش بزنید. | برای سس: آرد را در کره تفت دهید، قارچ تفت داده شده و یک لیوان از آب صاف شده زبان را اضافه کنید تا غلیظ شود. | برش‌های زبان را در سس قرار دهید تا گرم شوند و طعم بگیرند. | با جعفری و لیموترش سرو کنید."
"dish-34-1766799342396","گل‌کلم پلو","polo","غذایی متفاوت با گل‌کلم تفت داده شده و گوشت چرخ‌کرده.","balanced","معتدل (اصلاح شده با ادویه)","دارچین، زیره، فلفل سیاه","450","75","متوسط","ایران","برنج:4:پیمانه | گل‌کلم خرد شده:1:عدد کوچک | گوشت چرخ کرده:300:گرم","پیاز و گوشت را تفت دهید. گل‌کلم را جداگانه تفت داده و به گوشت اضافه کنید. | برنج را با مواد و دارچین لایه لایه دم کنید."
"dish-34-1766876956937","خوراک لوبیا گرم مجلسی","khorak","خوراک لوبیا چیتی یکی از محبوب‌ترین و مقوی‌ترین غذاهای اصیل ایرانی است که معمولاً به عنوان صبحانه یا شام سرو می‌شود. این نسخه مجلسی با افزودن قارچ و پیاز داغ فراوان، طعمی بی‌نظیر و بافتی غلیظ دارد.","hot","گرم و تر","گلپر، فلفل سیاه، سرکه یا آبلیمو","420","120","متوسط","ایران","لوبیا چیتی:400:گرم | قارچ اسلایس شده:250:گرم | پیاز بزرگ:2:عدد | رب گوجه فرنگی:60:قاشق | گلپر:0:به میزان لازم | نمک و فلفل سیاه:1:به میزان لازم | نمک و فلفل و زردچوبه:0:به میزان لازم | آبلیموی تازه:30:میلیلیتر | روغن زیتون:30:قاشق | آرد نخودچی:25:قاشق | آب:1200:میلیلیتر","لوبیا چیتی را از شب قبل خیس کرده و چندین بار آب آن را عوض کنید تا نفخ آن گرفته شود؛ سپس با ۱۲۰۰ میلی‌لیتر آب روی حرارت ملایم بپزید تا کاملاً نرم شود. | پیازها را به صورت خلالی خرد کرده و در تابه تفت دهید تا کاملاً عسلی و سبک شوند؛ نیمی از پیاز داغ را برای تزیین نهایی کنار بگذارید. | قارچ‌های اسلایس شده را در تابه با حرارت بالا تفت دهید تا آب نیندازند و لبه‌های آن‌ها کمی طلایی شود. | رب گوجه‌فرنگی را به همراه نمک، فلفل و زردچوبه تفت دهید تا بوی خامی آن گرفته شده و رنگ رب باز شود؛ سپس رب و قارچ را به قابلمه لوبیا اضافه کنید. | آرد نخودچی را در مقدار کمی آب سرد کاملاً حل کنید تا گلوله نشود، سپس برای لعاب بیشتر به خوراک اضافه نمایید. | اجازه دهید خوراک روی حرارت ملایم بماند تا کاملاً غلیظ شود. در ۵ دقیقه پایانی، گلپر، روغن زیتون و آبلیموی تازه را اضافه کنید. | خوراک لوبیا را در ظرف مورد نظر کشیده و با پیاز داغ عسلی که کنار گذاشته بودید تزیین و سرو کنید."
"dish-34-1766877137848","کوکو سیب‌زمینی شکم‌پر","khorak","کوکو سیب‌زمینی شکم‌پر یکی از غذاهای مجلسی و خوشمزه ایرانی است که از ترکیب پوره سیب‌زمینی نرم و مغزی معطر گوشتی تهیه می‌شود. این غذا با پوشش سوخاری ترد، گزینه‌ای عالی برای وعده‌های ناهار یا شام است.","balanced","معتدل (به واسطه مصلحات میانی)","سبزی خوردن، خیارشور، زیتون","380","50","متوسط","ایران","سیب‌زمینی پخته:6:عدد | گوشت چرخ کرده:250:گرم | تخم مرغ:2:عدد | پیاز:1:عدد | رب گوجه فرنگی:30:قاشق | جعفری خرد شده:30:گرم | آرد سوخاری:100:گرم | نمک و فلفل و زردچوبه:0:به میزان لازم | پودر سیر:0:حبه | روغن مایع:1:به میزان لازم","ابتدا پیاز را به صورت نگینی خرد کرده و در تابه با مقداری روغن مایع تفت دهید تا سبک و طلایی شود. | گوشت چرخ‌کرده را به همراه زردچوبه، فلفل و پودر سیر به پیاز اضافه کرده و تفت دهید تا رنگ گوشت کاملاً تغییر کند. | رب گوجه‌فرنگی را به تابه اضافه کرده و تفت دهید تا بوی خامی آن گرفته شده و رنگ باز کند. سپس جعفری خرد شده را اضافه نموده، مخلوط کنید و حرارت را خاموش کنید تا مواد میانی خنک شوند. | سیب‌زمینی‌های پخته و خنک شده را رنده یا پوره کنید. سپس تخم‌مرغ‌ها، نمک و مقداری زردچوبه را به آن افزوده و خوب ورز دهید تا مایه ای یکدست و منسجم شکل بگیرد. | به اندازه یک نارنگی از مایه سیب‌زمینی برداشته، در کف دست پهن کنید و یک قاشق از مواد گوشتی را در مرکز آن قرار دهید. لبه‌ها را جمع کرده و به شکل گرد یا بیضی حالت دهید. | کوکوهای آماده را در آرد سوخاری بغلتانید تا تمام سطح آن‌ها پوشش داده شود. سپس در تابه با روغن داغ و حرارت ملایم سرخ کنید تا هر دو طرف آن‌ها برشته و طلایی شود."
"dish-4-1766794336336","آش جو با سیرابی","ash","آش جو با سیرابی یکی از مقوی‌ترین و سنتی‌ترین آش‌های ایرانی است که به دلیل پخت طولانی سیرابی و جو، بافتی بسیار غلیظ و طعمی منحصر‌به‌فرد دارد. این غذا سرشار از پروتئین و فیبر بوده و گزینه‌ای عالی برای وعده‌های زمستانی است.","balanced","معتدل و تر","سرکه و سیر","485","210","متوسط","ایران","سیرابی و شیردان تمیز:1000:پیمانه | جو پوست‌کنده:270:گرم | آرد نخودچی:100:قاشق | عدس:100:پیمانه | سبزی آش:400:گرم | پیاز:4:عدد | سیر:6:حبه | زردچوبه و فلفل سیاه فراوان:0:به میزان لازم | نمک و فلفل و زردچوبه:1:به میزان لازم | آب:2:میلیلیتر | روغن زیتون:60:قاشق","سیرابی و شیردان را پس از شست‌وشوی کامل، به قطعات کوچک خرد کنید. آن را همراه با یک عدد پیاز خرد شده، ۲ حبه سیر و زردچوبه در زودپز ریخته و با آب کافی بپزید تا کاملاً نرم شود. | جو پوست‌کنده و نخود را که از شب قبل خیس کرده‌اید، به صورت جداگانه در قابلمه‌های مناسب بپزید تا کاملاً مغزپخت شوند. | جو پخته شده، نخود و عدس را به همراه آبِ باقی‌مانده از پخت سیرابی به قابلمه اصلی اضافه کنید. در صورت نیاز مقداری آب جوش بیفزایید تا سطح مواد را بپوشاند. | سبزی آش خرد شده را به مواد اضافه کنید و اجازه دهید با حرارت ملایم پخته شود و آش شروع به لعاب انداختن کند. | باقیمانده پیازها را خلالی خرد کرده و در روغن سرخ کنید تا طلایی شوند؛ سپس باقی سیرها را له کرده و به همراه فلفل سیاه فراوان به پیازداغ اضافه کنید و این ترکیب را درون آش بریزید. | اجازه دهید آش با حرارت بسیار کم به مدت ۱ ساعت دیگر بپزد تا کاملاً جا افتاده و غلیظ شود؛ در پایان نمک را اندازه کرده و آش را سرو کنید."
"dish-4-1766799342396","عدس پلو با کوفته ریزه","polo","غذایی مقوی و سرشار از آهن که ترکیب عدس و گوشت قلقلی آن را به یک وعده کامل تبدیل می‌کند.","balanced","معتدل (به دلیل مصلحات)","زیره، خرما، کشمش","500","90","متوسط","ایران","برنج:4:پیمانه | عدس:1.5:پیمانه | گوشت چرخ کرده:300:گرم | کشمش پلویی:1:گرم | چوب دارچین:1:قطعه","عدس را بپزید تا نرم شود. | گوشت را با پیاز رنده شده ورز داده و کوفته‌های ریز درست کرده و سرخ کنید. | برنج را آبکش کنید و لایه لایه با عدس و دارچین دم کنید. | موقع سرو کوفته ریزه‌ها و کشمش تفت داده شده را روی پلو بدهید."
"dish-4-1766876956936","آبگوشت کشک (لرستان/اراک)","khorak","این غذای سنتی که در گویش محلی به آن 'دوگوله دودار' نیز می‌گویند، یکی از غذاهای اصیل و مقوی شهرهای اراک و استان لرستان است که ترکیب بی‌نظیری از گوشت، حبوبات و کشک دارد.","cold","سرد و خشک (به دلیل کشک)","نعناع داغ، سیر داغ، پیاز داغ فراوان، گردو","620","150","متوسط","ایران","گوشت گردن یا دنده گوسفندی:400:گرم | نخود و لوبیا سفید:200:پیمانه | بمجان قلمی (اختیاری):2:عدد | کشک غلیظ:240:میلیلیتر | پیاز:2:عدد | سیر:4:حبه | نعناع خشک:10:قاشق | زردچوبه، نمک و فلفل:0:به میزان لازم | روغن مایع:1:به میزان لازم | آب:1.5:میلیلیتر","نخود و لوبیا را از شب قبل خیس کرده و چند بار آب آن را تعویض کنید تا نفخ آن گرفته شود. | گوشت گردن یا دنده را به همراه حبوبات خیس خورده و یک عدد پیاز درسته و ۱.۵ لیتر آب در قابلمه ریخته و روی حرارت بگذارید تا کاملاً بپزند. | بمجان‌های قلمی را پوست گرفته، نمک زده و پس از نیم ساعت شسته و خشک کنید، سپس در روغن سرخ نمایید. | پس از اینکه گوشت و حبوبات کاملاً پختند، بمجان‌های سرخ شده را به قابلمه اضافه کنید تا کمی نرم شوند. | پیاز دوم را خلالی کرده و در تابه سرخ کنید تا طلایی شود؛ سپس سیر له شده، زردچوبه و نعناع خشک را اضافه کرده و فقط چند ثانیه تفت دهید تا عطر آن‌ها خارج شود. | کشک غلیظ را با کمی آب گرم رقیق کرده و به قابلمه اضافه کنید و اجازه دهید حدود ۲۰ دقیقه بجوشد تا غذا جا بیفتد. | در نهایت نیمی از مخلوط نعناع داغ و پیاز داغ را داخل آبگوشت ریخته و مابقی را برای تزیین روی آن استفاده و سرو کنید."
"dish-4-1766877137846","یتیمچه","khorak","غذایی سنتی، سالم و گیاهی که پایه اصلی آن بادمجان است. این غذا بدون گوشت طبخ می‌شود و طعم دودی بادمجان در آن غالب است.","hot","گرم و خشک","کشک، سرکه، آبغوره یا ماست","250","60","آسان","ایران","بادمجان قلمی:6:عدد | پیاز متوسط:3:عدد | رب گوجه فرنگی:4:قاشق | سیر:4:حبه | سیب‌زمینی (اختیاری):2:عدد | روغن مایع:0:به میزان لازم | نمک و فلفل و زردچوبه:1:به میزان لازم | کره:20:گرم","بادمجان‌ها را پوست بگیرید، مکعبی خرد کنید و نمک بزنید تا تلخی آن‌ها گرفته شود، سپس بشویید و خشک کنید. | پیازها را خلالی کرده و در روغن تفت دهید تا سبک شوند. | سیر خرد شده و زردچوبه را اضافه کنید. | بادمجان‌ها را اضافه کرده و کمی تفت دهید. | گوجه‌فرنگی‌ها و سیب‌زمینی‌های نگینی شده را روی بادمجان‌ها بچینید. | درب ظرف را بگذارید و اجازه دهید با حرارت ملایم و آب گوجه‌فرنگی‌ها غذا پخته شود. | در انتها کره، نمک و فلفل را اضافه کنید و پس از جا افتادن سرو کنید."
"dish-4-1766881812358","شوربا بوقلمون و جو","khorak","شوربای بوقلمون و جو یک غذای کامل، مقوی و سرشار از پروتئین و فیبر است که به دلیل داشتن جو و گوشت بوقلمون، بافتی لعاب‌دار و طعمی دلپذیر دارد. این غذا برای تقویت سیستم ایمنی و فصول سرد سال بسیار مناسب است.","balanced","معتدل (تعدیل گرمی بوقلمون با سردی جو)","آویشن، فلفل سیاه، آبلیموی تازه","425","120","متوسط","ایران","سینه یا ران بوقلمون:400:گرم | جو پوست کنده:200:گرم | هویج رنده شده:150:گرم | پیاز:1:عدد | رب گوجه فرنگی:45:قاشق | گشنیز و جعفری:60:گرم | نمک و فلفل و زردچوبه:0:به میزان لازم | آب لیمو تازه:30:میلی‌لیتر","جو پوست‌کنده را از شب قبل خیس کرده و سپس با مقدار کافی آب بپزید تا کاملاً نرم شده و لعاب بیندازد. | پیاز را نگینی خرد کرده و در کمی روغن تفت دهید تا سبک شود، سپس گوشت بوقلمون خرد شده را به همراه زردچوبه و فلفل اضافه کرده و تفت دهید تا تغییر رنگ دهد. | آب را به قابلمه اضافه کرده و اجازه دهید گوشت بوقلمون با حرارت ملایم به طور کامل پخته و نرم شود. | پس از پخت گوشت، جو پخته شده و هویج رنده شده را به قابلمه اضافه کرده و اجازه دهید مواد با هم بجوشند. | رب گوجه‌فرنگی را در تابه جداگانه‌ای با کمی روغن تفت دهید تا خوش‌رنگ شود و سپس آن را به سوپ اضافه کنید. | در نیم ساعت پایانی پخت، سبزیجات معطر (گشنیز و جعفری) را به همراه نمک و آب لیموی تازه به سوپ اضافه کرده و اجازه دهید سوپ کاملاً جا افتاده و غلیظ شود."
"dish-4-1766883317766","خورش کدو تنبل ترش","stew","یک خورش اصیل و خوش طعم ایرانی که از ترکیب کدو تنبل، گوشت و چاشنی رب انار تهیه می‌شود. این غذا به دلیل داشتن گردو و کدو تنبل بسیار مغذی است و طعمی ملس و لذیذ دارد.","cold","سرد و تر","عسل، دارچین، ادویه‌های گرم","475","60","متوسط","ایران","کدو تنبل پوست گرفته و مکعبی خرد شده:500:گرم | گوشت چرخ کرده:300:گرم | پیاز متوسط:2:عدد | رب انار:30:قاشق | گردوی آسیاب شده:100:گرم | نمک و فلفل و زردچوبه:1:به میزان لازم | روغن مایع:1:به میزان لازم","پیازها را به صورت نگینی خرد کرده و در قابلمه با مقداری روغن تفت دهید تا سبک و طلایی شوند. | گوشت چرخ‌کرده را به همراه زردچوبه و فلفل به پیازها اضافه کنید و تفت دهید تا رنگ گوشت تغییر کرده و کاملاً سرخ شود. | گردوی آسیاب شده را به مخلوط گوشت اضافه کرده و حدود یک دقیقه تفت دهید، سپس دو پیمانه آب ولرم اضافه کنید و اجازه دهید با حرارت ملایم بپزد. | کدو تنبل‌های مکعبی را در یک تابه جداگانه با کمی روغن تفت دهید تا در حین پخت خورش فرم خود را حفظ کرده و له نشوند. | پس از حدود ۳۰ دقیقه که گوشت و گردو پختند، کدوهای تفت داده شده را به همراه رب انار ملس به خورش اضافه کنید. | نمک خورش را اندازه کرده و اجازه دهید خورش به مدت ۲۰ تا ۳۰ دقیقه دیگر با حرارت ملایم بجوشد تا کاملاً جا بیفتد و روغن بیندازد. | خورش آماده شده را در ظرف مناسب کشیده و به همراه کته زعفرانی سرو کنید."
"dish-4-1766883592583","مسمای بادمجان","stew","مسمای بادمجان یکی از اصیل‌ترین و محبوب‌ترین خورش‌های ایرانی است که از ترکیب گوشت گوسفندی نرم، بادمجان‌های سرخ‌شده و چاشنی غوره تهیه می‌شود. این غذا به دلیل طعم ملس و عطر دارچین، انتخابی عالی برای مجالس است.","cold","سرد و خشک","ادویه گرم، زیره و دارچین","480","150","متوسط","ir","گوشت گوسفندی (ماهیچه یا سردست):500:گرم | بادمجان قلمی:6:عدد | پیاز:2:عدد | رب گوجه فرنگی:60:قاشق | غوره تازه یا کنسروی:100:قاشق | رب گوجه فرنگی:2:قاشق | نمک و فلفل و زردچوبه:1:به میزان لازم | نمک و فلفل و زردچوبه:1:به میزان لازم | نمک و فلفل و زردچوبه:1:به میزان لازم | چوب دارچین:1:قطعه | روغن مایع:1:به میزان لازم | آب:1000:میلیلیتر","پیازها را به صورت نگینی خرد کرده و در قابلمه با مقداری روغن تفت دهید تا سبک و طلایی شوند. | گوشت گوسفندی را به پیاز اضافه کرده و همراه با زردچوبه و فلفل سرخ کنید تا رنگ گوشت تغییر کند، سپس آب را اضافه کرده و اجازه دهید گوشت با حرارت ملایم بپزد. | بادمجان‌ها را پوست کنده، بر روی آن‌ها نمک بپاشید و پس از ۳۰ دقیقه تلخی آن‌ها را گرفته، شسته و پس از خشک کردن در روغن سرخ کنید. | رب گوجه فرنگی را در تابه جداگانه‌ای تفت داده تا بوی خامی آن گرفته شود و سپس در اواسط زمان پخت به قابلمه گوشت اضافه کنید. | در یک ساعت پایانی پخت، بادمجان‌های سرخ شده، گوجه‌فرنگی‌های دو نیم شده و غوره‌ها را به آرامی روی گوشت بچینید. | چوب دارچین را به خورش اضافه کرده، نمک را اندازه کنید و اجازه دهید خورش با آب کم کاملاً جا افتاده و روغن بیندازد."
"dish-4-1766883843657","خورش تره کردستان","stew","خورش تره یکی از لذیذترین غذاهای محلی استان کردستان است که شباهت زیادی به قورمه‌سبزی دارد، اما به دلیل استفاده از تره فراوان و گوشت چرخ‌کرده، طعمی منحصربه‌فرد داشته و سریع‌تر آماده می‌شود.","hot","گرم و خشک","ماست چکیده یا سماق","465","90","متوسط","ir","گوشت چرخ کرده:400:گرم | تره پاک شده و خرد شده ۵۰۰ گرم:500:گرم | پیاز درشت ۱ عدد:1:عدد | لوبیا سفید یا چیتی (اختیاری) نصف پیمانه:100:پیمانه | رب گوجه فرنگی:30:قاشق | پودر لیمو عمانی یا گرد غوره ۱ قاشق مرباخوری:5:قاشق | نمک و فلفل سیاه و زرد چوبه:1:به میزان لازم | زرشک (برای تزئین) ۲ قاشق غذاخوری:20:پیمانه | آب جوش:800:میلیلیتر | روغن مایع:1:به میزان لازم","پیاز را به صورت نگینی ریز خرد کرده و در یک قابلمه مناسب با مقداری روغن تفت دهید تا سبک و طلایی شود. | گوشت چرخ‌کرده را به پیاز اضافه کنید و به خوبی تفت دهید تا رنگ آن تغییر کرده و آب گوشت کشیده شود. | زردچوبه، فلفل سیاه و رب گوجه‌فرنگی را به مخلوط گوشت و پیاز اضافه کنید و تفت دهید تا بوی خامی رب گرفته شده و رنگ آن کاملاً باز شود. | تره‌های خرد شده را در یک تابه جداگانه با کمی روغن تفت دهید تا آب آن‌ها تبخیر شود، سپس تره‌های تفت داده شده را به قابلمه اصلی اضافه کنید. | لوبیا را که از قبل خیس کرده‌اید به مواد اضافه کنید. سپس آب جوش را روی مواد بریزید و پس از جوش آمدن، حرارت را ملایم کنید تا خورش جا بیفتد. | در ۱۵ دقیقه پایانی پخت، نمک و پودر لیمو عمانی (یا گرد غوره) را اضافه کنید تا طعم‌ها با هم ترکیب شوند. غلظت خورش باید در نهایت زیاد و کم‌آب باشد. | در انتها خورش را در ظرف مورد نظر سرو کرده و با زرشک تفت داده شده تزئین کنید. این غذا معمولاً همراه با برنج ایرانی سرو می‌شود."
"dish-4-1766884212693","خورش فسنجان شیرین قزوینی","stew","یک نسخه سنتی و مجلسی از خورش فسنجان متعلق به شهر قزوین که با طعم کاملاً شیرین، رنگ روشن‌تر به دلیل استفاده از زعفران و قوام بسیار غلیظ شناخته می‌شود.","hot","گرم و تر","خوردن با ماست یا دوغ، گشنیز","820","180","متوسط","ir","گردوی چرخ‌کرده:350:گرم | گوشت چرخ کرده:300:گرم | پیاز:1:عدد | رب انار:45:قاشق | شکر (یا شیره انگور):75:پیمانه | زعفران دم‌کرده غلیظ:1:به میزان لازم | نمک و زردچوبه:0:به میزان لازم | آب سرد:1000:لیتر","گردوی چرخ‌کرده را همراه با آب سرد در قابلمه ریخته و روی حرارت ملایم قرار دهید تا به مدت ۲ الی ۳ ساعت بپزد و روغن گردو کاملاً خارج شود. | گوشت چرخ کرده را با پیاز رنده شده که آب آن گرفته شده، نمک و زردچوبه مخلوط کرده، ورز دهید و به صورت کوفته‌قلقلی‌های کوچک سرخ کنید. | کوفته‌قلقلی‌های سرخ شده را به قابلمه خورش اضافه کرده و اجازه دهید با گردو بپزند. | رب انار شیرین و شکر (یا شیره انگور) را به خورش اضافه کنید تا طعم شیرین و رنگ قهوه‌ای ملایم پیدا کند. | در نیم ساعت پایانی پخت، زعفران دم‌کرده غلیظ را برای عطر و رنگ بهتر به خورش بیفزایید. | صبر کنید تا خورش کاملاً جا افتاده، بسیار غلیظ و کم‌آب شود و روغن بیندازد، سپس آن را همراه با چلو سرو کنید."
"dish-4-1766956020736","سوپ شیر","soup","سوپ شیر یکی از لذیذترین و محبوب‌ترین سوپ‌های رستورانی و مجلسی ایرانی است که با ترکیبی از جو، شیر، مرغ و سبزیجات تهیه شده و بافتی کرمی و طعمی ملایم دارد.","cold","undefined","فلفل سیاه، زیره، آویشن، آب‌لیمو (برای هضم چربی)","1150","90","متوسط","ir","جو پوست کنده:200:گرم | شیر:1000:پیمانه | سینه مرغ:250:گرم | هویج متوسط (نگینی ریز):150:گرم | پیاز:1:عدد | جعفری خرد شده:50:گرم | کره:50:گرم | نمک و فلفل سیاه و زرد چوبه:1:به میزان لازم | قارچ ورقه شده:200:گرم","جو پوست کنده را از حداقل ۳ ساعت قبل خیس کنید، سپس با مقداری آب روی حرارت بگذارید تا کاملاً بپزد، نرم شود و لعاب بیندازد. | سینه مرغ را به همراه پیاز، کمی نمک و زردچوبه بپزید و پس از خنک شدن، آن را به صورت ریش‌ریش یا نگینی ریز خرد کنید. | هویج‌های نگینی شده را به جو پخته شده اضافه کنید تا در کنار هم پخته و نرم شوند. | قارچ‌های ورقه شده را در تابه با مقداری کره و چند قطره آب‌لیمو تفت دهید تا آب آن‌ها کاملاً کشیده شود و سفید بمانند، سپس به قابلمه سوپ اضافه کنید. | شیر را در ظرفی جداگانه گرم کنید (تا از بریدن آن در سوپ جلوگیری شود) و به آرامی به مخلوط جو و هویج اضافه نمایید. | مرغ ریش‌ریش شده را به سوپ اضافه کرده و اجازه دهید سوپ با حرارت بسیار ملایم بجوشد تا کاملاً جا بیفتد و غلیظ شود. | در مرحله آخر، نمک و فلفل سیاه را اندازه کنید. سوپ را در ظرف مورد نظر کشیده و با جعفری خرد شده تزیین کنید."
"dish-4-1766956416038","کالباس سبزیجات","fastfood","یک کالباس خانگی کاملاً گیاهی و مغذی که با پوره لوبیا سفید و سبزیجات تازه تهیه می‌شود. این غذا گزینه‌ای عالی و سالم برای ساندویچ‌ها و رژیم‌های گیاه‌خواری است.","balanced","معتدل و تر","زیره سبز","260","80","متوسط","ایران","لوبیا سفید پخته:400:پیمانه | قارچ ریز شده:60:گرم | ذرت پخته:75:گرم | فلفل دلمه‌ای رنگی:35:عدد | آبرد سویا:36:گرم | پودر آگار آگار:10:گرم | سیر:2:حبه | ادویه کاری:0:به میزان لازم | روغن کنجد:30:به میزان لازم","لوبیا سفید پخته شده را در غذاساز ریخته یا با گوشت‌کوب کاملاً له کنید تا به شکل یک پوره کاملاً نرم و یکدست درآید. | قارچ‌های ریز شده، ذرت پخته و فلفل دلمه‌ای رنگی را به پوره لوبیا اضافه کرده و به خوبی با هم مخلوط کنید. | سیرهای له شده را به همراه ادویه کاری، روغن کنجد و آبرد سویا به مواد اضافه نمایید و ورز دهید تا طعم‌ها یکنواخت شوند. | پودر آگار آگار را در مقدار بسیار کمی آب گرم حل کرده و بلافاصله به مایه کالباس اضافه کنید تا بافت آن منسجم شود. | مایه آماده شده را روی چند لایه سلفون پهن کرده، به شکل استوانه‌ای محکم بپیچید و دو طرف آن را با نخ یا گره محکم ببندید تا هوا وارد آن نشود. | رول کالباس را درون دستگاه بخارپز یا روی سبد بخارپز قرار داده و به مدت ۱ ساعت اجازه دهید با حرارت ملایم بپزد. | پس از پخت، کالباس را از بخارپز خارج کرده و اجازه دهید کاملاً خنک شود، سپس آن را به مدت حداقل ۴ ساعت در یخچال قرار دهید تا کاملاً سفت شده و آماده برش زدن شود."
"dish-4-1766956905814","کباب نگین‌دار","kabab","نوعی کباب کوبیده مجلسی که با قطعات کوچک سینه مرغ زعفرانی تزئین (نگین‌کاری) شده است و ترکیبی زیبا و خوش‌طعم ایجاد می‌کند.","balanced","معتدل (ترکیب گوشت قرمز گرم و مرغ سرد)","سماق، گوجه کبابی","500","40","سخت","ایران","مایه کباب کوبیده (مخلوط گوسفند و گوساله):800:گرم | سینه مرغ:300:گرم | پیاز:1:عدد | زعفران دم‌کرده:0:به میزان لازم | نمک و فلفل و زردچوبه:1:به میزان لازم | ابلیموی ترش و تازه:1:قاشق","مایه کباب کوبیده را طبق دستور استاندارد آماده کرده و ورز می‌دهیم. | سینه مرغ را به قطعات کوچک مکعبی خرد می‌کنیم. | تکه‌های مرغ را با آب پیاز، زعفران، آبلیمو و نمک مزه‌دار می‌کنیم. | گوشت کوبیده را به سیخ می‌کشیم. | تکه‌های مرغ مزه‌دار شده را با فشار ملایم درون بافت کباب کوبیده روی سیخ جای می‌دهیم تا مانند نگین دیده شوند. | سیخ‌ها را با احتیاط روی زغال کباب می‌کنیم تا مرغ و گوشت همزمان بپزند."
"dish-4-1766958808663","Beef Bourguignon (بیف بورگینیون - فرانسه)","international","یکی از اصیل‌ترین و لذیذترین خورش‌های کلاسیک فرانسوی که با آرام پختن گوشت گوساله در سسی غنی از شراب قرمز، عصاره گوشت و سبزیجات معطر تهیه می‌شود.","hot","گرم و تر","آویشن یا رزماری","620","180","متوسط","فرانسه","گوشت گوساله (ران یا سردست, مکعبی خرد شده):800:گرم | بیکن (ریز خرد شده):150:گرم | آرد نخودچی:30:قاشق | شراب قرمز خشک (ترجیحا بورگوندی):300:میلی‌لیتر | آب گوشت:500:میلی‌لیتر | پیاز متوسط (خلالی خرد شده):2:عدد | هویج متوسط (حلقه‌ای خرد شده):200:گرم | قارچ دگمه ای:250:گرم | سیر (له شده):3:حبه | رب گوجه فرنگی:30:قاشق | روغن زیتون:30:قاشق | بوکه گارنی (چند شاخه آویشن، برگ بو و جعفری که با نخ بسته شده‌اند):1:به میزان لازم | نمک و فلفل سیاه و زرد چوبه:1:به میزان لازم | جعفری تازه برای تزیین:20:به میزان لازم","بیکن خرد شده را در یک قابلمه بزرگ و سنگین (مثل چدنی) روی حرارت متوسط تفت دهید تا ترد شود و چربی آن خارج شود. بیکن را از قابلمه خارج کرده و کنار بگذارید، چربی بیکن را در قابلمه نگه دارید. | تکه‌های گوشت گوساله را با نمک و فلفل مزه‌دار کنید و در آرد بغلتانید. گوشت‌ها را در چربی بیکن (و در صورت نیاز کمی روغن زیتون) از هر طرف سرخ کنید تا قهوه‌ای شوند. گوشت‌ها را خارج کرده و کنار بگذارید. | پیاز و هویج خرد شده را به قابلمه اضافه کنید و به مدت ۸-۱۰ دقیقه تفت دهید تا نرم شوند. سیر له شده را اضافه کرده و ۱ دقیقه تفت دهید. | رب گوجه‌فرنگی را اضافه کرده و ۲ دقیقه تفت دهید. شراب قرمز را اضافه کنید و اجازه دهید بجوشد و الکل آن تبخیر شود (حدود ۵ دقیقه). | آب گوشت، بوکه گارنی، گوشت سرخ شده و بیکن ترد شده را به قابلمه اضافه کنید. نمک و فلفل را تنظیم کنید. اجازه دهید سس به جوش آید. | حرارت را کم کنید، درب قابلمه را محکم بگذارید و به مدت ۲.۵ تا ۳ ساعت روی حرارت ملایم یا در فر با دمای ۱۶۰ درجه سانتی‌گراد بپزید تا گوشت کاملا نرم و لطیف شود. | در ۳۰ دقیقه پایانی پخت، قارچ‌ها را اضافه کنید. بوکه گارنی را از خورش خارج کنید. مزه را تنظیم کنید. | بیف بورگینیون را داغ با پوره سیب‌زمینی، نودل یا نان ترد سرو کنید و با کمی جعفری تازه تزیین کنید."
"dish-4-1766959134379","دوشباره (دوشباره - آذربایجان)","international","دوشباره یکی از غذاهای سنتی و بسیار لذیذ آذربایجان است که شامل پیراشکی‌های خمیری بسیار کوچک پر شده با گوشت است که در آب گوشت پخته و با چاشنی سیر و سرکه سرو می‌شود.","balanced","معتدل و تر","سیر یا نعناع خشک","420","90","Hard","آذربایجان","آرد گندم (برای خمیر):400:گرم | تخم‌مرغ:1:عدد | نمک و فلفل و زردچوبه:1:به میزان لازم | آب:150:میلیلیتر | گوشت چرخ کرده:300:گرم | پیاز کوچک (ریز خرد شده):1:عدد | نمک و فلفل سیاه:1:به میزان لازم | نعناع خشک یا گشنیز خرد شده (اختیاری):10:قاشق | آب گوشت:2000:میلی‌لیتر | سرکه:60:به میزان لازم | سیر له شده:4:حبه | نعناع خشک برای سرو:5:قاشق","برای تهیه خمیر: آرد را در کاسه‌ای بزرگ ریخته، نمک و تخم‌مرغ را به آن اضافه کنید. آب را به تدریج اضافه کرده و ورز دهید تا خمیری سفت، یکدست و بدون چسبندگی به دست آید. روی خمیر را پوشانده و ۳۰ دقیقه در دمای محیط استراحت دهید. | برای تهیه مواد میانی: گوشت چرخ‌کرده را با پیاز بسیار ریز خرد شده، نمک، فلفل سیاه و نعناع خشک یا گشنیز مخلوط کرده و به خوبی ورز دهید تا کاملاً منسجم شود. | خمیر را به چند قسمت تقسیم کرده و هر قسمت را روی سطح آردپاشی شده با وردنه بسیار نازک (به ضخامت حدود ۱ میلی‌متر) باز کنید. | خمیر باز شده را با چاقو یا قالب به مربع‌های بسیار کوچک (حدود ۲ در ۲ سانتی‌متر) برش بزنید. | مقدار بسیار کمی از مخلوط گوشت را در مرکز هر مربع قرار داده و لبه‌های خمیر را به هم بچسبانید تا شکل بقچه‌های کوچک یا مثلثی ایجاد شود. این مرحله نیاز به دقت و ظرافت زیادی دارد. | آب گوشت را در یک قابلمه بزرگ به جوش آورید. دوشباره‌های آماده شده را به آرامی در آب گوشت در حال جوش بریزید. | اجازه دهید دوشباره‌ها به مدت ۷ تا ۱۰ دقیقه بپزند تا زمانی که خمیر و گوشت پخته شده و دوشباره‌ها روی سطح آب شناور شوند. | دوشباره را در ظرف سرو ریخته و در کنار آن مخلوط سرکه و سیر له شده را قرار دهید تا هر فرد طبق ذائقه خود اضافه کند. در نهایت با کمی نعناع خشک تزیین کنید."
"dish-4-1766961078329","منسف اردنی (Mansaf)","international","منسف اصیل‌ترین غذای ملی اردن است که از ترکیب گوشت بره پخته شده در سس ماست خشک (جمید) تهیه شده و روی لایه‌ای از نان شراک و برنج زعفرانی سرو می‌شود. این غذا نماد مهمان‌نوازی در فرهنگ عربی است.","hot","گرم و تر","سبزیجات تازه | ترشی","1150","150","متوسط","اردن","گوشت بره (ران یا شانه):1500:گرم | جمید (ماست خشک اردنی):500:گرم | برنج باسماتی:540:پیمانه | نان شراک (یا نان لواش نازک):4:عدد | روغن نباتی یا کره حیوانی:45:گرم | پیاز بزرگ:1:عدد | ادویه منسف (هل، فلفل سیاه، زردچوبه):0:به میزان لازم | نمک و فلفل و زردچوبه:1:به میزان لازم | مغز بادام یا کاج تفت داده شده برای تزیین:50:گرم | جعفری تازه خرد شده برای تزیین:30:به میزان لازم","جمید را از شب قبل در آب گرم خیس کنید تا کاملا نرم شود، سپس آن را در مخلوط‌کن با کمی آب میکس کنید تا سس ماست یکدستی به دست آید. | گوشت بره را به قطعات بزرگ تقسیم کرده و با پیاز خرد شده، نمک و ادویه منسف در یک قابلمه بزرگ قرار دهید و روی آن را با آب بپوشانید. | اجازه دهید گوشت به مدت ۱.۵ تا ۲ ساعت روی حرارت ملایم بپزد تا کاملا نرم شود؛ در ابتدای پخت حتما کف روی آب گوشت را بگیرید. | سس جمید میکس شده را به آرامی به آبگوشت صاف شده اضافه کنید و روی حرارت هم بزنید تا غلیظ شود، سپس گوشت‌ها را به سس برگردانید تا طعم بگیرند. | برنج را با کمی روغن و زردچوبه به صورت کته یا آبکش دم کنید تا دانه‌دانه و معطر شود. | برای سرو، نان‌های شراک را در یک سینی بزرگ پهن کرده و کمی سس روی آن‌ها بریزید، سپس برنج را روی نان ریخته، گوشت را روی آن بچینید و با مغزیجات تزیین کرده و مابقی سس را در کنار آن سرو کنید."
"dish-4-1766961391029","Pani Puri / Golgappe (پانی پوری / گل گپه - هند)","international","پانی پوری یکی از محبوب‌ترین غذاهای خیابانی هند و پاکستان است که از نان‌های کوچک، ترد و میان‌تهی تشکیل شده و با مخلوطی از مواد پخته و آب طعم‌دار تند و ترش پر می‌شود.","balanced","معتدل و خشک","آبلیمو یا نعناع","320","45","متوسط","هند","پوری آماده:24:عدد | سیب‌زمینی پخته:300:عدد | نخود پخته شده:200:گرم | پیاز قرمز:1:عدد | گشنیز تازه:30:گرم | پودر چات ماسالا:0:به میزان لازم | برگ گشنیز و نعناع تازه:50:گرم | زنجبیل رنده شده:15:به میزان لازم | فلفل سبز:2:عدد | آب سرد:1000:لیتر | نمک به مقدار لازم:0:به میزان لازم","برای تهیه مواد میانی، سیب‌زمینی پخته را له کرده و با نخود پخته، پیاز قرمز نگینی خرد شده و گشنیز تازه ساطوری شده مخلوط کنید. | مقداری پودر چات ماسالا و نمک به مخلوط سیب‌زمینی اضافه کرده و مواد را به خوبی با هم ترکیب کنید و کنار بگذارید. | برای تهیه آب (پانی)، برگ گشنیز و نعناع تازه را همراه با فلفل سبز و زنجبیل رنده شده در مخلوط‌کن بریزید تا به صورت خمیر یکنواخت درآید. | خمیر سبزیجات به دست آمده را در یک پارچ ریخته، آب سرد را به آن اضافه کنید و به خوبی هم بزنید؛ سپس برای شفافیت بیشتر، آن را از صافی رد کنید. | طعم آب را با نمک و چات ماسالا تنظیم کنید تا تندی و ترشی آن متعادل شود. | برای سرو، یک حفره کوچک در مرکز هر پوری آماده ایجاد کنید، مقداری از مواد میانی را داخل آن قرار دهید. | پوری پر شده را در ظرف آب تند (پانی) فرو برده و بلافاصله قبل از اینکه تردی نان از بین برود میل کنید."
"dish-4-1766963128331","روگن جوش (Rogan Josh)","international","روگن جوش یکی از مشهورترین غذاهای منطقه کشمیر در هند است که با گوشت بره یا گوساله، ماست و ترکیبی از ادویه‌های معطر تهیه می‌شود. این خورش خوش‌رنگ و لعاب به دلیل استفاده از فلفل کشمیری و ادویه‌های گرم، طعمی لذیذ و اصیل دارد.","hot","گرم و خشک","نعناع یا هل سبز","480","120","متوسط","هند","گوشت بره یا گوساله:500:گرم | ماست:240:میلیلیتر | زنجبیل و سیر رنده شده:3:حبه | پیاز متوسط:2:عدد | روغن مایع:1:به میزان لازم | پودر فلفل کشمیری (یا پاپریکا):0:به میزان لازم | پودر زیره و گشنیز:0:به میزان لازم | پودر زردچوبه:0:به میزان لازم | گرم ماسالا:0:به میزان لازم | هل سبز، میخک، دارچین:0:به میزان لازم | نمک و فلفل و زردچوبه:1:به میزان لازم","گوشت را با نیمی از زنجبیل و سیر رنده شده، مقداری نمک و ماست مزه‌دار کرده و به مدت ۳۰ دقیقه در یخچال قرار دهید تا طعم‌ها به خورد گوشت برود. | در یک قابلمه مناسب، روغن یا کره حیوانی را گرم کنید. سپس ادویه‌های کامل شامل هل، میخک و چوب دارچین را اضافه کرده و کمی تفت دهید تا عطر آن‌ها آزاد شود. | پیازهای خرد شده را به قابلمه اضافه کنید و تفت دهید تا کاملاً طلایی و سبک شوند. | باقی‌مانده زنجبیل و سیر رنده شده را به پیازها اضافه کنید و برای یک دقیقه دیگر تفت دهید. | پودر فلفل کشمیری، زیره، گشنیز و زردچوبه را اضافه کرده و سریع هم بزنید تا ادویه‌ها تفت بخورند اما نسوزند. | گوشت مزه‌دار شده را به همراه سس ماست به قابلمه اضافه کنید و با حرارت متوسط تفت دهید تا رنگ گوشت تغییر کند. | مقدار کافی آب گرم به قابلمه اضافه کنید، درب آن را بگذارید و اجازه دهید با حرارت بسیار ملایم به مدت ۱.۵ تا ۲ ساعت بپزد تا گوشت کاملاً نرم شده و سس خورش غلیظ شود. | در ۱۰ دقیقه پایانی پخت، پودر گرم ماسالا را برای حفظ عطر آن اضافه کنید و نمک غذا را اندازه نمایید."
"dish-4-1766972486975","Tamale (تامالی مکزیکی)","international","تامالی یک غذای اصیل و سنتی مکزیکی است که از خمیر ذرت (ماسا) پر شده با مواد متنوع و معطر تهیه می‌شود. این مواد در برگ‌های خشک ذرت پیچیده شده و به صورت بخارپز پخته می‌شوند تا بافتی نرم و طعمی لذیذ پیدا کنند.","balanced","undefined","پودر چیلی و لیموترش","380","90","متوسط","مکزیک","برگ ذرت خشک:20:عدد | آرد ماسا:250:گرم | روغن گیاهی:120:میلی‌لیتر | آب مرغ:360:میلی‌لیتر | بیکینگ پودر:5:گرم | نمک و فلفل و زردچوبه:1:به میزان لازم | گوشت مرغ پخته و ریش ریش شده:300:گرم | سس سالسا قرمز:240:میلیلیتر | پیاز:1:عدد | سیر:2:حبه | ادویه شامل پودر زیره و چیلی:0:به میزان لازم","برگ‌های ذرت خشک را در یک ظرف بزرگ قرار داده و روی آن‌ها آب گرم بریزید. اجازه دهید حداقل ۱ ساعت خیس بخورند تا کاملاً نرم و انعطاف‌پذیر شوند. سپس آن‌ها را آبکشی کرده و خشک کنید. | در یک کاسه بزرگ، روغن گیاهی را با همزن برقی بزنید تا کمی سبک شود. آرد ماسا، بیکینگ پودر و کمی نمک را اضافه کنید. | آب مرغ را به تدریج به مخلوط آرد اضافه کرده و هم بزنید تا خمیری نرم، یکدست و کمی چسبناک به دست آید. خمیر را برای مدتی کنار بگذارید تا استراحت کند. | برای تهیه مواد میانی، پیاز نگینی شده و سیر له شده را در کمی روغن تفت دهید. سپس گوشت مرغ ریش‌ریش شده، سس سالسا، زیره و پودر چیلی را اضافه کرده و چند دقیقه تفت دهید تا طعم‌ها به خوبی ترکیب شوند. | یک برگ ذرت را باز کرده و حدود ۲ قاشق غذاخوری از خمیر ماسا را روی قسمت پهن برگ پخش کنید. توجه داشته باشید که از لبه‌ها فاصله بگذارید. | یک قاشق از مواد میانی مرغ را در مرکز خمیر قرار دهید. لبه‌های برگ ذرت را از دو طرف به سمت مرکز جمع کنید و سپس قسمت باریک پایین برگ را به سمت بالا تا کنید تا بسته کاملاً محکم شود. | تامالی‌ها را به صورت ایستاده (به طوری که دهانه باز آن‌ها رو به بالا باشد) در سبد بخارپز قرار دهید. در قابلمه آب ریخته و اجازه دهید تامالی‌ها به مدت ۱ تا ۱.۵ ساعت بخارپز شوند. | پس از پخت، تامالی‌ها را از بخارپز خارج کرده و ۱۰ دقیقه صبر کنید تا کمی خنک شوند، سپس برگ ذرت را جدا کرده و با سس دلخواه سرو کنید."
"dish-4-1769808192409","یوغورتلو تانتونی (تانتونی با سس ماست)","international","یوغورتلو تانتونی یکی از لذیذترین انواع تانتونی است که در آن رول‌های نان و گوشت با سس ماست سیردار و سس کره و فلفل پوشانده می‌شوند. این غذا ترکیبی بی‌نظیر از طعم‌های اصیل مدیترانه‌ای و بافت‌های متفاوت است.","معتدل","undefined","نعناع خشک و گردو","680","45","متوسط","ترکیه","گوشت گوساله ریز شده:500:گرم | ماست چکیده:500:پیمانه | سیر:3:حبه | کره:50:گرم | نان لواش:4:عدد | رب فلفل:20:گرم | نمک و فلفل و زردچوبه:1:به میزان لازم | پولبیبر:0:به میزان لازم | جعفری خرد شده:30:گرم","گوشت گوساله را به صورت نگینی بسیار ریز خرد کرده و در تابه با کمی روغن و آب تفت دهید تا کاملا پخته و مغزپخت شود. | گوشت‌های سرخ شده را در لبه نان لواش قرار داده و نان را به صورت رول‌های محکم و یکدست بپیچید. | رول‌های آماده شده را با یک چاقوی تیز به قطعاتی با عرض ۳ سانتی‌متر برش بزنید و آن‌ها را به صورت ایستاده یا خوابیده در ظرف سرو بچینید. | سیرها را کاملا له کرده و با ماست چکیده مخلوط کنید تا یکدست شود، سپس این ترکیب را روی لقمه‌های تانتونی بریزید. | کره را در یک تابه کوچک ذوب کنید، رب فلفل و پولبیبر را به آن اضافه کرده و برای چند ثانیه تفت دهید تا عطر و رنگ فلفل آزاد شود. | سس کره و فلفل داغ را بلافاصله روی لایه ماست ریخته و در نهایت با جعفری خرد شده تزئین و سرو کنید."
"dish-4-1769901425087","خاگینه ذرت و پنیر","international","یک غذای سریع، لذیذ و مغذی که ترکیبی عالی از ذرت شیرین، تخم‌مرغ و پنیر ذوب شده است و گزینه‌ای مناسب برای صبحانه یا یک شام سبک محسوب می‌شود.","معتدل","undefined","آویشن و سیاه دانه","840","15","آسان","ir","ذرت پخته شده:200:گرم | تخم‌مرغ:6:عدد | پنیر پیتزا یا فتا:100:گرم | فلفل دلمه‌ای نگینی:40:عدد | نمک و فلفل سیاه و زرد چوبه:1:به میزان لازم | کره برای سرخ کردن:30:گرم","تخم‌مرغ‌ها را در یک کاسه مناسب شکسته و به همراه نمک و فلفل سیاه با یک چنگال یا مفتول دستی به خوبی بزنید تا از لختگی خارج شده و کمی پف کند. | ذرت پخته شده و فلفل دلمه‌ای نگینی را به مایه تخم‌مرغ اضافه کرده و مواد را با هم مخلوط نمایید. | کره را در یک تابه نچسب روی حرارت ملایم ذوب کنید تا تمام سطح تابه را بپوشاند. | مایه آماده شده را به آرامی در تابه بریزید و با پشت قاشق سطح آن را یکنواخت کنید. | پنیر پیتزا یا پنیر فتا خرد شده را به صورت یکدست روی سطح خاگینه پخش کنید. | درب تابه را بگذارید و اجازه دهید با حرارت ملایم تخم‌مرغ‌ها کاملاً ببندند و پنیر روی آن ذوب شود. | خاگینه آماده شده را به قطعات دلخواه برش زده و در ظرف مورد نظر سرو کنید."
"dish-4-1769902135931","کاچی کرمانی (روغن جوشی)","dessert","کاچی کرمانی یا روغن جوشی یکی از اصیل‌ترین و مقوی‌ترین دسرهای سنتی استان کرمان است که با ترکیب آرد تفت داده شده، روغن حیوانی و ادویه‌های مخصوص با طبع گرم تهیه می‌شود. این دسر به دلیل کالری بالا و مواد مغذی، انتخابی ایده‌آل برای تقویت قوای جسمانی و دوران نقاهت است.","گرم","undefined","ماست یا خرفه","420","60","متوسط","ir","آرد سه بار الک شده:125:گرم | روغن حیوانی:100:میلی‌لیتر | داروی کاچی (زیره، بادیان، زنیان، میخک و...):10:گرم | شکر:200:به میزان لازم | آب:1200:میلیلیتر | زعفران فراوان:0:به میزان لازم","آرد را پس از سه بار الک کردن در یک قابلمه مناسب ریخته و همراه با روغن حیوانی تفت دهید تا خامی آرد گرفته شده و رنگ آن به قهوه‌ای روشن متمایل شود. | ادویه مخصوص (داروی کاچی) را به آرد سرخ شده اضافه نمایید و حدود یک دقیقه تفت دهید تا عطر ادویه‌ها کاملاً آزاد شود. | شکر را در آب حل کرده و اجازه دهید به دمای جوش برسد، سپس شربت داغ را به آرامی به مخلوط آرد و روغن اضافه کرده و سریع هم بزنید تا گلوله‌های آرد کاملاً باز شود. | زعفران دم‌کرده را به قابلمه افزوده و مواد را به خوبی ترکیب کنید تا بافتی یکدست و رنگی درخشان پیدا کند. | درب قابلمه را با یک دم‌کنی تمیز پوشانده و ظرف را به مدت ۴۵ دقیقه روی شعله‌پخش‌کن با حرارت بسیار ملایم قرار دهید تا کاچی کاملاً جا بیفتد و روغن بیندازد."
"dish-4-1769902867207","سالاد اندونزی گیاهی (وگان)","international","یک نسخه سالم و گیاهی از سالاد محبوب اندونزی که با ترکیب رنگارنگ کلم، هویج و حبوبات تهیه شده و به عنوان پیش‌غذا یا یک وعده غذایی سبک سرو می‌شود.","سرد","undefined","زنجبیل پودر شده","350","20","آسان","اندونزی","کلم سفید:280:گرم | کلم قرمز:140:گرم | ذرت:200:گرم | لوبیا قرمز پخته:200:پیمانه | هویج:200:گرم | خیارشور:6:عدد | سس مایونز گیاهی:240:میلیلیتر | سرکه سیب:15:میلیلیتر | نمک و فلفل و زردچوبه:1:به میزان لازم | نمک و فلفل سیاه:1:به میزان لازم","کلم سفید و کلم قرمز را به صورت رشته‌های بسیار باریک و یکنواخت خرد کرده و در یک کاسه بزرگ بریزید. | هویج‌ها را پوست گرفته و با رنده درشت رنده کنید و به کلم‌ها اضافه نمایید. | خیارشورها را به صورت خلالی نازک خرد کرده و همراه با ذرت و لوبیا قرمز پخته به سایر مواد بیفزایید. | در یک ظرف کوچک، سس مایونز گیاهی را با سرکه سیب، نمک و فلفل سیاه مخلوط کنید تا سس یکدستی حاصل شود. | سس را روی مخلوط سبزیجات ریخته و به خوبی زیر و رو کنید تا تمام مواد به سس آغشته شوند. | سالاد را برای حداقل ۳۰ دقیقه در یخچال قرار دهید تا کاملاً خنک شده و طعم‌ها با هم ترکیب شوند."
"dish-4-1769975411817","استریپس مرغ (فیله استریپس)","international","فیله استریپس یکی از محبوب‌ترین غذاهای فست‌فودی در جهان است که به دلیل بافت بسیار ترد و پولکی لایه بیرونی و لطافت فیله مرغ در داخل شناخته می‌شود. کلید موفقیت در تهیه این غذا، شوک حرارتی آب یخ و نحوه ماساژ دادن فیله در آرد برای ایجاد لایه‌های فلس‌مانند است.","معتدل","undefined","","480","45","متوسط","آمریکا","فیله مرغ:800:گرم | آرد سفید:500:گرم | پودر خردل:0:به میزان لازم | پودر سیر و پیاز:0:عدد | یخ و آب سرد:1:لیتر | نمک و فلفل سیاه و زرد چوبه:1:به میزان لازم | روغن سرخ‌کردنی:600:میلی‌لیتر","ابتدا فیله‌های مرغ را بشویید و کاملاً خشک کنید، سپس آن‌ها را با نمک، فلفل سیاه، پودر خردل و پودر سیر و پیاز مزه‌دار کرده و اجازه دهید ۳۰ دقیقه در یخچال استراحت کنند. | آرد سفید را در یک کاسه بزرگ و گود بریزید. در ظرفی دیگر، مخلوط آب و تکه‌های فراوان یخ را آماده کنید تا کاملاً سرد شود. | هر قطعه فیله مرغ را ابتدا در آرد سفید بغلتانید تا تمام سطح آن به طور کامل پوشانده شود. | فیله آغشته به آرد را برای ۱ تا ۲ ثانیه در ظرف آب یخ فرو برده و بلافاصله خارج کنید تا لایه آرد مرطوب شود. | فیله را مجدداً به ظرف آرد برگردانید و با دست به صورت دورانی و با فشار ملایم ماساژ دهید یا به شدت تکان دهید تا لایه‌های پولکی و فلس‌مانند روی سطح مرغ تشکیل شود. | روغن سرخ‌کردنی را در یک ظرف عمیق کاملاً داغ کنید تا دمای آن برای سرخ کردن عمقی (Deep Fry) مناسب شود. | فیله‌ها را بلافاصله پس از مرحله دوم آردزنی در روغن داغ قرار دهید و سرخ کنید تا لایه بیرونی طلایی و ترد و داخل آن مغزپخت شود. | فیله‌های سرخ شده را روی دستمال مخصوص قرار دهید تا روغن اضافی آن خارج شود و سپس به صورت گرم همراه با سس دلخواه سرو کنید."
"dish-4-1769975438100","شنیتسل قارچ (گیاهی)","khorak","شنیتسل قارچ یک غذای گیاهی ترد و خوشمزه است که می‌تواند به عنوان پیش‌غذا یا وعده اصلی سبک سرو شود. این غذا با بافت کرانچی و طعم دلچسب، جایگزین مناسبی برای شنیتسل‌های گوشتی است.","سرد","undefined","آویشن و فلفل سیاه","320","30","آسان","ir","قارچ دگمه ای:500:گرم | تخم‌مرغ:3:عدد | شیر:100:پیمانه | آرد سوخاری دانه درشت:200:گرم | آرد سفید:125:گرم | نمک و فلفل و زردچوبه:0:به میزان لازم | پودر پیاز:1:عدد","قارچ‌ها را با یک دستمال نمدار تمیز کرده و سریع بشویید، سپس حتماً آن‌ها را با حوله آشپزخانه کاملاً خشک کنید تا هنگام سرخ شدن آب نیندازند. | در یک ظرف گود، تخم‌مرغ‌ها را با شیر، نمک، فلفل، زردچوبه و پودر پیاز مخلوط کرده و با چنگال یا همزن دستی بزنید تا کاملاً یکدست شوند. | قارچ‌ها را ابتدا در آرد سفید بغلتانید تا تمام سطح آن‌ها پوشیده شود و پودر اضافی را با تکان دادن ملایم جدا کنید. | سپس قارچ‌ها را در مخلوط تخم‌مرغ و شیر فرو ببرید تا تمام سطح آن‌ها کاملاً مرطوب شود. | در مرحله نهایی، قارچ‌ها را در آرد سوخاری دانه درشت قرار داده و با دست کمی فشار دهید تا پوشش سوخاری به خوبی به آن‌ها بچسبد. | در یک تابه گود، روغن فراوان داغ کنید و قارچ‌ها را در روغن غوطه‌ور کرده تا زمانی که رنگ آن‌ها طلایی و بافتشان ترد شود سرخ کنید. | شنیتسل‌ها را روی دستمال حوله‌ای قرار دهید تا روغن اضافی آن‌ها گرفته شود و سپس به صورت داغ همراه با سس دلخواه سرو کنید."
"dish-4-1770080337713","چیکن تندر پنیری (پارمزان)","international","یک غذای سوخاری لذیذ و ترد بین‌المللی که با ترکیب پنیر پارمزان و سبزیجات معطر طعمی متفاوت به فیله مرغ می‌بخشد. این غذا به دلیل پخت در فر سالم‌تر از سوخاری‌های معمولی است.","گرم","undefined","سبزیجات بخارپز","540","30","ساده","آمریکا","فیله مرغ:600:گرم | پنیر پارمزان رنده شده:60:گرم | پودر سوخاری:150:گرم | سبزی معطر (جعفری و ریحان خشک):5:گرم | کره:60:گرم | نمک و فلفل سیاه و زرد چوبه:1:به میزان لازم","ابتدا فیله‌های مرغ را شسته، کاملاً خشک کنید و به صورت نوارهای طولی یکنواخت برش بزنید. | کره را به روش بن‌ماری یا در مایکروویو ذوب کرده و با سبزی معطر (جعفری و ریحان خشک) در یک کاسه کوچک مخلوط کنید. | در یک ظرف تخت و وسیع، پودر سوخاری و پنیر پارمزان رنده شده را با هم ترکیب کنید تا کاملاً یکدست شوند. | تکه‌های مرغ را با نمک و فلفل سیاه مزه‌دار کرده، سپس هر تکه را ابتدا در مخلوط کره و سبزیجات فرو ببرید. | مرغ‌های آغشته به کره را در ظرف پودر سوخاری و پنیر قرار داده و با دست کمی فشار دهید تا تمام سطوح آن با مواد پوشانده شود. | سینی فر را با کاغذ روغنی بپوشانید، مرغ‌ها را در آن چیده و در فر از پیش گرم شده با دمای ۲۰۰ درجه سانتی‌گراد به مدت ۲۰ دقیقه قرار دهید تا طلایی و مغزپخت شوند."
"dish-4-1770080380305","جوجه چینی با فیله مرغ","international","جوجه چینی یکی از غذاهای بین‌المللی محبوب و ترد است که از فیله‌های مرغ سوخاری شده در خمیر مخصوص بنیه تهیه می‌شود. این غذا با بافت پفکی و طعم لذیذ خود گزینه‌ای عالی برای مهمانی‌هاست.","گرم","undefined","سرکه سیب یا آب غوره","450","40","متوسط","چین","فیله مرغ:500:گرم | دلستر کلاسیک (بدون طعم):240:میلی‌لیتر | آرد سفید:200:گرم | بکینگ پودر:5:گرم | سفیده تخم مرغ:2:عدد | نمک و فلفل و زردچوبه:1:به میزان لازم | روغن مایع:1:به میزان لازم","ابتدا فیله‌های مرغ را به صورت نواری برش داده و با مقداری نمک و فلفل مزه‌دار کنید و به مدت ۱۵ دقیقه در یخچال قرار دهید. | سفیده‌های تخم‌مرغ را در یک ظرف تمیز و خشک با همزن برقی آنقدر بزنید تا کاملاً فرم گرفته و با برگرداندن ظرف بیرون نریزد. | دلستر کلاسیک و بکینگ پودر را به آرامی به سفیده‌های زده شده اضافه کنید و با لیسک به صورت دورانی مخلوط کنید تا پف آن از بین نرود. | آرد سفید را کم‌کم روی مواد الک کرده و به آرامی هم بزنید تا غلظت خمیر نهایی شبیه به ماست سفت شود. | در یک قابلمه کوچک و گود، روغن مایع را بریزید و اجازه دهید کاملاً داغ شود؛ روغن باید به اندازه‌ای باشد که فیله‌ها در آن شناور شوند. | فیله‌های مرغ را یکی یکی در خمیر بنیه زده تا کاملاً آغشته شوند و سپس در روغن داغ سرخ کنید تا پف کرده و به رنگ کرم روشن درآیند. | جوجه‌های سرخ شده را روی دستمال روغن‌گیر قرار دهید تا روغن اضافی آن‌ها گرفته شود و سپس همراه با سس تارتار سرو کنید."
"dish-4-1770085451265","انچیلادا میگو با سس خامه (Shrimp Enchiladas)","international","یک غذای مکزیکی لذیذ و مدرن که از ترکیب میگوهای تفت داده شده در کره، سس خامه لطیف و پنیر گودای ذوب شده در نان‌های تورتیلا تهیه می‌شود. این غذا به دلیل طعم خامه‌ای و بافت منسجم، برای مهمانی‌ها و وعده‌های خانوادگی انتخابی عالی است.","سرد","undefined","زنجبیل و خردل","420","30","متوسط","مکزیک","میگو پاک شده:400:گرم | خامه صبحانه:200:گرم | ابلیموی ترش و تازه:30:قاشق | نان تورتیلا:8:عدد | پنیر گودا رنده شده:125:گرم | کره:50:گرم | جعفری خرد شده:30:گرم | سیر:2:حبه | نمک و فلفل و زردچوبه:1:به میزان لازم | نمک و فلفل سیاه:1:به میزان لازم","ابتدا سیرها را رنده کرده و در تابه به همراه کره با حرارت ملایم تفت دهید تا عطر سیر آزاد شود. | میگوهای پاک شده را به تابه اضافه کرده و با حرارت بالا به مدت ۳ تا ۴ دقیقه تفت دهید تا رنگ آن‌ها صورتی شده و پخته شوند. | خامه صبحانه، آب لیمو ترش، نمک و فلفل سیاه را به تابه اضافه کرده، هم بزنید و بلافاصله پس از یکدست شدن از روی حرارت بردارید تا خامه نبرد. | جعفری خرد شده را به مخلوط میگو و خامه اضافه کرده و کاملاً ترکیب کنید. | مقداری از مایه میگو را در وسط هر نان تورتیلا قرار داده، نان‌ها را رول کنید و به صورت ردیفی در یک ظرف پیرکس یا مناسب فر بچینید. | روی رول‌ها را با پنیر گودا رنده شده بپوشانید. | ظرف را در فر که از قبل با دمای ۱۸۰ درجه سانتی‌گراد گرم شده است، به مدت ۱۵ دقیقه قرار دهید تا پنیر ذوب شده و روی آن حباب بزند؛ در صورت تمایل ۲ دقیقه گریل را روشن کنید تا پنیر طلایی شود."
"dish-4-1770086289960","کوئسادیلا تند چوریزو (Spicy Chorizo Quesadilla)","international","یک غذای مکزیکی لذیذ و پرطرفدار که از ترکیب سوسیس چوریزو تند، پنیر ذوب شده و نان تورتیلا ترد تهیه می‌شود.","گرم","undefined","کاهو و سکنجبین","640","25","ساده","مکزیک","سوسیس چوریزو یا تند:400:گرم | نان تورتیلا:4:عدد | پنیر چدار:180:گرم | هالوپینو خرد شده:30:گرم | پیاز سوخاری:1:عدد | روغن مایع:1:به میزان لازم","سوسیس چوریزو را به صورت نگینی یا حلقه‌ای خرد کرده و در تابه با مقداری روغن تفت دهید تا کاملاً پخته و سرخ شود. | چربی اضافی سوسیس را از تابه خارج کرده و سپس هالوپینو خرد شده و پیاز سوخاری را به آن اضافه کرده و برای یک دقیقه مخلوط کنید. | یک عدد نان تورتیلا را در تابه تمیز قرار داده و نیمی از آن را با مخلوط چوریزو و پنیر چدار فراوان پر کنید. | نیمه دیگر نان را روی مواد برگردانید و با پشت قاشق یا یک وزنه روی آن فشار دهید تا پنیر ذوب شده و لایه‌ها به هم بچسبند. | هر طرف کوئسادیلا را به مدت ۲ تا ۳ دقیقه روی حرارت ملایم قرار دهید تا نان طلایی و ترد شود. | کوئسادیلاها را از تابه خارج کرده و به صورت برش‌های مثلثی تقسیم و به صورت گرم سرو کنید."
"dish-4-1770148184121","مرغ بریان با سبزیجات (Roast Chicken)","international","یک غذای کلاسیک و مجلسی شامل مرغ درسته که با سبزیجات تازه و عطر رزماری در فر برشته شده است.","گرم","undefined","سرکه انگور یا آب نارنج","2200","90","متوسط","اروپا","مرغ کامل:1500:گرم | سیب زمینی:600:عدد | هویج:200:گرم | رزماری:10:گرم | کره:50:گرم | سیر:8:حبه | روغن زیتون:30:قاشق | نمک و فلفل و زردچوبه:1:به میزان لازم | نمک و فلفل سیاه:1:به میزان لازم","ابتدا مرغ را کاملاً شسته و با دستمال مخصوص آشپزخانه کاملاً خشک کنید تا پوست آن هنگام پخت ترد و برشته شود. | کره نرم شده را با نمک و فلفل مخلوط کرده و تمام قسمت‌های داخلی و خارجی مرغ، به ویژه زیر پوست سینه را با آن کاملاً مزه‌دار کنید. | سیب‌زمینی‌ها و هویج‌ها را به صورت قطعات درشت و یکنواخت خرد کرده و در سینی فر بچینید. | حبه‌های سیر و شاخه‌های رزماری را در کنار سبزیجات قرار داده و روی آن‌ها روغن زیتون، نمک و فلفل بپاشید. | مرغ را در مرکز سینی روی سبزیجات قرار دهید و در فر که از قبل با دمای ۱۹۰ درجه سانتی‌گراد گرم شده است، به مدت ۹۰ دقیقه قرار دهید تا مرغ کاملاً پخته و پوست آن طلایی شود."
"dish-4-1770148243186","کاری قرمز مرغ (Red Curry Chicken)","international","یک خوراک اصیل و معطر تایلندی که از ترکیب ران مرغ با شیر نارگیل خامه ای و خمیر کاری قرمز تند تهیه می‌شود. این غذا با طعم‌های متعادل تند، شور و شیرین شناخته شده و معمولاً با برنج بخارپز سرو می‌گردد.","گرم","undefined","ماست یا خیار","435","30","متوسط","تایلند","ران مرغ خرد شده:500:گرم | شیر نارگیل:400:پیمانه | خمیر کاری قرمز:45:گرم | بامبو شوت یا کدوسبز:70:گرم | سس ماهی:15:میلی‌لیتر | شکر نخل:5:به میزان لازم","ابتدا بخش غلیظ بالای قوطی شیر نارگیل (خامه آن) را در تابه ریخته و روی حرارت متوسط قرار دهید تا به جوش بیاید و کمی روغن بیندازد. | خمیر کاری قرمز را به خامه نارگیل اضافه کنید و حدود ۳ دقیقه تفت دهید تا عطر ادویه‌ها آزاد شده و رنگ سس درخشان شود. | تکه‌های ران مرغ خرد شده را به تابه اضافه کنید و با سس کاری تفت دهید تا اطراف مرغ کاملاً پخته و با ادویه‌ها پوشانده شود. | مابقی شیر نارگیل و بامبو شوت یا کدوسبز را به مواد اضافه کرده و هم بزنید. | سس ماهی و شکر نخل را برای ایجاد تعادل بین طعم‌های شور و شیرین بیفزایید. | حرارت را ملایم کنید و اجازه دهید خورش به مدت ۱۵ تا ۲۰ دقیقه جا بیفتد و سس آن غلیظ شود، سپس در کنار برنج یاسمین سرو کنید."
"dish-4-1770148261442","استیک ریب‌آی (Ribeye Steak)","international","استیک ریب‌آی یکی از لذیذترین و محبوب‌ترین انواع استیک در جهان است که به دلیل بافت چربی میان‌بافتی (مرمرین)، طعمی فوق‌العاده غنی و بافتی بسیار نرم دارد. این دستور پخت به روش کلاسیک رستورانی و با تکنیک آروماتیک کردن گوشت با کره و رزماری تهیه شده است.","گرم","undefined","روغن زیتون و سبزیجات بخارپز","850","20","متوسط","آمریکا","استیک ریب‌آی:1200:گرم | کره:100:گرم | سیر:6:حبه | رزماری تازه:4:عدد | نمک دریایی و فلفل سیاه نیم‌کوب:0:به میزان لازم | روغن زیتون:60:قاشق","استیک‌ها را حدود ۴۵ تا ۶۰ دقیقه قبل از شروع پخت از یخچال خارج کنید تا کاملاً به دمای محیط برسند؛ این کار به پخت یکنواخت گوشت کمک می‌کند. | دو طرف استیک‌ها را با روغن زیتون، نمک دریایی و فلفل سیاه نیم‌کوب کاملاً بپوشانید و با دست ماساژ دهید تا طعم‌دار شوند. | یک تابه چدنی سنگین را روی حرارت بالا قرار دهید تا کاملاً داغ شده و شروع به بلند شدن دود ملایمی از آن کند. | استیک‌ها را در تابه قرار دهید و هر طرف را برای رسیدن به پخت مدیوم-رر (Medium-Rare) حدود ۳ تا ۴ دقیقه سرخ کنید تا لایه کاراملی تیره ایجاد شود. | در ۲ دقیقه آخر پخت، کره، حبه‌های سیر له شده و شاخه‌های رزماری تازه را به تابه اضافه کنید. | تابه را کمی کج کنید و با یک قاشق بزرگ، کره ذوب شده و طعم‌دار شده با سیر و رزماری را مدام روی استیک‌ها بریزید تا مغزپخت و معطر شوند. | استیک‌ها را از تابه خارج کرده و در ظرف گرمی قرار دهید؛ حتماً اجازه دهید گوشت به مدت ۸ تا ۱۰ دقیقه استراحت کند تا بافت آن نرم و آب‌دار باقی بماند."
"dish-4-1770148283123","روپا ویخا (Ropa Vieja)","international","روپا ویخا یکی از سنتی‌ترین و محبوب‌ترین غذاهای کوبا است که با گوشت گوساله ریش‌ریش شده در سسی معطر و غلیظ تهیه می‌شود. این غذا به دلیل ظاهر رشته‌رشته گوشت به این نام (لباس کهنه) معروف شده است.","گرم","undefined","گشنیز تازه و لیمو ترش","420","150","متوسط","کوبا","گوشت گوساله (راسته یا پهلو):600:گرم | فلفل دلمه‌ای رنگی:2:عدد | پیاز:2:عدد | سیر:4:حبه | رب گوجه فرنگی:50:قاشق | زیره سبز:5:به میزان لازم | پونه کوهی:3:گرم | زیتون سبز:50:گرم | آب گوشت:500:میلی‌لیتر | روغن زیتون:30:قاشق | نمک و فلفل و زردچوبه:1:به میزان لازم | نمک و فلفل سیاه:1:به میزان لازم | نمک و فلفل و زردچوبه:1:به میزان لازم","گوشت گوساله را به همراه یک عدد پیاز قاچ شده و مقداری آب در قابلمه بریزید و اجازه دهید با حرارت ملایم کاملاً پخته و نرم شود. | پس از پخت، گوشت را از آب گوشت جدا کرده و اجازه دهید خنک شود، سپس آن را با دست به صورت رشته‌های باریک ریش‌ریش کنید. آب گوشت را صاف کرده و برای مراحل بعد کنار بگذارید. | پیاز دوم و فلفل‌های دلمه‌ای را به صورت خلالی نازک خرد کنید. در یک تابه بزرگ با روغن زیتون، ابتدا پیاز را تفت دهید تا سبک شود و سپس فلفل‌ها را اضافه کرده و تفت دهید. | سیرهای له شده را به همراه زیره سبز، پونه کوهی و زردچوبه به تابه اضافه کنید و یک دقیقه تفت دهید تا عطر آن‌ها خارج شود. | رب گوجه‌فرنگی را اضافه کرده و کمی تفت دهید تا رنگ آن باز شود. سپس گوشت‌های ریش‌ریش شده را به تابه اضافه کرده و با مواد مخلوط کنید. | آب گوشت صاف شده را به تابه اضافه کنید، نمک و فلفل را اندازه کنید و اجازه دهید سس با حرارت ملایم به مدت ۳۰ دقیقه بجوشد و کاملاً غلیظ شود. | در ۱۰ دقیقه پایانی پخت، زیتون‌های سبز را (بدون هسته و خرد شده) به غذا اضافه کنید. | خوراک آماده شده را در ظرف مناسب کشیده و همراه با برنج سفید یا نان تورتیلا سرو کنید."
"dish-4-1770148305992","مندی مرغ (Mandi Chicken)","international","مندی مرغ یکی از اصیل‌ترین و لذیذترین غذاهای عربی است که به دلیل پخت مرغ با بخار برنج و استفاده از تکنیک دود ذغال، دارای عطر و طعم دودی منحصر به فردی می‌باشد.","گرم","undefined","سس داکوس (تند)","720","90","متوسط","یمن","مرغ کامل:1200:گرم | برنج بسمتی:540:پیمانه | ادویه مندی (هل، میخک، فلفل سیاه، دارچین):0:به میزان لازم | زعفران دم‌کرده:1:به میزان لازم | پیاز:2:عدد | ذغال طبیعی:1:عدد | روغن زیتون:60:قاشق","ابتدا مرغ را با نیمی از زعفران دم‌کرده، نیمی از روغن زیتون و مقداری از ادویه مندی کاملاً ماساژ دهید تا مزه‌دار شود. | پیازها را نگینی خرد کرده و در قابلمه با باقی‌مانده روغن تفت دهید تا سبک و طلایی شوند، سپس برنج شسته شده را به همراه آب و باقی‌مانده ادویه‌ها در قابلمه بریزید. | یک توری فلزی روی دهانه قابلمه قرار داده و مرغ مرینیت شده را روی توری بگذارید؛ سپس درب قابلمه را با فویل آلومینیومی ضخیم کاملاً بپوشانید تا بخار خارج نشود و مرغ با بخار برنج بپزد. | قابلمه را به مدت ۱.۵ ساعت روی حرارت ملایم قرار دهید تا مرغ و برنج کاملاً مغزپخت شوند. | پس از پخت، ذغال را روی حرارت کاملاً سرخ کنید؛ یک کاسه کوچک یا تکه‌ای فویل را وسط قابلمه برنج قرار داده، ذغال گداخته را درون آن بگذارید و چند قطره روغن روی آن بریزید. | بلافاصله درب قابلمه را ببندید و اجازه دهید به مدت ۱۰ دقیقه دود ذغال به خورد مرغ و برنج برود، سپس غذا را در ظرف مورد نظر سرو کنید."
"dish-4-1770148326913","دال عدس (Dal Tadka)","international","دال عدس یک غذای اصیل و تند و تیز است که از ترکیب عدس قرمز با پیاز داغ، سیر و ادویه‌های معطر تهیه می‌شود و به دلیل طعم لذیذ و پخت سریع، در جنوب ایران و کشورهای آسیایی بسیار محبوب است.","معتدل","undefined","روغن زیتون یا کره","320","45","آسان","هند","عدس قرمز:300:پیمانه | رب گوجه فرنگی:1:قاشق | سیر:3:حبه | زیره سبز:0:به میزان لازم | فلفل قرمز خشک:2:عدد | نمک و فلفل و زردچوبه:1:به میزان لازم | گشنیز تازه:50:گرم | روغن زیتون:30:قاشق | آب:800:میلیلیتر","عدس قرمز را به خوبی شسته و به همراه زردچوبه و ۸۰۰ میلی‌لیتر آب در قابلمه بریزید تا با حرارت ملایم کاملاً پخته و نرم شود. | گوجه فرنگی را نگینی خرد کرده و در اواسط پخت به عدس اضافه کنید تا با هم بپزند و عدس غلیظ شود. | در یک تابه کوچک، روغن را داغ کرده و زیره سبز و فلفل قرمز خشک را تفت دهید تا عطر ادویه‌ها آزاد شود. | سیرهای له شده را به روغن اضافه کرده و تا زمانی که طلایی شوند تفت دهید تا عطر سیر بلند شود. | این مخلوط روغن و ادویه داغ (تادکا) را به عدس‌های پخته شده اضافه کرده و هم بزنید. | نمک غذا را اندازه کنید و اجازه دهید دال عدس چند دقیقه دیگر روی حرارت بماند تا کاملاً جا بیفتد. | در مرحله آخر، غذا را در ظرف کشیده و با گشنیز تازه تزیین کرده و همراه با نان یا برنج سرو کنید."
"dish-4-1770148347603","امپانادا گوشت (Empanadas)","international","امپانادا یک فینگرفود خوشمزه و اصیل است که از خمیر پر شده با مغزی گوشت، پیاز، تخم‌مرغ و زیتون تهیه می‌شود و به عنوان یک پیش‌غذای ترد و لذیذ در فر طبخ می‌گردد.","معتدل","undefined","زیره و آویشن","1180","45","متوسط","آرژانتین","خمیر یوفکا یا خمیر مخصوص امپانادا:12:عدد | گوشت چرخ کرده:400:گرم | پیاز سفید:2:عدد | تخم‌مرغ آب‌پز:2:عدد | زیتون سبز خرد شده:50:گرم | پاپریکا:0:به میزان لازم | زیره سبز:0:به میزان لازم | روغن مایع:1:به میزان لازم","پیازهای سفید را به صورت نگینی خرد کرده و در یک تابه با مقداری روغن مایع تفت دهید تا سبک و طلایی شوند. | گوشت چرخ کرده را به پیازها اضافه کنید و تفت دادن را ادامه دهید تا رنگ گوشت کاملاً تغییر کرده و سرخ شود. | پاپریکا، زیره سبز و در صورت تمایل مقداری نمک و فلفل را به تابه اضافه کرده و مواد را با هم مخلوط کنید. | تخم‌مرغ‌های آب‌پز را خرد کرده و به همراه زیتون‌های سبز خرد شده به مایه گوشتی اضافه کنید و سپس تابه را از روی حرارت بردارید تا مواد خنک شوند. | یک قاشق از مایه آماده شده را در مرکز هر ورق خمیر قرار دهید، لبه‌های خمیر را با کمی آب مرطوب کرده، روی هم برگردانید و با فشار چنگال لبه‌ها را محکم کنید. | روی خمیرهای آماده شده را با برس به زرده تخم‌مرغ آغشته کنید تا پس از پخت براق و طلایی شوند. | امپاناداها را در سینی فر قرار داده و در فر از قبل گرم شده با دمای ۲۰۰ درجه سانتی‌گراد به مدت ۲۰ دقیقه بپزید تا کاملاً برشته شوند."
"dish-4-1770148403307","پاستا آلفردو (Pasta Alfredo)","international","پاستا آلفردو یکی از محبوب‌ترین و لذیذترین غذاهای ایتالیایی است که از ترکیب پاستا پنه با سس خامه‌ای غلیظ، تکه‌های مرغ گریل شده، قارچ و پنیر پارمزان تهیه می‌شود.","سرد","undefined","فلفل سیاه و پودر سیر","650","35","متوسط","ایتالیا","پاستا پنه:500:گرم | سینه مرغ:400:گرم | قارچ دگمه ای:300:گرم | خامه صبحانه:200:گرم | کره:50:گرم | سیر:3:حبه | پنیر پارمزان:100:گرم | جعفری برای تزئین:0:به میزان لازم | نمک و فلفل سیاه و زرد چوبه:1:به میزان لازم","یک قابلمه بزرگ را از آب پر کرده، نمک اضافه کنید و پس از جوش آمدن، پاستا پنه را به مدت ۸ تا ۱۰ دقیقه بپزید تا نرم شود (آل‌دنته)، سپس آبکش کنید. | سینه مرغ را به صورت مکعبی یا نواری خرد کرده و در یک تابه بزرگ با نیمی از کره و سیر له شده تفت دهید تا رنگ مرغ تغییر کرده و کاملاً بپزد. | قارچ‌های اسلایس شده را به تابه مرغ اضافه کنید و با حرارت بالا تفت دهید تا آب قارچ‌ها کشیده شده و کمی طلایی شوند. | باقی‌مانده کره و خامه صبحانه را به تابه اضافه نمایید و روی حرارت بسیار ملایم هم بزنید تا خامه با عصاره مرغ و قارچ ترکیب شده و سس شروع به غلیظ شدن کند. | پاستای آبکش شده را به همراه پنیر پارمزان، نمک و فلفل سیاه به تابه اضافه کنید و به آرامی زیر و رو کنید تا تمام پاستاها کاملاً به سس آغشته شوند. | پاستا را در ظرف مورد نظر بکشید و در نهایت با جعفری تازه خرد شده تزئین و به صورت داغ سرو کنید."
"dish-4-1770148427755","گولاش مجارستانی (Goulash)","international","گولاش یک خوراک اصیل و مقوی مجارستانی است که با گوشت گوساله، پیاز فراوان و چاشنی پاپریکا تهیه می‌شود. این غذا بافتی غلیظ و طعمی لذیذ و گرم دارد که معمولاً با سیب‌زمینی پخته می‌شود.","گرم","undefined","خامه ترش یا ماست","450","120","متوسط","مجارستان","گوشت گوساله مکعبی:600:گرم | پیاز بزرگ:3:عدد | پودر پاپریکا:30:گرم | سیب‌زمینی:300:عدد | رب گوجه فرنگی:30:قاشق | سیر:2:حبه | عصاره گوشت یا آب:720:میلی‌لیتر | نمک و فلفل و زردچوبه:1:به میزان لازم | نمک و فلفل سیاه:1:به میزان لازم | روغن مایع:0:به میزان لازم","پیازهای بزرگ را به صورت نگینی خرد کرده و در یک قابلمه مناسب با مقداری روغن تفت دهید تا سبک و طلایی شوند. | گوشت گوساله مکعبی را به پیازها اضافه کرده و به خوبی تفت دهید تا رنگ گوشت تغییر کند و آب آن کشیده شود. | سیرهای خرد شده را اضافه کرده و پس از بلند شدن بوی آن، پودر پاپریکا و رب گوجه فرنگی را اضافه کنید. مواد را سریع تفت دهید تا رب رنگ باز کند اما پاپریکا نسوزد و تلخ نشود. | عصاره گوشت یا آب را به قابلمه اضافه کرده و حرارت را زیاد کنید تا به جوش بیاید؛ سپس حرارت را ملایم کرده، درب قابلمه را بگذارید و اجازه دهید گوشت به مدت ۱.۵ ساعت کاملاً بپزد. | سیب‌زمینی‌ها را به صورت مکعبی هم‌اندازه با گوشت‌ها خرد کرده و در ۳۰ دقیقه پایانی پخت به خورش اضافه کنید تا بپزند و نشاسته آن‌ها باعث غلظت و لعاب‌دار شدن خورش شود. | در مرحله نهایی، نمک و فلفل سیاه را اندازه کرده و پس از اینکه خورش کاملاً جا افتاد، آن را در ظرف مورد نظر بکشید و سرو کنید."
"dish-4-1770853484001","بال مرغ تری‌یاکی آمریکایی","international","بال‌های مرغ ترد و کاراملی شده با سس تری‌یاکی دست‌ساز که ترکیبی متعادل از طعم‌های شور، شیرین و تند زنجبیل است. این غذا به عنوان یک پیش‌غذا یا میان‌عده پرطرفدار شناخته می‌شود.","گرم","undefined","کنجد سفید و پیازچه","420","50","متوسط","آمریکا","بال مرغ:1:گرم | سس سویا:120:میلی‌لیتر | زنجبیل تازه رنده شده:5:به میزان لازم | شکر قهوه‌ای:45:به میزان لازم | سرکه سیب:15:میلیلیتر | نشاسته ذرت:5:گرم | کنجد:10:به میزان لازم | پیازچه:2:عدد | نمک و فلفل و زردچوبه:1:به میزان لازم | نمک و فلفل سیاه:1:به میزان لازم","بال‌های مرغ را شسته و پس از خشک کردن کامل، با کمی نمک و فلفل مزه‌دار کنید. آن‌ها را در سینی فر چیده و در دمای ۲۰۰ درجه سانتی‌گراد به مدت ۳۵ تا ۴۰ دقیقه بپزید تا کاملاً ترد و طلایی شوند. | در یک تابه، سس سویا، زنجبیل رنده شده، شکر قهوه‌ای و سرکه سیب را مخلوط کرده و روی حرارت ملایم قرار دهید تا شکر کاملاً حل شده و سس به جوش بیاید. | نشاسته ذرت را در یک قاشق غذاخوری آب سرد حل کنید و به آرامی به تابه سس اضافه کنید. سس را مدام هم بزنید تا غلیظ و براق شود. | بال‌های پخته شده و داغ را از فر خارج کرده و بلافاصله به تابه سس اضافه کنید. بال‌ها را زیر و رو کنید تا تمام سطح آن‌ها به سس غلیظ آغشته شود. | بال‌های آماده را در ظرف سرو چیده، پیازچه‌ها را ساطوری کرده و همراه با کنجد برای تزئین روی بال‌ها بپاشید."
"dish-4-1770853689130","لونگی گوشت گوسفندی","stew","خورش لونگی گوشت گوسفندی یکی از غذاهای اصیل و معطر شمال ایران است که با ترکیب گوشت، گردو و رب انار، بافتی غلیظ و طعمی ملایم و ملس پیدا می‌کند.","گرم","undefined","سماق یا لیمو ترش","485","150","متوسط","ir","گوشت گوسفندی:400:گرم | گردو سابیده شده:150:گرم | رب انار:45:قاشق | پیاز داغ:1:عدد | زعفران دم‌کرده:1:به میزان لازم | ادویه خورشی:0:به میزان لازم","گوشت گوسفندی را به تکه‌های خورشی خرد کنید و در قابلمه به همراه پیاز داغ و ادویه خورشی تفت دهید تا رنگ گوشت تغییر کند. | مقداری آب به قابلمه اضافه کرده و حرارت را زیاد کنید تا به جوش بیاید، سپس شعله را ملایم کنید تا گوشت نیم‌پز شود. | گردوی سابیده شده را در ظرفی با رب انار ملس و مقدار کمی آب ولرم مخلوط کنید تا سسی غلیظ و یکدست ایجاد شود. | مخلوط گردو و رب انار را به قابلمه گوشت اضافه کرده و اجازه دهید خورش با حرارت بسیار ملایم به مدت طولانی بپزد تا کاملاً جا بیفتد و روغن بیندازد. | در ۱۰ دقیقه پایانی پخت، زعفران دم‌کرده را به خورش اضافه کنید تا عطر و رنگ آن حفظ شود. | پس از غلیظ شدن و به روغن افتادن خورش، آن را در ظرف مورد نظر کشیده و در کنار کته ایرانی سرو کنید."
"dish-4-1770856639426","بی‌بیم‌باپ دریایی (میگو)","international","یک غذای اصیل و مقوی به سبک کره‌ای که با ترکیب برنج، میگوی طعم‌دار شده با سیر و کره، سبزیجات تازه و تخم‌مرغ نیمرو تهیه می‌شود و با سس سویا سرو می‌گردد.","سرد","undefined","فلفل قرمز و سیر","520","35","متوسط","کره جنوبی","برنج:720:پیمانه | میگو پاک شده:400:گرم | پیازچه:5:عدد | فلفل دلمه‌ای رنگی:2:عدد | جلبک دریایی (نوری):1:عدد | تخم‌مرغ:4:عدد | سس سویا:60:میلی‌لیتر | کره:30:گرم | سیر:3:حبه | نمک و فلفل سیاه و زرد چوبه:1:به میزان لازم","ابتدا برنج را شسته و به صورت کته یا آبکش آماده کرده و کنار بگذارید. | سیرها را پوست گرفته و رنده کنید، سپس در تابه به همراه کره تفت دهید تا عطر سیر خارج شود. | میگوهای پاک شده را به تابه اضافه کرده و به مدت ۵ دقیقه با حرارت متوسط تفت دهید تا کاملاً پخته و صورتی شوند. | فلفل دلمه‌ای را به صورت نواری باریک و پیازچه‌ها را به صورت حلقه‌ای خرد کنید و در همان تابه تفت مختصری بدهید تا بافت آن‌ها کمی نرم شود. | جلبک نوری را با استفاده از قیچی آشپزخانه به صورت رشته‌رشته یا نوار‌های باریک برش بزنید. | تخم‌مرغ‌ها را در یک تابه جداگانه به صورت نیمرو (عسلی) سرخ کنید به طوری که زرده آن نیمه‌جامد باقی بماند. | برای سرو، برنج پخته را در چهار کاسه بزرگ تقسیم کنید. میگو، فلفل دلمه‌ای و پیازچه را روی برنج بچینید. | در نهایت یک عدد تخم‌مرغ نیمرو را روی هر کاسه قرار داده، رشته‌های جلبک نوری را روی آن بپاشید و با سس سویا سرو کنید."
"dish-4-1771343394090","نیمرو اسکرامبل پنیری با سبزیجات","khorak","یک صبحانه کلاسیک و لذیذ با بافتی نرم، کره‌ای و کشسان که ترکیب پنیر چدار و پیازچه تازه طعمی منحصر به فرد به آن بخشیده است.","معتدل","undefined","نعناع خشک | پولبیبر","280","10","آسان","ir","تخم مرغ:8:عدد | پنیر چدار رنده شده:100:گرم | پیازچه خرد شده:1:عدد | شیر:60:پیمانه | کره:30:گرم | نمک و فلفل و زردچوبه:1:به میزان لازم | نمک و فلفل سیاه:1:به میزان لازم","تخم‌مرغ‌ها را در یک کاسه بزرگ شکسته و شیر را به همراه نمک و فلفل به آن اضافه کنید و به خوبی هم بزنید تا مایه یکدستی حاصل شود. | یک تابه نچسب را روی حرارت ملایم قرار داده و کره را اضافه کنید تا ذوب شود و کف کند. | مایه تخم‌مرغ را داخل تابه بریزید و حدود ۳۰ ثانیه صبر کنید تا لبه‌های آن کمی خود را بگیرد. | با استفاده از یک لیسک مقاوم به حرارت، تخم‌مرغ‌ها را از لبه‌ها به سمت مرکز تابه حرکت دهید تا تکه‌های نرم و بزرگ شکل بگیرد. | زمانی که تخم‌مرغ‌ها هنوز کمی مرطوب هستند، پنیر چدار رنده شده و پیازچه خرد شده را روی مایه پخش کنید. | به آرامی هم زدن را ادامه دهید تا پنیر ذوب شود و تخم‌مرغ‌ها به پخت کامل اما نرم برسند، سپس بلافاصله از تابه خارج و سرو کنید."
"dish-4-1771724051453","اکبر جوجه زعفرانی مجلسی","khorak","اکبر جوجه یکی از اصیل‌ترین و لذیذترین غذاهای خطه شمال ایران است که به روش سنتی با جوجه‌های کوچک، کره محلی فراوان و سس رب انار ملس تهیه می‌شود.","گرم","undefined","سرکه، آب‌نارنج","820","120","متوسط","ir","جوجه کوچک ۴ تکه:1600:گرم | زعفران غلیظ دم‌کرده:60:قاشق | کره محلی:200:گرم | پیاز خلالی:2:عدد | ابلیموی ترش و تازه:45:قاشق | رب انار:150:قاشق | گردو برای تزئین:50:گرم | نمک و فلفل سیاه و زرد چوبه:1:به میزان لازم","تکه‌های جوجه را تمیز شسته و کاملاً خشک کنید. سپس آن‌ها را در یک ظرف مناسب قرار داده و با پیازهای خلالی، آب‌لیمو، نیمی از زعفران دم‌کرده و نمک و فلفل به خوبی مخلوط کنید تا مزه‌دار شوند. | روی ظرف را بپوشانید و اجازه دهید جوجه‌ها به مدت حداقل ۱۲ ساعت در یخچال استراحت کنند تا گوشت آن‌ها ترد و طعم‌دار شود. | در یک قابلمه یا تابه بزرگ و گود، کره محلی را ذوب کنید. پیازها را از تکه‌های مرغ جدا کرده و جوجه‌ها را در کره داغ قرار دهید. | درب قابلمه را بگذارید و حرارت را بسیار ملایم کنید. اجازه دهید جوجه‌ها در آب خود و کره به آرامی پخته و مغزپخت شوند (حدود ۱.۵ تا ۲ ساعت). | پس از اتمام آب مرغ، مابقی زعفران را روی جوجه‌ها بریزید و اجازه دهید در کره سرخ، طلایی و برشته شوند. | اکبر جوجه آماده شده را در ظرف مورد نظر چیده، با گردوی خرد شده تزئین کنید و همراه با چلو زعفرانی و سس رب انار غلیظ سرو نمایید."
"dish-4-1775503642243","یوفو کباب بره‌ای با سس انار","kabab","کباب یوفو با طعم سنتی ایرانی که با گوشت بره و چاشنی رب انار طعمی ملس و لذیذ دارد.","معتدل","undefined","گلپر","680","60","آسان","ir","گوشت بره چرخ‌کرده:600:واحد | گردوی آسیاب شده:50:گرم | رب انار:3:قاشق | خمیر نان تافتون:400:واحد | زعفران دم‌کرده:1:به میزان لازم | نمک و فلفل و زردچوبه:1:به میزان لازم | نمک و فلفل سیاه:1:به میزان لازم","گوشت را با گردو، رب انار و زعفران مخلوط کرده و استراحت دهید | خمیر را به شکل دایره پهن کرده و مایه گوشتی را روی آن قرار دهید | لایه دوم خمیر را روی آن کشیده و لبه‌ها را بپیچید | روی خمیر را با زعفران و کره رومال کنید | در فر یا تنور بپزید تا نان کاملاً برشته و گوشت مغزپز شود"
"dish-4-1776124802763","کباب اردک گیلانی","kabab","کباب اردک گیلانی یکی از لذیذترین کباب‌های محلی شمال ایران است. در این دستور، گوشت اردک با ترکیب رب نارنج، گلپر و ماست چکیده مرینیت شده که طبع گرم و طعم ترش و معطری به آن می‌بخشد.","گرم","undefined","سماق و گشنیز","480","60","متوسط","ir","گوشت اردک جوان:1000:گرم | پیاز:2:عدد | ماست چکیده:200:پیمانه | رب نارنج:75:میلی‌لیتر | روغن زیتون:45:قاشق | نمک و فلفل سیاه و زرد چوبه:1:به میزان لازم | گلپر:10:به میزان لازم","گوشت اردک جوان را پاک کرده و به قطعات متوسط و یکسان برای کباب تقسیم کنید. تکه‌ها را شسته و کاملاً خشک کنید. | پیازها را با رنده ریز رنده کرده، سپس آب آن‌ها را با فشار دست گرفته و در یک ظرف گود بزرگ بریزید. | ماست چکیده، رب نارنج، روغن زیتون، نمک، فلفل سیاه و پودر گلپر را به آب پیاز اضافه کرده و با همزن دستی کاملاً مخلوط کنید تا سسی یکدست حاصل شود. | تکه‌های گوشت اردک را به سس مرینیت اضافه کنید و با دست ورز دهید تا تمام قسمت‌های گوشت به مواد آغشته شود. | روی ظرف را با سلفون بپوشانید و به مدت ۱۲ ساعت در یخچال قرار دهید تا بافت گوشت اردک نرم و طعم‌دار شود. | گوشت‌ها را به سیخ کشیده و روی منقل با زغال‌های یکنواخت و حرارت ملایم کباب کنید. سیخ‌ها را مدام بچرخانید تا گوشت مغزپخت شده و سفت نشود."
"dish-4-1776124850907","اشکمبه چورباسی تند (آجیلار)","international","یک سوپ سنتی و مقوی که از سیرابی تهیه شده و با ترکیب سیر، سرکه و فلفل تند، طعمی گرم و اشتهاآور دارد. این غذا در فرهنگ‌های مختلف به عنوان یک پیش‌غذا یا غذای اصلی ترمیم‌کننده شناخته می‌شود.","سرد","undefined","زنجبیل و نعناع","320","180","متوسط","ترکیه","سیرابی پاک شده:60:حبه | فلفل قرمز تند خشک:4:عدد | روغن کنجد:30:به میزان لازم | سیر:4:حبه | سرکه سیب:45:میلی‌لیتر | آرد نخودچی:30:قاشق | نمک و فلفل و زردچوبه:0:به میزان لازم | پودر زنجبیل:0:به میزان لازم","سیرابی پاک شده را به همراه فلفل‌های قرمز تند خشک، پودر زنجبیل و مقدار کافی آب در قابلمه قرار داده و اجازه دهید با حرارت ملایم کاملاً بپزد تا نرم شود. | سیرابی‌های پخته شده را از قابلمه خارج کرده و به صورت نگینی یا قطعات کوچک خرد کنید. آب باقی‌مانده از پخت سیرابی را صاف کرده و برای مرحله بعد نگه دارید. | در یک قابلمه مجزا، آرد نخودچی را با روغن کنجد کمی تفت دهید تا بوی خامی آن گرفته شود، سپس آب صاف شده سیرابی را آرام‌آرام اضافه کرده و هم بزنید تا به جوش آید و غلیظ شود. | سیرها را کاملاً له کرده و با سرکه سیب مخلوط کنید. این ترکیب را به همراه سیرابی‌های خرد شده و ادویه‌ها (نمک، فلفل و زردچوبه) به سوپ اضافه کنید. | اجازه دهید سوپ به مدت ۲۰ دقیقه دیگر روی حرارت ملایم جا بیفتد. این چورباسی را به صورت کاملاً داغ و در صورت تمایل با فلفل اضافه سرو کنید."
"dish-4-1776124877277","حلیم بلدرچین","dessert","حلیم بلدرچین یکی از مقوی‌ترین و اصیل‌ترین غذاهای سنتی ایرانی است که به دلیل استفاده از گوشت لطیف بلدرچین و گندم، منبعی غنی از پروتئین و ویتامین‌ها محسوب می‌شود. این غذا با بافتی کش‌دار و طعمی ملایم، گزینه‌ای عالی برای وعده صبحانه یا افطار است.","گرم","undefined","دارچین و عسل","485","180","متوسط","ir","گندم پوست‌کنده:400:گرم | بلدرچین:600:گرم | کره:50:گرم | چوب دارچین:2:قطعه | پیاز:1:عدد | نمک و فلفل و زردچوبه:0:به میزان لازم | آب:2500:میلیلیتر","گندم پوست‌کنده را از شب قبل در آب خیس کنید. سپس آب آن را خالی کرده و با ۲۵۰۰ میلی‌لیتر آب تازه روی حرارت ملایم قرار دهید تا کاملاً پخته، نرم و شکفته شود. | در همین حین، بلدرچین‌ها را در قابلمه‌ای جداگانه به همراه پیاز (به چهار قاچ تقسیم شده)، چوب دارچین و زردچوبه با مقداری آب بپزید تا گوشت آن‌ها کاملاً نرم شده و به راحتی از استخوان جدا شود. | پس از پخت کامل گندم و تبخیر بخشی از آب اضافی، آن را با گوشت‌کوب برقی یا دستی کاملاً له و پوره کنید تا بافتی یکدست و غلیظ پیدا کند. | گوشت بلدرچین را از استخوان جدا کرده، به صورت بسیار ظریف ریش‌ریش کنید و به همراه مقداری از آبِ صاف شده‌ی بلدرچین به قابلمه گندم اضافه کنید. | مخلوط را روی حرارت بسیار کم قرار داده و به مدت طولانی و به صورت مداوم با قاشق چوبی هم بزنید (حلیم بزنید) تا گوشت و گندم کاملاً یکدست شده و حلیم کش‌دار و جا افتاده شود. | در ۱۰ دقیقه پایانی، نمک حلیم را اندازه کنید. در نهایت حلیم را در ظرف سرو کشیده و روی آن را با کره ذوب شده، پودر دارچین و در صورت تمایل کمی کنجد تزیین نمایید."
"dish-4-1776124903557","کباب دیگی بوقلمون","kabab","کباب دیگی بوقلمون یک غذای خانگی خوشمزه، سالم و رژیمی است که با گوشت بوقلمون تهیه شده و در تابه به همراه سسی خوش‌طعم از گوجه‌فرنگی و زعفران پخته می‌شود. این غذا جایگزینی عالی برای کباب‌های تهیه شده با گوشت قرمز است.","گرم","undefined","سماق و آبلیمو","315","45","متوسط","ir","مخلوط ران و سینه بوقلمون چرخ‌کرده:600:گرم | پیاز رنده شده:2:عدد | رب گوجه فرنگی:60:قاشق | فلفل دلمه‌ای:1:عدد | رب گوجه فرنگی:3:قاشق | زعفران دم‌کرده:1:به میزان لازم | کره:40:گرم | نمک، فلفل قرمز و سماق:0:قاشق","ابتدا پیازهای رنده شده را کاملاً آبگیری کرده و تفاله آن را در یک ظرف بزرگ با گوشت بوقلمون چرخ‌کرده مخلوط کنید. | نمک، فلفل قرمز و سماق را به گوشت اضافه کرده و مایه کباب را به خوبی ورز دهید تا کاملاً منسجم و یکدست شود. | کف یک تابه مناسب را با نیمی از کره چرب کنید و مایه کباب را به صورت یکنواخت در آن پهن کرده و با کارد به صورت نوارهای طولی یا دلخواه برش دهید. | تابه را روی حرارت متوسط قرار دهید تا کباب‌ها تغییر رنگ داده و کمی خودشان را بگیرند. | گوجه‌فرنگی‌ها و فلفل دلمه‌ای را به صورت حلقه‌ای برش داده و روی سطح کباب‌ها به صورت منظم بچینید. | رب گوجه‌فرنگی را در زعفران دم‌کرده و باقی‌مانده کره که ذوب شده حل کنید و این سس را به آرامی روی تمام قسمت‌های کباب بریزید. | درب تابه را بگذارید، حرارت را ملایم کنید و اجازه دهید کباب‌ها به مدت ۳۰ تا ۴۰ دقیقه مغزپخت شوند و سس غلیظ شود و غذا به روغن بیفتد."
"dish-4-1776124930574","حلیم بوقلمون و جو دو سر (رژیمی)","dessert","این حلیم رژیمی یک وعده بسیار مغذی و سالم است که به جای گندم از جو دو سر پرک در آن استفاده شده تا فیبر بیشتری داشته باشد. استفاده از سینه بوقلمون نیز میزان چربی را به حداقل رسانده و پروتئین غذا را افزایش می‌دهد.","معتدل","undefined","گردو، عسل","425","50","آسان","ir","جو دو سر پرک:200:گرم | سینه بوقلمون بدون پوست:400:گرم | روغن زیتون:30:قاشق | نمک و فلفل سیاه و زرد چوبه:1:به میزان لازم | آب:1500:میلیلیتر | پودر گردو:40:گرم","سینه بوقلمون را در قابلمه ریخته و با مقداری از آب بپزید تا کاملاً نرم شود، سپس آن را از آب خارج کرده و ریش‌ریش کنید. | جو دو سر پرک را با مابقی آب به مدت ۲۰ دقیقه روی حرارت ملایم بپزید تا کاملاً پخته شده و لعاب بیندازد. | جو پخته شده را با گوشت‌کوب برقی یا مخلوط‌کن کاملاً میکس کنید تا بافتی یکدست و کشسان شبیه حلیم پیدا کند. | بوقلمون ریش‌ریش شده را به همراه روغن زیتون، نمک و فلفل سیاه به قابلمه جو اضافه کرده و هم بزنید. | حرارت را بسیار کم کرده و اجازه دهید حلیم به مدت ۱۰ دقیقه دیگر ریز جوش بزند تا طعم‌ها با هم ترکیب شده و جا بیفتد. | حلیم آماده شده را در ظرف مورد نظر بکشید و با پودر گردو و در صورت تمایل مقدار کمی عسل تزئین و سرو کنید."
"dish-4-1776124950506","Patsas Tiganitos (سیرابی سرخ شده یونانی)","international","پیش‌غذای لذیذ یونانی که در آن سیرابی پخته شده، سوخاری و سرخ می‌شود.","سرد","undefined","آویشن و عسل (بعد از غذا)","520","240","متوسط","یونانی","سیرابی پخته شده:1:حبه | آرد سفید:150:گرم | پودر سوخاری:150:گرم | تخم‌مرغ:2:واحد | روغن سرخ‌کردنی:200:میلیلیتر | ابلیموی ترش و تازه:2:قاشق | نمک و فلفل و زردچوبه:1:به میزان لازم | پودر سیر:1:حبه","سیرابی را ابتدا کاملاً بپزید و سپس به قطعات مستطیلی کوچک برش دهید | قطعات را ابتدا در آرد، سپس در تخم‌مرغ زده شده و در نهایت در پودر سوخاری بغلتانید | روغن را در تابه داغ کنید و قطعات را تا زمانی که طلایی شوند سرخ کنید | روی دستمال حوله‌ای قرار دهید تا روغن اضافی گرفته شود | با برش‌های لیموترش تازه سرو کنید"
"dish-4-1776124974346","استیک فیله شتر با سس قارچ","kabab","استیک فیله شتر یک غذای بسیار لذیذ، مقوی و سرشار از آهن است که با بافت نرم فیله و طعم غنی سس قارچ و خامه، یک وعده غذایی مجلسی و متفاوت را برای شما فراهم می‌کند.","گرم","undefined","روغن زیتون و سبزیجات تازه","520","35","متوسط","ir","فیله گوشت شتر:800:گرم | قارچ دگمه ای:300:گرم | خامه صبحانه:200:گرم | شیر:240:پیمانه | سیر:4:حبه | کره:50:گرم | نمک و فلفل سیاه و زرد چوبه:1:به میزان لازم | روغن زیتون:60:قاشق","فیله‌های گوشت شتر را به صورت عرضی و به قطر دو سانتی‌متر برش داده و با بیفتک‌کوب کمی بکوبید تا بافت آن بدون پاره شدن نرم شود. | سیرها را کاملاً له کنید و گوشت را در ظرفی با سیر، روغن زیتون و فلفل سیاه آغشته کرده و اجازه دهید حداقل یک ساعت در یخچال مرینیت شود. | یک تابه چدنی را روی حرارت بالا قرار دهید تا کاملاً داغ شود، سپس فیله‌ها را در تابه قرار داده و هر طرف را بسته به ضخامت و ذائقه، ۵ تا ۷ دقیقه سرخ کنید. | برای تهیه سس، قارچ‌های دگمه‌ای را ورقه ورقه کرده و در تابه‌ای جداگانه با کره تفت دهید تا آب قارچ‌ها کاملاً کشیده شود. | شیر و خامه صبحانه را به قارچ‌ها اضافه کرده و مدام هم بزنید تا با حرارت ملایم سس غلیظ و یکدست شود. | در مرحله آخر نمک را به استیک‌ها اضافه کرده، آن‌ها را در ظرف سرو قرار دهید و سس قارچ داغ را روی فیله‌ها بریزید."
"dish-4-1776125418831","استیک سینه غاز با سس پرتقال","khorak","یک غذای اشرافی و مجلسی که از ترکیب طعم غنی گوشت غاز با سس مرکبات تهیه می‌شود. در این روش، چربی زیر پوست غاز به آرامی ذوب شده و پوستی ترد و کریسپی ایجاد می‌کند که در کنار سس پرتقال و عسل، تعادلی بی‌نظیر از طعم‌ها را ارائه می‌دهد.","گرم","undefined","آب پرتقال ترش و سکنجبین","640","35","متوسط","ir","سینه غاز با پوست:800:گرم | آب پرتقال تازه:250:میلی‌لیتر | رنده پوست پرتقال:15:گرم | عسل:50:میلیلیتر | کره:40:گرم | نمک و فلفل قرمز:0:به میزان لازم | سرکه بالزامیک:30:میلی‌لیتر","روی پوست سینه غاز با یک چاقوی تیز برش‌های لوزی ایجاد کنید، دقت کنید که برش‌ها فقط روی پوست و چربی باشد و به گوشت آسیب نرساند. | سینه‌های غاز را از سمت پوست در تابه سرد قرار دهید و سپس تابه را روی حرارت متوسط بگذارید تا چربی پوست به آرامی ذوب شود. | اجازه دهید پوست غاز کاملاً کریسپی و طلایی شود (حدود ۸ تا ۱۰ دقیقه)؛ سپس گوشت را برگردانید و طرف دیگر را به مدت ۵ دقیقه سرخ کنید. | گوشت را از تابه خارج کرده، در فویل بپیچید و در جایی گرم قرار دهید تا به مدت ۱۰ دقیقه استراحت کند و عصاره گوشت خارج نشود. | چربی اضافی تابه را تخلیه کنید (فقط مقدار کمی باقی بماند)؛ سپس آب پرتقال، عسل، سرکه بالزامیک و رنده پوست پرتقال را به تابه اضافه کنید. | سس را روی حرارت ملایم بجوشانید تا حجم آن نصف شده و غلیظ شود؛ در انتها کره سرد را اضافه کرده و هم بزنید تا سس براق شود. | سینه غاز استراحت کرده را به صورت اسلایس‌های اریب برش بزنید، نمک و فلفل قرمز را روی آن بپاشید و سس پرتقال را روی آن بریزید و سرو کنید."
"dish-5-1766794336336","آش دندونی","ash","آش دندونی یکی از اصیل‌ترین آش‌های سنتی ایرانی است که به مناسبت رویش اولین دندان نوزاد طبخ می‌شود. این آش به دلیل استفاده از انواع حبوبات و گندم، بسیار مقوی و دارای لعاب فراوان است.","balanced","معتدل و تر","دارچین","450","180","متوسط","ایران","گندم پوست‌کنده:200:گرم | آرد نخودچی:100:قاشق | لوبیا قرمز:100:پیمانه | لوبیا چیتی:100:گرم | عدس:100:پیمانه | گوشت گوسفندی:300:گرم | پیاز داغ:1:عدد | پیاز:1:عدد | نمک و فلفل و زردچوبه:1:به میزان لازم | نمک و فلفل سیاه:1:به میزان لازم | نمک و فلفل و زردچوبه:1:به میزان لازم | آب:2.5:میلیلیتر","حبوبات (نخود، لوبیا قرمز، لوبیا چیتی و عدس) را از شب قبل در آب خیس کرده و چندین بار آب آن‌ها را عوض کنید تا نفخ حبوبات گرفته شود. | گوشت گوسفندی را به همراه یک عدد پیاز خام، زردچوبه و مقداری آب روی حرارت قرار دهید تا کاملاً پخته و نرم شود. | پس از پخت گوشت، آن را از قابلمه خارج کرده و به صورت ریش‌ریش خرد کنید. آب گوشت را از صافی رد کرده و برای مرحله بعد کنار بگذارید. | گندم پوست‌کنده را که از قبل خیس کرده‌اید، با مقدار کافی آب در یک قابلمه بزرگ بپزید تا کاملاً باز شده و لعاب بیندازد. | حبوبات پخته شده را به همراه آب گوشت صاف شده به گندم اضافه کنید. در صورت نیاز مقداری آب جوش اضافه کنید تا غلظت آش مناسب شود. | گوشت‌های ریش‌ریش شده و نیمی از پیاز داغ را به قابلمه اضافه کرده، نمک و فلفل را اندازه کنید و اجازه دهید آش با حرارت ملایم حدود یک ساعت جا بیفتد. | آش آماده شده را در ظرف مورد نظر کشیده و روی آن را با باقی‌مانده پیاز داغ فراوان تزیین و سرو کنید."
"dish-5-1766799342396","عدس پلو با مرغ حلزونی","polo","نسخه‌ای مدرن از عدس پلو که در آن فیله‌های مرغ به شکل حلزونی رول و سرخ می‌شوند.","balanced","معتدل رو به گرم","زیره سیاه، دارچین","480","90","متوسط","ایران","برنج:4:پیمانه | عدس:1.5:پیمانه | سینه مرغ کامل:500:گرم | زعفران دم‌کرده:1:به میزان لازم","سینه مرغ را نواری برش داده و مزه‌دار کنید. | تکه‌ها را رول کرده و با خلال دندان فیکس و در کره سرخ کنید. | عدس را بپزید و برنج را آبکش کرده و دم کنید. | مرغ‌های حلزونی را دور تا دور دیس پلو بچینید."
"dish-5-1766876956936","آبگوشت لپه و لیمو","khorak","یک روایت متفاوت و لذیذ از آبگوشت سنتی ایرانی که با استفاده از لپه و لیموعمانی، طعمی ملس و عطری بی‌نظیر پیدا می‌کند.","balanced","معتدل رو به گرم","دارچین، فلفل سیاه، ترشی هفت‌بیجار","520","150","متوسط","ایران","گوشت گوسفندی:400:گرم | لپه:150:پیمانه | لیمو عمانی:4:به میزان لازم | سیب‌زمینی:3:عدد | پیاز:2:عدد | رب گوجه فرنگی:45:قاشق | نمک و فلفل و زردچوبه:1:به میزان لازم | نمک و فلفل سیاه:1:به میزان لازم | نمک و فلفل و زردچوبه:1:به میزان لازم | زعفران دم‌کرده:1:به میزان لازم","پیازها را نگینی خرد کرده و در یک قابلمه مناسب با کمی روغن تفت دهید تا سبک و طلایی شوند. | گوشت گوسفندی را به پیاز اضافه کرده و همراه با زردچوبه و فلفل سیاه کاملاً تفت دهید تا رنگ گوشت تغییر کند. | لپه را که از قبل خیس کرده‌اید، به مخلوط گوشت و پیاز اضافه کرده و حدود ۲ دقیقه تفت دهید تا بوی خامی آن گرفته شده و هنگام پخت له نشود. | حدود ۱.۲ لیتر آب جوش به قابلمه اضافه کنید و حرارت را ملایم نمایید تا گوشت و لپه به مدت ۱.۵ تا ۲ ساعت بپزند. | لیمو عمانی‌ها را با چنگال سوراخ کرده و در یک لیوان آب گرم قرار دهید تا تلخی آن‌ها گرفته شود. | پس از پخت اولیه گوشت، لیمو عمانی‌ها و سیب‌زمینی‌های پوست‌گرفته را به قابلمه اضافه کنید. | رب گوجه‌فرنگی را در یک تابه کوچک با کمی روغن تفت دهید تا رنگ باز کند و سپس به آبگوشت بیفزایید. | در ۱۰ دقیقه پایانی، نمک و زعفران دم‌کرده را اضافه کرده و اجازه دهید غذا با حرارت بسیار ملایم جا بیفتد."
"dish-5-1766877137846","شامی کباب اصفهانی","khorak","شامی کباب اصفهانی یکی از اصیل‌ترین و لذیذترین غذاهای سنتی اصفهان است که به دلیل استفاده از گوشت پخته و کوبیده شده، بافتی لطیف و کش‌دار دارد و معمولاً با چاشنی ملس سس سرکه و شیره سرو می‌شود.","hot","گرم و معتدل","سرکه شیره، ترشی مخلوط","320","45","متوسط","ایران","گوشت گردن یا سردست گوسفندی پخته شده:400:گرم | آرد نخودچی:30:قاشق | پیاز رنده شده:1:عدد | تخم‌مرغ:3:عدد | نمک و فلفل سیاه و زرد چوبه:1:به میزان لازم | زعفران دم‌کرده غلیظ:0:به میزان لازم | شیره انگور و سرکه (برای سس):120:پیمانه","گوشت را که قبلاً با پیاز و ادویه کاملاً پخته‌اید، ریش‌ریش کرده و سپس با گوشت‌کوب دستی یا برقی خوب بکوبید تا کاملاً له شده و بافتی کش‌دار پیدا کند. | پیاز رنده شده را که آب آن را کاملاً گرفته‌اید، به همراه آرد نخودچی، نمک، فلفل سیاه، زردچوبه و زعفران دم‌کرده به گوشت اضافه نمایید. | تخم‌مرغ‌ها را یکی‌یکی به مایه اضافه کرده و مواد را با دست به خوبی ورز دهید تا مایه شامی کاملاً منسجم و یکدست شود. | در یک تابه مناسب روغن ریخته و اجازه دهید داغ شود. از مایه شامی به اندازه یک نارنگی کوچک برداشته، در دست گرد کنید و وسط آن را با انگشت سوراخ نمایید. | شامی‌ها را در روغن داغ قرار داده و دو طرف آن‌ها را با حرارت ملایم سرخ کنید تا طلایی و مغزپخت شوند. | در صورت تمایل، مخلوط سرکه و شیره انگور را در یک قابلمه کوچک کمی بجوشانید تا غلیظ شود. پس از سرخ شدن تمام شامی‌ها، سس را روی آن‌ها بریزید و اجازه دهید چند دقیقه روی حرارت ملایم بماند تا سس جذب شامی‌ها شود."
"dish-5-1766881812358","شوربا دال عدس","khorak","شوربا دال عدس یک غذای سنتی، مغذی و پرطرفدار است که با عدس قرمز تهیه می‌شود و به دلیل هضم آسان و طعم دلپذیر سیر و تمر هندی، گزینه‌ای عالی برای وعده‌های غذایی سبک یا پیش‌غذا محسوب می‌شود.","cold","سرد و خشک (خفیف‌تر از عدس سبز)","زیره سبز، دارچین، روغن حیوانی","320","45","آسان","ایران","دال عدس (عدس قرمز):400:پیمانه | سیب‌زمینی:1:عدد | پیاز:1:عدد | سیر:3:حبه | تمر هندی یا آبلیمو:0:به میزان لازم | فلفل قرمز و زردچوبه:0:به میزان لازم | کره یا روغن حیوانی:30:گرم | گشنیز تازه:50:گرم | آب:1.2:میلیلیتر","ابتدا پیاز را نگینی خرد کرده و در قابلمه با کره یا روغن حیوانی تفت دهید تا سبک و طلایی شود. سپس سیرهای له شده را اضافه کرده و یک دقیقه دیگر تفت دهید. | زردچوبه و فلفل قرمز را به پیاز و سیر اضافه کنید و تفت دهید تا عطر ادویه‌ها خارج شود (این شوربا به صورت سنتی کمی تند سرو می‌شود). | دال عدس را که از قبل شسته‌اید به همراه سیب‌زمینی‌هایی که به صورت نگینی کوچک خرد شده‌اند به قابلمه اضافه کنید. | آب را روی مواد بریزید و حرارت را زیاد کنید تا به جوش بیاید، سپس حرارت را کم کرده و اجازه دهید به مدت ۳۰ تا ۴۰ دقیقه با درب بسته بپزد تا دال عدس‌ها کاملاً باز شوند و سیب‌زمینی‌ها نرم شوند. | در صورت تمایل برای داشتن بافتی کرمی، می‌توانید بخشی از سوپ یا تمام آن را با گوشت‌کوب برقی میکس کنید. | در ۱۰ دقیقه پایانی، عصاره تمر هندی یا آبلیمو را اضافه کنید. نمک غذا را چشیده و اندازه کنید. | شوربا را در ظرف مورد نظر کشیده و با گشنیز تازه تزیین و به صورت گرم سرو کنید."
"dish-5-1766883317766","خورش کدو حلوایی با رب نارنج","stew","یک خورش اصیل و لذیذ ایرانی با طعمی ملس که از ترکیب کدو حلوایی شیرین و رب نارنج ترش به دست می‌آید. این خورش با مرغ طبخ شده و گزینه‌ای عالی برای فصل پاییز و زمستان است.","cold","سرد و تر","شکر (در صورت ترشی زیاد)، پودر دارچین، زیره","420","90","متوسط","ایران","مرغ (سینه یا ران):800:گرم | کدو حلوایی:500:گرم | پیاز بزرگ:1:عدد | رب نارنج:45:میلیلیتر | شکر:12:به میزان لازم | زعفران دم‌کرده:1:به میزان لازم | نمک و فلفل و زردچوبه:1:به میزان لازم | روغن زیتون:50:قاشق","تکه‌های مرغ را با نمک، فلفل و زردچوبه مزه‌دار کرده و در مقداری روغن تفت دهید تا تمام طرفین آن طلایی شود. | پیاز را به صورت خلالی خرد کرده و در قابلمه‌ای جداگانه تفت دهید تا سبک و شفاف شود، سپس مرغ‌های سرخ شده را به پیاز اضافه کنید. | مقداری آب جوش به قابلمه اضافه کرده و اجازه دهید مرغ با حرارت ملایم بپزد. | کدو حلوایی را به صورت مکعب‌های درشت خرد کرده و در تابه با کمی روغن تفت دهید تا در هنگام پخت فرم خود را حفظ کرده و له نشوند. | در ۲۰ دقیقه پایانی پخت مرغ، کدوهای تفت داده شده را به همراه رب نارنج و شکر (برای ایجاد طعم ملس) به خورش اضافه کنید. | در مرحله آخر، زعفران دم‌کرده را به خورش اضافه نموده و اجازه دهید خورش کاملاً جا افتاده، غلیظ شود و به روغن بیفتد."
"dish-5-1766883592583","قلیه میگو بوشهری","stew","خورش قلیه میگو یکی از اصیل‌ترین و لذیذترین غذاهای دریایی جنوب ایران، به‌ویژه استان بوشهر است. این غذا با طعم تند و ترش تمر هندی و عطر سبزیجات معطر (گشنیز و شنبلیله) شناخته می‌شود و غلظت آن باید به گونه‌ای باشد که خورش کاملاً جا افتاده و به روغن بیفتد.","hot","گرم و خشک","سرکه، انار و گشنیز","320","60","متوسط","ir","میگو پاک شده:500:گرم | سبزی قلیه (گشنیز زیاد و کمی شنبلیله):400:گرم | تمر هندی حل شده:150:بسته | پیاز:1:عدد | سیر:5:حبه | آرد نخودچی:15:قاشق | فلفل قرمز:0:به میزان لازم | نمک و فلفل و زردچوبه:1:به میزان لازم | روغن مایع:1:به میزان لازم | آب:600:میلیلیتر","پیاز را نگینی خرد کرده و در روغن تفت دهید تا سبک و طلایی شود؛ سپس سیر رنده شده را اضافه کرده و تفت دهید تا عطر آن بلند شود. | سبزی قلیه خرد شده را به پیاز و سیر اضافه کرده و با حرارت ملایم به خوبی سرخ کنید تا آب آن کاملاً کشیده شده و رنگ سبزی تیره شود (دقت کنید سبزی نسوزد). | تمر هندی را در آب گرم حل کرده و از صافی رد کنید تا هسته و تفاله آن جدا شود؛ سپس آرد و فلفل قرمز فراوان را در آب تمر هندی حل کنید. | مخلوط آب تمر هندی و آرد را به سبزی‌های سرخ شده اضافه کنید و اجازه دهید خورش با حرارت ملایم به جوش آید و غلیظ شود. | در ۱۰ دقیقه پایانی پخت، میگوهای پاک شده را به خورش اضافه کنید تا پخته شوند اما سفت نشوند؛ در این مرحله نمک غذا را نیز اندازه کنید. | خورش باید در نهایت کم‌آب و غلیظ باشد و به اصطلاح روغن بیندازد، سپس آن را همراه با پلو سرو کنید."
"dish-5-1766883843657","خورش چاقاله بادام با نعناع","stew","یک خورش اصیل و فصلی ایرانی که با ترکیب گوشت گوسفندی، چاقاله بادام‌های تازه و عطر بی‌نظیر نعناع و جعفری تهیه می‌شود و طعمی ملایم و ملس دارد.","cold","سرد و تر","نعناع داغ زیاد و زیره سبز","420","120","متوسط","ir","گوشت خورشتی:400:گرم | چاقاله بادام ریز:200:گرم | نعناع و جعفری (نسبت ۳ به ۱ جعفری بیشتر):300:گرم | پیاز:1:عدد | آبغوره یا آبلیمو:120:قاشق | نمک و فلفل و زردچوبه:1:به میزان لازم | روغن مایع:0:به میزان لازم | آب:1000:میلیلیتر","ابتدا پیاز را نگینی خرد کرده و در مقداری روغن تفت دهید تا سبک و طلایی شود. سپس گوشت را به همراه زردچوبه به آن اضافه کرده و تفت دهید تا رنگ گوشت تغییر کند. | آب را به قابلمه اضافه کرده و اجازه دهید گوشت با حرارت ملایم به مدت یک ساعت نیم‌پز شود. | چاقاله بادام‌ها را شسته، چوب‌های ریز انتهای آن‌ها را جدا کنید. اگر چاقاله‌ها درشت هستند آن‌ها را از وسط نصف کنید، سپس در مقداری روغن کمی تفت دهید تا در حین پخت فرم خود را حفظ کنند. | نعناع و جعفری را به صورت ساطوری خرد کرده و در تابه به صورت جداگانه با روغن سرخ کنید تا عطر آن‌ها آزاد شود (مراقب باشید نعناع سیاه و تلخ نشود). | بعد از نیم‌پز شدن گوشت، چاقاله بادام‌ها و سبزی‌های سرخ شده را به خورش اضافه کنید و اجازه دهید خورش با حرارت ملایم جا بیفتد. | در ۱۵ دقیقه پایانی پخت، آبغوره یا آبلیمو را به همراه نمک و فلفل به خورش اضافه کنید و اجازه دهید خورش کاملاً غلیظ شده و به روغن بیفتد."
"dish-5-1766884212693","خورش قارچ و مرغ زعفرانی","stew","یک خورش لذیذ و مجلسی ایرانی که از ترکیب سینه مرغ، قارچ و عطر دلپذیر زعفران تهیه می‌شود. این غذا به دلیل استفاده از آرد دارای لعاب خوبی بوده و با زمان پخت کوتاه، گزینه‌ای ایده‌آل برای وعده‌های اصلی است.","cold","سرد و تر (قارچ و مرغ سرد هستند)","زعفران، فلفل سیاه، آویشن، سیر","340","45","متوسط","ir","سینه مرغ خرد شده:500:گرم | قارچ اسلایس شده:400:گرم | پیاز متوسط:2:عدد | سیر:2:حبه | زعفران دم‌کرده:1:به میزان لازم | ابلیموی ترش و تازه:15:قاشق | آرد سفید (برای لعاب):15:گرم | نمک و فلفل سیاه و زرد چوبه:1:به میزان لازم | کره:30:گرم | روغن زیتون:30:قاشق | آب جوش:480:میلیلیتر","پیازها را به صورت نگینی خرد کرده و در قابلمه با ترکیب روغن و کره تفت دهید تا سبک و طلایی شوند. | سیرهای رنده شده و تکه‌های مرغ را به همراه زردچوبه و فلفل سیاه به پیاز اضافه کنید و تفت دهید تا رنگ مرغ تغییر کرده و کمی سرخ شود. | قارچ‌های اسلایس شده را اضافه کنید و با حرارت بالا تفت دهید تا قارچ‌ها نرم شوند اما آب نیندازند. | آرد سفید را روی مواد بپاشید و حدود یک دقیقه تفت دهید تا بوی خامی آن گرفته شود، سپس آب جوش را اضافه نمایید. | درب قابلمه را بگذارید و اجازه دهید خورش با حرارت ملایم به مدت ۳۰ دقیقه بپزد تا گوشت مرغ کاملاً پخته و سس خورش غلیظ شود. | در ۱۰ دقیقه پایانی، زعفران دم‌کرده، آبلیمو و نمک را اضافه کنید و پس از اینکه خورش کاملاً جا افتاد، آن را در کنار چلو زعفرانی سرو کنید."
"dish-5-1766956020736","سوپ شیر و خامه","soup","یک سوپ مجلسی و رستورانی با بافتی مخملی و طعمی غنی که با ترکیب جو پرک، قارچ، شیر و خامه تهیه می‌شود.","cold","undefined","فلفل سیاه فراوان، آویشن، زنجبیل","320","45","متوسط","ir","جو پرک:100:گرم | شیر:750:پیمانه | خامه صبحانه:100:گرم | آرد سفید:30:گرم | کره:50:گرم | آب مرغ:750:میلی‌لیتر | قارچ دگمه ای:300:گرم | هویج:100:گرم | ذرت پخته شده:80:گرم | نمک و فلفل سیاه:1:به میزان لازم | پودر سیر:0:حبه","جو پرک را همراه با آب مرغ در یک قابلمه مناسب بریزید و روی حرارت ملایم قرار دهید تا جو کاملاً باز شده، پخته و نرم شود. | قارچ‌های دگمه‌ای را به صورت ورقه‌ای خرد کنید و در تابه‌ای با مقدار کمی از کره و کمی آبلیمو تفت دهید تا آب آن تبخیر شده و رنگ قارچ‌ها سفید بماند، سپس به قابلمه جو اضافه کنید. | هویج را به صورت ریز رنده کنید و همراه با ذرت پخته شده به مواد داخل قابلمه اضافه کرده و اجازه دهید با هم بپزند و طعم‌ها ترکیب شوند. | در یک قابلمه کوچک جداگانه، بقیه کره را ذوب کرده و آرد سفید را به آن اضافه کنید؛ آرد را کمی تفت دهید تا بوی خامی آن گرفته شود اما رنگ آن تغییر نکند. | شیر را که از قبل گرم کرده‌اید، به آرامی و در چند مرحله به مخلوط آرد و کره اضافه کنید و مدام با همزن دستی هم بزنید تا سس بشامل رقیقی بدون گلوله حاصل شود. | سس شیر آماده شده را به قابلمه اصلی سوپ اضافه نمایید و اجازه دهید سوپ روی حرارت ملایم بپزد تا کاملاً جا بیفتد و غلیظ شود. | نمک، فلفل سیاه، زردچوبه و پودر سیر را برای طعم‌دهی نهایی به میزان لازم به سوپ اضافه کنید. | در ۱۰ دقیقه پایانی پخت، خامه صبحانه را در ظرفی جداگانه با کمی از سوپ گرم مخلوط و رقیق کنید، سپس به قابلمه اصلی اضافه نمایید و بلافاصله حرارت را بسیار کم کنید تا خامه نبرد. | پس از چند دقیقه که سوپ کاملاً یکنواخت شد، آن را از روی شعله برداشته، در ظرف مورد نظر بکشید و با جعفری تازه خرد شده تزیین و سرو کنید."
"dish-5-1766956416038","Classic Beef Burger (همبرگر کلاسیک - USA)","international","یک همبرگر کلاسیک و لذیذ خانگی که با گوشت چرخ‌کرده تازه، سیر و پیاز تهیه شده و با پنیر ذوب‌شده و سبزیجات تازه در نان مخصوص سرو می‌شود.","hot","گرم و خشک","سماق، فلفل سیاه","750","30","متوسط","آمریکا","گوشت چرخ کرده:600:گرم | 1 عدد پیاز بزرگ:1:عدد | 2 حبه سیر له شده:2:حبه | 4 عدد نان همبرگر مخصوص:4:عدد | 4 ورق پنیر گودا یا چدار:4:عدد | نمک و فلفل سیاه و زرد چوبه:1:به میزان لازم | کاهو، گوجه‌فرنگی و خیارشور برای تزیین:4:عدد","پیاز را ریز رنده کرده و آب آن را کاملا بگیرید تا باعث وا رفتن گوشت نشود | گوشت را با پیاز، سیر، نمک و فلفل در یک کاسه بزرگ مخلوط کنید | مواد را بیش از حد ورز ندهید تا بافت گوشت سفت نشود | مایه را به 4 قسمت تقسیم کرده و به شکل دایره‌هایی با قطر کمی بیشتر از نان فرم دهید | وسط برگرها را با انگشت کمی گود کنید تا هنگام پخت پف نکند | تابه چدنی را داغ کرده و هر طرف برگر را حدود 5 دقیقه سرخ کنید | در دقیقه آخر پخت، پنیر را روی برگر قرار دهید تا ذوب شود و سپس داخل نان به همراه مخلفات سرو کنید"
"dish-5-1766956905814","جوجه‌کباب ترش","kabab","یکی از محبوب‌ترین کباب‌های شمالی که در آن تکه‌های مرغ با رب انار، گردو و سبزیجات معطر مزه‌دار می‌شوند و بافتی بسیار لطیف و طعمی ترش و عالی پیدا می‌کنند.","balanced","سرد و تر (به دلیل رب انار و مرغ) با مصلحات گرم","ادویه‌های گرم، فلفل، دانه انار شیرین","450","45","متوسط","ایران","سینه یا ران مرغ بدون استخوان:800:گرم | گردوی آسیاب شده:100:گرم | رب انار:3:قاشق | سبزی معطر شمالی (یا نعنا و گشنیز):2:قاشق غذاخوری | پیاز:1:عدد | سیر:2:حبه | نمک و فلفل سیاه و زرد چوبه:1:به میزان لازم | روغن زیتون:2:قاشق","مرغ‌ها را به قطعات کبابی متوسط برش دهید. | پیاز و سیر را رنده کرده و آب پیاز را بگیرید (تفاله پیاز باعث سوختن کباب می‌شود). | در یک کاسه بزرگ، مرغ را با گردوی آسیاب شده، رب انار، سبزیجات خرد شده، روغن زیتون، نمک و فلفل و آب پیاز مخلوط کنید. | مواد را حداقل ۴ ساعت در یخچال استراحت دهید تا طعم‌ها به خورد مرغ بروند. | مرغ‌ها را به سیخ کشیده و روی ذغال با حرارت ملایم کباب کنید (دقت کنید چون گردو زود می‌سوزد، حرارت باید ملایم باشد)."
"dish-5-1766958808663","Beef Fajita (فاهیتای گوشت مکزیکی)","international","یک غذای محبوب و خوش‌طعم مکزیکی که از تکه‌های لطیف گوشت گوساله مزه‌دار شده، فلفل‌های دلمه‌ای رنگی و پیاز تفت داده شده تهیه می‌شود و به همراه نان تورتیلا و انواع دیپ‌های کلاسیک سرو می‌گردد.","hot","گرم و خشک","گشنیز یا آبلیمو","480","45","متوسط","مکزیک","گوشت گوساله (فیله یا راسته, نواری برش داده شده):500:گرم | فلفل دلمه‌ای (رنگ‌های مختلف, نواری خرد شده):300:عدد | پیاز بزرگ (نواری خرد شده):1:عدد | روغن مایع:1:به میزان لازم | پودر فاهیتا (یا مخلوط پودر فلفل قرمز، زیره، پودر سیر، اورگانو، نمک، فلفل سیاه):2:حبه | نمک و فلفل سیاه و زرد چوبه:1:به میزان لازم | نان تورتیلای ذرت یا گندم:12:عدد | سالسا:100:میلیلیتر | گواکاموله:100:گرم | خامه ترش:100:میلیلیتر | پنیر رنده شده:100:گرم | گشنیز تازه:20:گرم","نوارهای گوشت را در یک کاسه با نیمی از پودر فاهیتا، ۱۵ میلی‌لیتر روغن، نمک و فلفل سیاه به خوبی مخلوط کنید. اجازه دهید گوشت برای حداقل ۳۰ دقیقه در یخچال مزه‌دار شود. | یک تابه چدنی بزرگ را روی حرارت بالا قرار دهید تا کاملاً داغ شود. باقی‌مانده روغن (۱۵ میلی‌لیتر) را اضافه کنید. | تکه‌های گوشت را در دسته‌های کوچک داخل تابه تفت دهید تا سطح آن‌ها قهوه‌ای و پخته شود (حدود ۳ تا ۵ دقیقه). سپس گوشت‌ها را از تابه خارج کرده و گرم نگه دارید. | در همان تابه، پیاز و فلفل‌های دلمه‌ای را اضافه کنید. باقی‌مانده پودر فاهیتا را روی سبزیجات بپاشید و به مدت ۵ تا ۷ دقیقه تفت دهید تا سبزیجات نرم شوند اما همچنان بافت ترد خود را حفظ کنند. | گوشت‌های پخته شده را به تابه برگردانید و با سبزیجات مخلوط کنید. ۱ تا ۲ دقیقه دیگر تفت دهید تا تمام مواد داغ شده و طعم‌ها با هم ترکیب شوند. | نان‌های تورتیلا را در یک تابه تمیز یا فر کمی گرم کنید تا نرم شوند. | فاهیتا را مستقیماً در تابه داغ سرو کنید. هر نفر مقداری از مخلوط گوشت و سبزیجات را روی نان قرار داده و با سالسا، گواکاموله، خامه ترش، پنیر و گشنیز میل می‌کند."
"dish-5-1766959134380","Etli Güveç (اَتلی گووِچ - خوراک گوشت و سبزیجات ترکی)","international","یک خوراک اصیل و سنتی ترکی که در ظرف‌های سفالی مخصوص پخته می‌شود. این غذا با پخت طولانی و ترکیب طعم‌های گوشت و سبزیجات، بافتی بسیار نرم و لذیذ دارد.","balanced","معتدل و تر","آویشن یا پونه کوهی","420","150","متوسط","ترکیه","گوشت گوساله یا بره (مکعبی خرد شده):500:گرم | بادمجان متوسط (مکعبی خرد شده):1:عدد | سیب‌زمینی متوسط (مکعبی خرد شده):2:عدد | فلفل سبز یا قرمز (خرد شده):2:عدد | گوجه‌فرنگی متوسط (مکعبی خرد شده):2:عدد | پیاز بزرگ (خرد شده):1:عدد | سیر (ریز خرد شده):4:حبه | رب گوجه فرنگی:60:قاشق | آب یا آب گوشت:240:میلی‌لیتر | روغن مایع:1:به میزان لازم | نمک، فلفل سیاه و فلفل قرمز پرک شده:0:به میزان لازم | جعفری تازه برای تزیین:0:به میزان لازم","پیاز را در قابلمه‌ای با نیمی از روغن مایع (۳۰ میلی‌لیتر) تفت دهید تا سبک و شفاف شود. سپس گوشت را اضافه کرده و تا زمانی که تغییر رنگ دهد به تفت دادن ادامه دهید. در انتها سیر را اضافه کرده و ۱ دقیقه دیگر تفت دهید تا عطر آن خارج شود. | رب گوجه‌فرنگی را به قابلمه اضافه کرده و حدود ۲ دقیقه تفت دهید تا بوی خامی آن گرفته شود. سپس آب گوشت، نمک، فلفل سیاه و فلفل قرمز را اضافه کرده و اجازه دهید سس به مدت ۱۰ دقیقه با حرارت ملایم بجوشد. | بادمجان‌های مکعبی را با کمی نمک مزه‌دار کرده و ۱۵ دقیقه کنار بگذارید تا تلخی آن‌ها گرفته شود. سپس آن‌ها را آبکش و کاملاً خشک کنید. در تابه ای جداگانه با باقی‌مانده روغن، بادمجان‌ها را کمی سرخ کنید تا نیم‌پز شوند. | یک ظرف سفالی مخصوص (گووچ) یا ظرف پیرکس مقاوم به حرارت را آماده کنید. ابتدا مخلوط گوشت و سس غلیظ شده را در کف ظرف به صورت یکنواخت پخش کنید. | لایه‌های سبزیجات را به ترتیب شامل سیب‌زمینی، بادمجان‌های سرخ شده، فلفل و در نهایت گوجه‌فرنگی روی لایه گوشت بچینید و مقدار کمی نمک و فلفل برای طعم‌دهی بیشتر روی آن‌ها بپاشید. | روی ظرف را با فویل آلومینیومی کاملاً بپوشانید. ظرف را در فری که از قبل با دمای ۱۸۰ درجه سانتی‌گراد گرم شده است، به مدت ۲ تا ۲.۵ ساعت قرار دهید تا گوشت کاملاً مغزپخت و سبزیجات نرم شوند. | در ۱۵ دقیقه پایانی پخت، فویل را بردارید تا روی سبزیجات کمی برشته و طلایی شود. پس از خروج از فر، با جعفری تازه تزیین کرده و در کنار نان سنتی یا پلو سرو نمایید."
"dish-5-1766961078330","مانتی (مانتی - بقچه گوشت ترکی)","international","مانتی یکی از محبوب‌ترین غذاهای سنتی ترکی است که از خمیرهای کوچک دست‌ساز پر شده با گوشت چرخ‌کرده تهیه می‌شود. این بقچه‌های کوچک پس از پخته شدن در آب، با سس ماست سیردار و کره داغ معطر به نعناع و فلفل سرو می‌شوند.","balanced","معتدل و تر","پونه کوهی یا فلفل قرمز","520","80","متوسط","ترکیه","گوشت چرخ کرده:250:گرم | ۱ عدد پیاز کوچک (ریز خرد شده):1:عدد | نمک و فلفل سیاه و زرد چوبه:1:به میزان لازم | ۳۰۰ گرم آرد گندم (برای خمیر):300:گرم | ۱ عدد تخم‌مرغ:1:عدد | ۱/۲ قاشق چای‌خوری نمک:0:به میزان لازم | حدود ۱۰۰ میلی‌لیتر آب:100:میلی‌لیتر | ۳۰۰ گرم ماست چکیده (برای سس):300:پیمانه | ۲ حبه سیر (له شده):2:حبه | ۵۰ گرم کره:50:گرم | ۱ قاشق چای‌خوری نعناع خشک:3:قاشق | ۱/۲ قاشق چای‌خوری فلفل قرمز پرک شده:2:گرم","برای تهیه خمیر، آرد گندم را در کاسه‌ای بزرگ ریخته، تخم‌مرغ و نمک را اضافه کنید. آب را کم‌کم اضافه کرده و ورز دهید تا خمیری سفت، یکدست و منعطف به دست آید. خمیر را پوشانده و برای ۳۰ دقیقه در دمای محیط استراحت دهید. | برای تهیه مواد میانی، گوشت چرخ‌کرده را با پیاز بسیار ریز خرد شده، نمک و فلفل سیاه مخلوط کرده و به خوبی ورز دهید تا کاملاً منسجم شود. | خمیر را به چند قسمت تقسیم کرده و هر قسمت را روی سطح آردپاشی شده با وردنه به صورت بسیار نازک باز کنید. سپس خمیر را به مربع‌های کوچک (حدود ۲ در ۲ سانتی‌متر) برش دهید. | مقداری بسیار کم از مخلوط گوشت را در مرکز هر مربع قرار داده و لبه‌های خمیر را از چهار طرف به هم فشار دهید تا بقچه‌های کوچکی ایجاد شود. | در یک قابلمه بزرگ، آب و کمی نمک را به جوش آورید. مانتی‌ها را در آب جوش بریزید و حدود ۸ تا ۱۰ دقیقه بپزید تا خمیر نرم شده و روی سطح آب بیایند، سپس آن‌ها را آبکش کنید. | سس ماست را با مخلوط کردن ماست چکیده، سیر له شده و مقدار کمی نمک آماده کنید. | برای تهیه سس کره، کره را در تابه ذوب کرده، نعناع خشک و فلفل قرمز پرک شده را اضافه کنید و تنها چند ثانیه تفت دهید تا عطر ادویه‌ها خارج شود. | مانتی‌های پخته شده را در ظرف سرو قرار دهید، ابتدا سس ماست سیردار و سپس سس کره داغ را روی آن بریزید و بلافاصله میل کنید."
"dish-5-1766961391029","Pelmeni (پلمنی - روسیه)","international","پلمنی یکی از مشهورترین غذاهای سنتی روسیه است که از خمیرهای کوچک پر شده با گوشت تهیه می‌شود. این غذا شباهت زیادی به راویولی یا دامپلینگ دارد و معمولاً به صورت آب‌پز همراه با خامه ترش یا کره سرو می‌شود.","hot","گرم و خشک","فلفل سیاه و سرکه","480","60","متوسط","روسیه","آرد نخودچی:500:قاشق | آب:240:میلیلیتر | تخم‌مرغ:1:عدد | نمک و فلفل و زردچوبه:1:به میزان لازم | گوشت چرخ کرده:400:گرم | پیاز متوسط ریز خرد شده:1:عدد | سیر حبه رنده شده (اختیاری):1:حبه | نمک و فلفل سیاه:1:به میزان لازم | کره ذوب شده یا خامه ترش برای سرو:100:گرم","آرد را در یک کاسه بزرگ الک کرده و با نمک مخلوط کنید. یک گودال در مرکز آرد ایجاد کرده، تخم‌مرغ و آب را اضافه کنید و با دست یا همزن ورز دهید تا خمیری سفت، یکدست و بدون چسبندگی به دست آید. روی خمیر را بپوشانید و به مدت ۳۰ دقیقه استراحت دهید. | در همین حین برای تهیه مواد میانی، گوشت چرخ‌کرده را با پیاز کاملاً ریز خرد شده، سیر رنده شده، نمک و فلفل سیاه به خوبی ورز دهید تا مواد کاملاً با هم ترکیب شوند. | خمیر را روی سطح آردپاشی شده با وردنه بسیار نازک (حدود ۱ تا ۲ میلی‌متر) باز کنید. با استفاده از لبه یک لیوان کوچک یا کاتر گرد، دایره‌هایی به قطر ۵ تا ۶ سانتی‌متر برش بزنید. | مقدار کمی از مواد گوشتی (حدود ۱ قاشق چایخوری) را در مرکز هر دایره قرار دهید. لبه‌های خمیر را روی هم آورده و با انگشت محکم فشار دهید تا به شکل نیم‌دایره بسته شود. سپس دو انتهای نیم‌دایره را به هم متصل کنید تا شکل کلاسیک پلمنی به دست آید. | یک قابلمه بزرگ را از آب پر کرده، نمک بزنید و بگذارید به جوش بیاید. پلمنی‌ها را به آرامی در آب جوش بریزید. زمانی که پلمنی‌ها روی سطح آب آمدند، اجازه دهید ۳ تا ۵ دقیقه دیگر بپزند تا مغزپخت شوند. | پلمنی‌های پخته را با کفگیر خارج کرده و در ظرف سرو قرار دهید. بلافاصله با کره ذوب شده یا خامه ترش تزیین کرده و به صورت گرم میل کنید."
"dish-5-1766963128331","Saj Ichi (ساج ایچی آذربایجان)","international","ساج ایچی یکی از غذاهای سنتی و اصیل آذربایجان است که با ترکیبی از گوشت چرخ‌کرده، سیب‌زمینی و فلفل دلمه‌ای تهیه می‌شود. این غذا به دلیل پخت سریع و طعم لذیذ، محبوبیت زیادی در میان خانواده‌های آذری دارد.","hot","گرم و تر","سماق","530","45","متوسط","آذربایجان","گوشت چرخ کرده:500:گرم | پیاز متوسط ۲ عدد:2:عدد | سیب‌زمینی متوسط ۳ عدد:3:عدد | رب گوجه فرنگی:30:قاشق | نمک و فلفل سیاه و زرد چوبه:1:به میزان لازم | زردچوبه ۱ قاشق چایخوری:0:به میزان لازم | روغن مایع:1:به میزان لازم | فلفل دلمه‌ای سبز ۱ عدد:1:عدد | آب:250:میلیلیتر","پیازها را به صورت خلالی خرد کرده و در روغن مایع تفت دهید تا سبک و شفاف شوند. سپس گوشت چرخ‌کرده را اضافه کرده و تفت دهید تا تغییر رنگ دهد. | رب گوجه‌فرنگی، نمک، فلفل سیاه و زردچوبه را به مواد اضافه کنید و چند دقیقه تفت دهید تا بوی خامی رب گرفته شده و رنگ آن باز شود. | سیب‌زمینی‌ها را پوست گرفته و به صورت مکعبی درشت خرد کنید. فلفل دلمه‌ای را نیز خرد کرده و هر دو را به تابه اضافه کنید. | آب را به مواد بیفزایید، درب تابه را بگذارید و اجازه دهید با حرارت ملایم به مدت ۳۰ تا ۴۰ دقیقه بپزد تا سیب‌زمینی‌ها کاملاً نرم شده و سس غذا غلیظ شود."
"dish-5-1766972486975","Tempura (تمپورا - ژاپن)","international","تمپورا یکی از نمادین‌ترین غذاهای ژاپنی است که شامل میگو و سبزیجات در یک خمیر بسیار سبک، سرد و ترد است. رمز اصلی یک تمپورای عالی، استفاده از آب یخ و عدم هم زدن بیش از حد خمیر برای ایجاد بافتی پفکی و شکننده است.","balanced","undefined","زنجبیل رنده شده یا رادیش (تربچه)","480","35","متوسط","ژاپن","میگو (پوست کنده و رگ گیری شده):400:گرم | فلفل دلمه‌ای (نواری خرد شده):1:عدد | پیاز (حلقه‌ای خرد شده):1:عدد | بادمجان (ورقه‌ای نازک خرد شده):1:عدد | بروکلی (به گلچه‌های کوچک تقسیم شده):200:گرم | آرد گندم (یا آرد تمپورا):125:گرم | تخم‌مرغ:1:عدد | آب سرد (بسیار سرد، همراه با تکه‌های یخ):200:لیتر | جوش شیرین (اختیاری):3:پیمانه | روغن نباتی برای سرخ کردن عمیق:500:میلی‌لیتر | دشی (برای سس تنتسویو):240:میلی‌لیتر | سس سویا (برای سس تنتسویو):60:میلی‌لیتر | میرین (برای سس تنتسویو):60:میلی‌لیتر | رادیش رنده شده:0:به میزان لازم | زنجبیل رنده شده:0:به میزان لازم","میگوها را آماده کنید؛ برای جلوگیری از خم شدن هنگام سرخ شدن، چند برش کوچک عرضی زیر شکم آن‌ها ایجاد کرده و کمی فشار دهید تا صاف شوند. سبزیجات را کاملاً خشک کنید تا خمیر به آن‌ها بچسبد. | برای تهیه خمیر تمپورا: در یک کاسه بزرگ، ابتدا تخم‌مرغ را کمی هم بزنید. سپس آب بسیار سرد را اضافه کرده و مخلوط کنید. | آرد و جوش شیرین را به مخلوط اضافه کنید. با استفاده از چنگال یا چوبک، فقط در حد چند ثانیه هم بزنید. خمیر باید ناهموار و دارای گلوله‌های آرد باشد؛ هم زدن زیاد باعث سفت شدن تمپورا می‌شود. | روغن نباتی را در یک قابلمه عمیق به دمای ۱۷۰ تا ۱۸۰ درجه سانتی‌گراد برسانید. | هر قطعه میگو یا سبزیجات را ابتدا در کمی آرد خشک زده، سپس در خمیر فرو ببرید و بلافاصله و با احتیاط در روغن داغ رها کنید. | مواد را در دسته‌های کوچک سرخ کنید تا خمیر آن‌ها ترد و به رنگ طلایی بسیار روشن درآید (حدود ۲ تا ۳ دقیقه). سپس آن‌ها را روی توری فلزی یا دستمال حوله‌ای قرار دهید تا روغن اضافی گرفته شود. | برای تهیه سس تنتسویو: دشی، سس سویا و میرین را در یک ظرف کوچک مخلوط کرده و روی حرارت کمی گرم کنید اما به نقطه جوش نرسانید. | تمپورای داغ را بلافاصله همراه با سس تنتسویو، رادیش رنده شده و زنجبیل رنده شده سرو نمایید."
"dish-6-1766794336336","آش دوغ اردبیل","ash","آش دوغ یکی از اصیل‌ترین و محبوب‌ترین غذاهای محلی استان اردبیل است. این آش با ترکیب دوغ محلی، برنج، نخود و سبزیجات تازه تهیه می‌شود و به دلیل وجود دوغ، طعمی ملس و بافتی کرمی دارد که معمولاً با کوفته‌قلقلی‌های ریز سرو می‌شود.","cold","سرد و تر","سیر داغ و نعنا","1150","90","متوسط","ایران","دوغ محلی ترش:2:لیتر | نخود پخته:200:گرم | برنج نیم‌دانه:180:پیمانه | تخم‌مرغ:1:عدد | سبزی (گشنیز، تره و سیر تازه):50:حبه | گوشت چرخ کرده:200:گرم | نمک و فلفل و زردچوبه:1:به میزان لازم","برنج نیم‌دانه را از قبل خیس کنید. سپس آن را در یک قابلمه بزرگ با تخم‌مرغ و حدود یک لیوان از دوغ کاملاً مخلوط کنید و با همزن دستی بزنید تا تخم‌مرغ یکدست شده و از بریدن دوغ هنگام حرارت جلوگیری شود. | باقیمانده دوغ را به قابلمه اضافه کرده و روی حرارت متوسط قرار دهید. مواد را به صورت مداوم و در یک جهت هم بزنید تا دوغ به جوش آید. هم نزدن در این مرحله باعث بریدن دوغ می‌شود. | پس از اینکه دوغ به جوش آمد، حرارت را کمی ملایم کنید. سبزیجات خرد شده (گشنیز، تره و سیر تازه) و نخود پخته شده را به قابلمه اضافه کنید. | گوشت چرخ‌کرده را با کمی نمک و فلفل ورز دهید و به شکل کوفته‌قلقلی‌های بسیار ریز (به اندازه فندق) درآورده و به آرامی در آش در حال جوش بیندازید تا خود را بگیرند. | اجازه دهید آش با حرارت ملایم به مدت ۴۵ دقیقه بپزد تا برنج کاملاً مغزپخت شده و آش به غلظت مناسب برسد و جا بیفتد. | در ۱۰ دقیقه پایانی پخت، نمک را اندازه کنید (با توجه به نمک خود دوغ) و در نهایت آش را در ظرف مورد نظر کشیده و با سیر داغ تزیین و سرو کنید."
"dish-6-1766799342396","عدس‌پلو با کشمش و خرما","polo","یک غذای گیاهی کامل و سنتی که طبع سرد عدس با گرمی خرما و کشمش متعادل می‌شود.","balanced","معتدل (بسیار مقوی)","تخم گشنیز، زیره","450","60","آسان","ایران","برنج:4:پیمانه | عدس:2:پیمانه | خرما هسته‌گرفته:12:عدد | کشمش پلویی:1:گرم","عدس را بپزید. برنج را آبکش کنید. | کشمش و خرمای تکه شده را با پیاز داغ تفت دهید. | مخلوط برنج و عدس را با دارچین دم کنید. | در انتها با مخلوط خرما و کشمش تزیین و سرو کنید."
"dish-6-1766876956936","آبگوشت مرغ","khorak","یک نسخه متفاوت و خوشمزه از آبگوشت اصیل ایرانی که با گوشت مرغ تهیه شده و برای کسانی که به دنبال غذای سبک‌تر هستند بسیار مناسب است.","cold","سرد و تر (مرغ ماشینی) / گرم و تر (مرغ محلی)","زنجبیل، دارچین، زیره سبز","420","90","متوسط","ایران","ران یا سینه مرغ:800:گرم | نخود و لوبیا چیتی پخته شده:200:گرم | سیب‌زمینی:300:عدد | پیاز:2:عدد | سیر:2:حبه | رب گوجه فرنگی:200:قاشق | رب گوجه فرنگی:40:قاشق | چوب دارچین:1:قطعه | آب:1200:میلیلیتر | روغن مایع:1:به میزان لازم | نمک و فلفل و زردچوبه:1:به میزان لازم | نمک و فلفل و زردچوبه:1:به میزان لازم | نمک و فلفل و زردچوبه:1:به میزان لازم","ابتدا پیازها را خرد کرده و در قابلمه با مقداری روغن تفت دهید تا سبک و طلایی شوند. سپس سیرهای خرد شده را اضافه کرده و کمی دیگر تفت دهید. | تکه‌های مرغ را به همراه زردچوبه و چوب دارچین به قابلمه اضافه کنید و تفت دهید تا مرغ تغییر رنگ دهد. | آب را به مواد اضافه کرده و پس از به جوش آمدن، حرارت را ملایم کنید تا مرغ‌ها نیم‌پز شوند. | نخود و لوبیای پخته شده را به همراه سیب‌زمینی‌ها و گوجه‌فرنگی‌ها (به صورت چهارقاچ یا درسته) به قابلمه بیفزایید. | در تابه ای جداگانه رب گوجه فرنگی را با کمی روغن تفت دهید تا بوی خامی آن گرفته شود، سپس آن را همراه با نمک و فلفل به قابلمه اصلی اضافه کنید. | اجازه دهید غذا با حرارت ملایم کاملاً جا بیفتد و سیب‌زمینی‌ها پخته شوند. در اواخر پخت چوب دارچین را از قابلمه خارج کنید."
"dish-6-1766877137846","شامی لپه قزوینی ","khorak","شامی پوک و خوشمزه مخصوص قزوین که با لپه پخته شده و سبزیجات معطر تهیه می‌شود و بافتی بسیار ترد دارد.","balanced","معتدل رو به گرم","سماق، نارنج تازه، سبزی خوردن","320","90","متوسط","ایران","گوشت چرخ کرده:300:گرم | لپه پخته شده و چرخ شده:150:پیمانه | پیاز رنده شده و آب گرفته:1:عدد | تخم‌مرغ:2:عدد | سبزی معطر خشک (مرزه، ترخون، شنبیله):1:قاشق غذاخوری | نمک و فلفل سیاه و زرد چوبه:1:به میزان لازم | روغن مخصوص سرخ کردنی:1:به میزان لازم","لپه را از قبل خیس کرده و کاملاً بپزید، سپس آبکش کرده و چرخ کنید یا خوب بکوبید. | گوشت چرخ‌کرده، لپه کوبیده شده، پیاز آب‌گرفته و ادویه‌ها را در ظرفی مخلوط کنید. | سبزیجات معطر خشک را که پودر کرده‌اید به مواد اضافه کنید. | تخم‌مرغ‌ها را اضافه کرده و مایه شامی را به خوبی ورز دهید تا چسبندگی لازم را پیدا کند. | از مواد گلوله‌هایی برداشته، پهن کنید و وسط آن را سوراخ کنید و در روغن داغ شناور سرخ نمایید."
"dish-6-1766881812358","شوربا بوقلمون و سبزیجات","khorak","شوربا بوقلمون و سبزیجات یک غذای بسیار مقوی، سالم و سنتی است که به دلیل داشتن پروتئین باکیفیت و انواع ویتامین‌های موجود در سبزیجات و شلغم، گزینه‌ای ایده‌آل برای تقویت بدن و بهبود سرماخوردگی در فصول سرد سال محسوب می‌شود.","hot","گرم و تر","سکنجبین، سماق","280","90","آسان","ایران","گردن و بال بوقلمون:500:گرم | برنج نیم‌دانه:90:پیمانه | سبزی آش (تره، جعفری، گشنیز، اسفناج):200:گرم | شلغم یا کدو سبز:2:گرم | پیاز:1:عدد | نخود فرنگی:75:گرم | آب:2000:میلیلیتر | آبغوره:60:قاشق | نمک، زردچوبه و فلفل:0:به میزان لازم","ابتدا پیاز را خرد کرده و همراه با گردن و بال بوقلمون، زردچوبه و آب در یک قابلمه مناسب بریزید و روی حرارت قرار دهید تا بوقلمون کاملاً پخته شده و عصاره آن خارج شود. | پس از پخت کامل، قطعات بوقلمون را از قابلمه خارج کرده، استخوان‌ها را جدا کنید و گوشت را به صورت ریش‌ریش درآورید؛ سپس گوشت‌ها را دوباره به قابلمه برگردانید. | برنج نیم‌دانه را که از قبل شسته‌اید به آب گوشت اضافه کنید و اجازه دهید با حرارت ملایم بجوشد تا دانه‌های برنج کاملاً باز شده و به غذا لعاب بدهند. | سبزی آش خرد شده، شلغم یا کدو سبز (که به صورت نگینی خرد شده است) و نخود فرنگی را به قابلمه اضافه نمایید. | حرارت را ملایم نگه دارید و اجازه دهید تمام مواد با هم پخته شده و شوربا به غلظت مناسب برسد و اصطلاحاً جا بیفتد. | در ۱۰ دقیقه پایانی پخت، نمک، فلفل و آبغوره را برای تنظیم طعم و چاشنی اضافه کرده و سپس شوربای داغ را سرو کنید."
"dish-6-1766883317766","خورش کدو حلوایی با عدس","stew","این خورش یکی از غذاهای سنتی و مقوی ایرانی است که با ترکیب کدو حلوایی، عدس و چاشنی‌های معطر تهیه می‌شود. این غذا گزینه‌ای عالی برای گیاه‌خواران و علاقه‌مندان به طعم‌های ملس در فصل پاییز و زمستان است.","cold","سرد و خشک (غالب)","گلپر، روغن حیوانی، دارچین","280","60","متوسط","ایران","عدس:200:پیمانه | کدو حلوایی:400:گرم | پیاز درشت:1:عدد | سیر:2:حبه | رب گوجه فرنگی:30:قاشق | ابلیموی ترش و تازه:30:قاشق | نمک و فلفل سیاه و زرد چوبه:1:به میزان لازم | روغن به میزان لازم:45:به میزان لازم","عدس را از چند ساعت قبل خیس کرده و سپس با مقداری آب روی حرارت قرار دهید تا نیم‌پز شود. | پیاز درشت را به صورت نگینی خرد کرده و در قابلمه با مقداری روغن تفت دهید تا سبک و طلایی شود. | سیرهای خرد شده را به پیاز اضافه کرده و پس از خارج شدن عطر آن، زردچوبه، فلفل سیاه و رب گوجه فرنگی را افزوده و به خوبی تفت دهید تا رنگ رب باز شود. | کدو حلوایی را به صورت مکعب‌های یکسان خرد کرده و به مخلوط پیاز و رب اضافه کنید و برای چند دقیقه تفت دهید تا کدوها هنگام پخت له نشوند. | عدس نیم‌پز را به همراه مقداری آب جوش به قابلمه اضافه کنید و اجازه دهید خورش با حرارت ملایم شروع به جوشیدن کند. | در ۲۰ دقیقه پایانی پخت، نمک و ابلیموی ترش و تازه را به خورش اضافه کنید. | اجازه دهید خورش کاملا جا بیفتد و غلیظ شود؛ دقت کنید کدوها پخته شوند اما له نشوند و ظاهر خود را حفظ کنند."
"dish-6-1766883592583","خورش آلو بخارا با کوفته قلقلی","stew","یک خورش اصیل و مجلسی ایرانی با طعم ملس که از ترکیب کوفته‌قلقلی‌های سرخ شده و آلو بخارا تهیه می‌شود و بسیار لذیذ است.","balanced","معتدل (متمایل به سرد) - در خورش آلو بخارا با کوفته قلقلی","زعفران، زیره، فلفل سیاه","420","60","متوسط","ir","گوشت چرخ کرده:400:گرم | آلو بخارا:20:عدد | پیاز:2:عدد | رب گوجه فرنگی:45:قاشق | زعفران دم‌کرده:1:به میزان لازم | شکر (اختیاری):15:به میزان لازم | نمک و فلفل سیاه و زرد چوبه:1:به میزان لازم | روغن مایع:0:به میزان لازم | آب جوش:480:میلیلیتر","ابتدا یکی از پیازها را رنده کرده و نیمی از آب آن را بگیرید. سپس آن را با گوشت چرخ‌کرده، نمک، فلفل سیاه و زردچوبه به خوبی ورز دهید تا منسجم شود. از مواد به اندازه گردو برداشته و کوفته‌های ریز (قلقلی) درست کنید. | در یک تابه مناسب مقداری روغن مایع بریزید و کوفته‌ها را در آن سرخ کنید تا تمام سطوح آن‌ها طلایی شود، سپس کوفته‌ها را از تابه خارج کرده و کنار بگذارید. | پیاز دوم را به صورت نگینی خرد کرده و در همان تابه تفت دهید تا سبک و طلایی شود. | رب گوجه فرنگی را به پیازها اضافه کرده و تفت دهید تا بوی خامی آن گرفته شده و رنگ زیبایی به روغن بدهد. | آلوهای بخارا را که از قبل به مدت ۳۰ دقیقه خیسانده‌اید، به تابه اضافه کنید و کمی تفت دهید تا در هنگام پخت وا نروند. | آب جوش را به مواد اضافه کنید و اجازه دهید سس به جوش بیاید. سپس کوفته‌های سرخ شده را به آرامی درون خورش قرار دهید. | حرارت را ملایم کنید تا خورش به مدت ۴۵ دقیقه کاملاً جا بیفتد. در ۱۰ دقیقه پایانی پخت، زعفران دم‌کرده و شکر را برای ایجاد طعم ملس اضافه کنید. این خورش باید کم‌آب و غلیظ سرو شود."
"dish-6-1766883843657","خورش چغندر و آلو","stew","خورش چغندر و آلو یکی از خورش‌های اصیل و خوش‌رنگ سفره‌های ایرانی است که با ترکیب طعم‌های شیرین و ملس، گزینه‌ای عالی برای فصول سرد سال به شمار می‌رود. این غذا به دلیل استفاده از لبو (چغندر قرمز) و آلو بخارا، سرشار از آنتی‌اکسیدان و فیبر است.","balanced","معتدل (به دلیل ترکیب گرمی چغندر و سردی آلو)","عسل یا کمی شکر سرخ، زعفران","550","150","متوسط","ir","گوشت گوسفندی یا گوساله:400:گرم | چغندر قرمز متوسط:600:گرم | آلو بخارا:150:عدد | پیاز بزرگ:1:عدد | رب انار:25:قاشق | شکر (اختیاری):15:به میزان لازم | زعفران دم‌کرده:1:به میزان لازم | نمک و فلفل و زردچوبه:1:به میزان لازم | روغن مایع:1:به میزان لازم","ابتدا پیاز را به صورت نگینی ریز خرد کرده و در قابلمه با مقداری روغن مایع تفت دهید تا سبک و طلایی شود. | تکه‌های گوشت را به پیاز اضافه کرده و به همراه زردچوبه و فلفل سیاه تفت دهید تا رنگ گوشت کاملاً تغییر کند و بوی خامی آن گرفته شود. | مقداری آب جوش به قابلمه اضافه کنید (به طوری که روی گوشت را بپوشاند) و حرارت را ملایم کنید تا گوشت نیم‌پز شود. | چغندرها را پوست گرفته و به صورت خلالی یا حبه‌ای خرد کنید. در یک تابه جداگانه، چغندرها را با کمی روغن تفت دهید تا در خورش له نشوند، سپس آن‌ها را به گوشت نیم‌پز اضافه کنید. | آلو بخارا را که از قبل به مدت ۳۰ دقیقه در آب سرد خیس کرده‌اید، آبکشی کرده و به همراه رب انار و شکر (بسته به ذائقه) به خورش بیفزایید. | اجازه دهید خورش با حرارت بسیار ملایم جا بیفتد تا چغندرها کاملاً پخته شده و غلظت مطلوب حاصل شود. | در ۱۰ دقیقه پایانی پخت، نمک خورش را اندازه کنید و زعفران دم‌کرده را برای عطر و رنگ بهتر به آن اضافه نمایید."
"dish-6-1766884212693","باقلاقاتق","stew","باقلاقاتق یکی از اصیل‌ترین و محبوب‌ترین خورش‌های گیلانی است که با لوبیای کشاورزی، شوید و سیر فراوان تهیه می‌شود. این غذای خوش‌عطر و طعم معمولاً به همراه کته ایرانی و چاشنی‌هایی نظیر ماهی شور یا اشپل سرو می‌گردد.","cold","سرد و تر","سیر، فلفل سیاه، دارچین، زیره","320","45","متوسط","ir","لوبیا کشاورزی (پاچ باقلا) پوست کنده:500:گرم | تخم‌مرغ:4:عدد | سیر له شده:4:حبه | شوید خشک:50:قاشق | کره یا روغن محلی:50:گرم | نمک و فلفل و زردچوبه:1:به میزان لازم | نمک و فلفل سیاه و زرد چوبه:1:به میزان لازم | آب:500:میلیلیتر","ابتدا سیرهای له شده را با مقداری زردچوبه در کره یا روغن محلی تفت دهید تا عطر سیر آزاد شود و رنگ زردچوبه باز شود. | شوید خشک را به سیر اضافه کرده و به مدت کوتاهی تفت دهید تا بوی خامی آن گرفته شود، اما مراقب باشید که نسوزد. | لوبیاهای کشاورزی پوست‌کنده را به مواد داخل قابلمه اضافه کنید و حدود ۲ دقیقه همراه با سیر و شوید تفت دهید تا طعم‌ها با هم ترکیب شوند. | حدود ۵۰۰ میلی‌لیتر آب به قابلمه اضافه کنید و اجازه دهید خورش با حرارت ملایم پخته شود تا لوبیاها نرم شوند (دقت کنید لوبیاها نباید له شوند). | پس از پخت کامل لوبیا، نمک و فلفل را اندازه کنید و سپس تخم‌مرغ‌ها را با احتیاط روی خورش بشکنید. | درب قابلمه را بگذارید تا تخم‌مرغ‌ها کاملاً بسته شوند؛ توجه داشته باشید که نباید تخم‌مرغ‌ها را هم بزنید تا ظاهر خورش حفظ شود. | پس از جا افتادن خورش و بسته شدن تخم‌مرغ‌ها، آن را در کنار کته ایرانی سرو کنید."
"dish-6-1766956020736","سوپ دال عدس","soup","سوپ دال عدس یکی از سوپ‌های مقوی، سریع و پرطرفدار بین‌المللی و ایرانی است که به دلیل داشتن عدس قرمز، منبع غنی پروتئین و فیبر محسوب می‌شود. این سوپ با طعمی تند و بافتی نرم، گزینه‌ای عالی برای وعده شام یا پیش‌غذا است.","balanced","undefined","سرکه، گلپر، زیره سبز","210","45","آسان","ir","دال عدس (عدس قرمز):300:پیمانه | سیب‌زمینی:150:عدد | پیاز:1:عدد | سیر:3:حبه | رب گوجه فرنگی:30:قاشق | آب قلم یا عصاره مرغ:960:میلی‌لیتر | روغن مایع:1:به میزان لازم | نمک و فلفل و زردچوبه:1:به میزان لازم | فلفل قرمز:0:به میزان لازم | نمک و فلفل و زردچوبه:1:به میزان لازم | آبلیمو یا تمبر هندی:30:میلی‌لیتر","پیاز را به صورت نگینی ریز خرد کرده و در قابلمه با مقداری روغن تفت دهید تا سبک و طلایی شود. | سیرهای له شده را به همراه زردچوبه و فلفل قرمز به پیاز اضافه کرده و به مدت ۱ دقیقه تفت دهید تا عطر آن‌ها خارج شود. | رب گوجه‌فرنگی را اضافه کنید و به تفت دادن ادامه دهید تا بوی خامی رب گرفته شده و رنگ آن کاملاً باز شود. | سیب‌زمینی را پوست گرفته و نگینی خرد کنید، سپس به همراه دال عدس که از قبل شسته شده است به قابلمه اضافه نمایید. | آب قلم یا عصاره مرغ را روی مواد بریزید، حرارت را زیاد کنید تا به جوش بیاید، سپس حرارت را ملایم کرده و درب قابلمه را بگذارید تا مواد به مدت ۳۰ تا ۴۰ دقیقه کاملاً پخته و نرم شوند. | پس از پخت کامل، در صورت تمایل سوپ را با گوشت‌کوب برقی میکس کنید تا بافتی کاملاً یکدست و کرمی به دست آید. | در مرحله آخر، نمک و چاشنی ترش (آبلیمو یا عصاره تمبر هندی) را اضافه کرده و پس از ۵ دقیقه جوشیدن، سوپ را در ظرف مورد نظر سرو کنید."
"dish-6-1766956416038","همبرگر گوشت گوسفندی سنتی (Traditional Lamb Burger)","fastfood","یک همبرگر لذیذ و اصیل با طعم خاص گوشت گوسفندی و ادویه‌های سنتی مانند سماق که بافتی آبدار و طعمی منحصر به فرد دارد.","hot","گرم و تر","گشنیز، سماق","480","45","متوسط","ایران","گوشت چرخ کرده:600:گرم | پیاز قرمز متوسط:1:عدد | سماق:0:قاشق | پودر تخم گشنیز:0:به میزان لازم | نمک و فلفل قرمز به میزان لازم:0:به میزان لازم | نان مک‌دونالدی:1:به میزان لازم | جعفری تازه و پیاز حلقه‌ای:1:عدد | روغن مایع:1:به میزان لازم","پیاز قرمز را رنده کرده و با استفاده از یک پارچه تمیز یا فشار دست، آب اضافی آن را کاملاً جدا کنید تا مایه برگر شل نشود. | در یک کاسه بزرگ، گوشت گوسفندی چرخ‌کرده را با پیاز رنده شده، سماق، پودر تخم گشنیز، نمک و فلفل قرمز ترکیب کنید. | مواد را به مدت حداقل ۵ دقیقه به خوبی ورز دهید تا مایه گوشتی کاملاً یکدست و چسبنده شود. | مایه را به ۴ قسمت مساوی تقسیم کرده و هر قسمت را به شکل یک قرص همبرگر هم‌اندازه قالب بزنید. | برگرها را در یک ظرف چیده و روی آن‌ها را بپوشانید؛ سپس به مدت ۳۰ دقیقه در یخچال قرار دهید تا خودشان را بگیرند و طعم‌ها با هم ترکیب شوند. | تابه را با مقدار کمی روغن چرب کرده و روی حرارت ملایم قرار دهید؛ برگرها را داخل تابه بگذارید و هر طرف را به آرامی سرخ کنید تا کاملاً مغزپخت شوند. | نان‌ها را از وسط برش زده و کمی تست کنید؛ سپس برگرها را داخل نان قرار داده و همراه با ترکیب جعفری تازه و پیاز حلقه‌ای سرو نمایید."
"dish-6-1766956905814","(جوجه‌کباب تند","kabab","جوجه کبابی آتشین برای علاقه‌مندان به طعم‌های تند، که با فلفل قرمز فراوان و ادویه‌های مخصوص مزه‌دار شده و متابولیسم بدن را بالا می‌برد.","hot","گرم و خشک","ماست، دوغ، گشنیز، لیموترش","400","40","آسان","ایران","مرغ (سینه یا ران):800:گرم | فلفل قرمز پودر شده:1.5:قاشق غذاخوری | فلفل سبز تند:4:عدد | پیاز:2:عدد | ابلیموی ترش و تازه:4:قاشق | روغن زیتون:4:قاشق | نمک و پودر پاپریکا:1:به میزان لازم | زعفران دم‌کرده:1:به میزان لازم","مرغ‌ها را شسته و به اندازه جوجه کبابی خرد کنید. | پیازها را خلالی خرد کرده و در ظرفی بریزید. | مرغ‌ها را به پیاز اضافه کرده و سپس پودر فلفل قرمز، پاپریکا، آب لیمو، روغن زیتون، زعفران و نمک را اضافه کنید. | فلفل‌های سبز تند را خرد کرده و به مواد اضافه کنید و خوب ورز دهید. | روی ظرف را پوشانده و ۳ تا ۵ ساعت در یخچال بگذارید، سپس به سیخ کشیده و کباب کنید."
"dish-6-1766958808663","بیف استروگانف (Beef Stroganoff - روسیه)","international","یک غذای اصیل و کلاسیک روسی متشکل از تکه‌های نازک گوشت گوساله، قارچ و سس خامه‌ای لذیذ که معمولاً با سیب‌زمینی سرخ‌کرده خلالی یا نودل سرو می‌شود.","hot","گرم و تر","فلفل سیاه یا جعفری","480","45","متوسط","روسیه","گوشت گوساله (فیله یا راسته, نواری نازک برش داده شده):600:گرم | قارچ دگمه ای:350:گرم | پیاز متوسط (خلالی خرد شده):1:عدد | سیر (ریز خرد شده):2:حبه | آب گوشت:250:میلی‌لیتر | خامه ترش (یا ماست پرچرب):200:میلیلیتر | خردل دیژون:15:میلی‌لیتر | آرد نخودچی:25:قاشق | روغن نباتی یا کره:50:گرم | نمک و فلفل سیاه و زرد چوبه:1:به میزان لازم | جعفری تازه برای تزیین:20:به میزان لازم","نوارهای گوشت گوساله را با نمک و فلفل سیاه مزه‌دار کنید. در یک تابه بزرگ، ۳۰ میلی‌لیتر از روغن یا کره را روی حرارت بالا گرم کرده و گوشت‌ها را در دسته‌های کوچک سریع تفت دهید تا قهوه‌ای شوند، سپس آن‌ها را از تابه خارج کنید. | باقی‌مانده روغن یا کره را به تابه اضافه کنید. پیازهای خلالی را ریخته و حدود ۵ دقیقه تفت دهید تا شفاف شوند. سپس قارچ‌های اسلایس شده را اضافه کرده و تفت دادن را تا کشیده شدن آب قارچ و طلایی شدن آن‌ها ادامه دهید. | سیر ریز خرد شده را اضافه کرده و ۱ دقیقه تفت دهید. آرد نخودچی را روی مواد بپاشید و ۱ دقیقه دیگر تفت دهید تا بوی خامی آرد گرفته شود. | آب گوشت را به آرامی به تابه اضافه کنید و مدام هم بزنید تا سس غلیظ و یکدست شود. اجازه دهید سس برای ۳ دقیقه به آرامی بجوشد. | خامه ترش و خردل دیژون را در کاسه‌ای کوچک یکدست کرده و به سس داخل تابه اضافه کنید. حرارت را کم کنید تا سس نجوشد و خامه نبرد. | گوشت‌های تفت داده شده را به تابه برگردانید و ۲-۳ دقیقه زمان دهید تا طعم‌ها با هم ترکیب شوند. در این مرحله نمک و فلفل را بر اساس ذائقه اندازه کنید. | بیف استروگانف را در ظرف سرو کشیده و با جعفری تازه خرد شده تزیین کنید. این غذا را می‌توان در کنار سیب‌زمینی سرخ‌کرده یا پوره سیب‌زمینی میل کرد."
"dish-6-1766959134380","فلافل خانگی - خاورمیانه","international","فلافل یکی از محبوب‌ترین و لذیذترین غذاهای خیابانی خاورمیانه است که بر پایه نخود تهیه می‌شود. این دستور پخت به شما کمک می‌کند تا فلافلی ترد، پوک و با طعم اصیل در منزل تهیه کنید.","hot","گرم و خشک","کاهو، خیار، گوجه‌فرنگی، سماق، ترشی","320","45","متوسط","خاورمیانه","نخود (خیس خورده از ۲۴ ساعت قبل):400:گرم | پیاز متوسط:1:عدد | سیر:4:حبه | جعفری و گشنیز:40:گرم | ادویه فلافل (پودر انبه، زیره، تخم گشنیز، فلفل قرمز):0:به میزان لازم | بیکینگ پودر:5:گرم | نمک و فلفل و زردچوبه:0:به میزان لازم | روغن مخصوص سرخ کردنی:1:به میزان لازم","نخودهای خیس‌خورده را که چندین بار آب آن‌ها را عوض کرده‌اید، به همراه پیاز، سیر و سبزیجات (جعفری و گشنیز) دو بار چرخ کنید تا مایه کاملاً نرم و یکدستی حاصل شود. | ادویه فلافل، نمک و بیکینگ پودر را به مایه آماده شده اضافه کنید و با دست به خوبی ورز دهید تا ادویه‌ها کاملاً به خورد مواد بروند. | مایه فلافل را در ظرفی دربسته ریخته و به مدت ۳۰ دقیقه در یخچال قرار دهید تا اصطلاحاً استراحت کند و منسجم شود. | در یک قابلمه کوچک و عمیق، روغن را به مقداری بریزید که فلافل‌ها در آن شناور شوند و اجازه دهید کاملاً داغ شود. | با استفاده از قالب مخصوص فلافل، مواد را قالب زده و به آرامی در روغن بیندازید. حرارت را ملایم کنید تا فلافل‌ها مغزپخت و طلایی شوند. | فلافل‌های آماده را روی دستمال روغن‌گیر قرار دهید تا روغن اضافی آن‌ها گرفته شود، سپس به همراه نان پیتا، گوجه، خیارشور و سس تند سرو کنید."
"dish-6-1766961078330","منتو افغانی (Mantu)","international","منتو یکی از لذیذترین و مشهورترین غذاهای سنتی افغانستان است که از خمیرهای ظریف پر شده با گوشت و پیاز تهیه شده و به صورت بخارپز پخته می‌شود. این غذا معمولاً با سس ماست و سیر و یک سس گوجه‌فرنگی غلیظ همراه با نعناع سرو می‌گردد.","hot","گرم و تر","نعناع خشک|سیر","620","60","متوسط","افغانستان","آرد سفید:375:گرم | آب:360:میلیلیتر | نمک و فلفل و زردچوبه:1:به میزان لازم | گوشت چرخ کرده:500:گرم | پیاز متوسط:2:عدد | نمک، فلفل سیاه، گشنیز پودر شده:0:به میزان لازم | ماست چکیده:500:پیمانه | سیر رنده شده:3:حبه | رب گوجه فرنگی:45:قاشق | روغن زیتون:15:قاشق | پودر نعناع خشک:5:قاشق","برای تهیه خمیر، آرد سفید را با ۲۴۰ میلی‌لیتر آب و کمی نمک مخلوط کرده و به خوبی ورز دهید تا خمیری نرم و یکدست حاصل شود. خمیر را بپوشانید و اجازه دهید ۳۰ دقیقه استراحت کند. | گوشت چرخ‌کرده را با پیازهای کاملاً نگینی خرد شده، نمک، فلفل سیاه و پودر گشنیز مخلوط کنید. توجه داشته باشید که مواد میانی منتو نیازی به سرخ کردن اولیه ندارند. | خمیر را با وردنه بسیار نازک باز کنید و آن را به مربع‌های کوچک (حدود ۵x۵ سانتی‌متر) برش بزنید. در مرکز هر مربع یک قاشق از مواد گوشتی قرار داده و گوشه‌های خمیر را به هم بچسبانید تا شکل سنتی منتو ایجاد شود. | طبقات دیگ بخارپز (منتو پز) را با کمی روغن چرب کنید. منتوها را با فاصله در سینی‌ها چیده و به مدت ۲۰ تا ۲۵ دقیقه بخارپز کنید تا کاملاً پخته شوند. | برای سس ماست، ماست چکیده را با سیر رنده شده و کمی نمک مخلوط کنید. برای تهیه سس گوجه‌فرنگی، رب گوجه‌فرنگی را در روغن تفت دهید، سپس ۱۲۰ میلی‌لیتر آب و پودر نعناع خشک را اضافه کرده و بگذارید بجوشد تا غلیظ شود. | برای سرو، ابتدا مقداری سس ماست در دیس بریزید، منتوهای داغ را روی آن بچینید و سپس مابقی سس ماست و سس گوجه‌فرنگی را روی آن‌ها بدهید. در انتها با کمی پودر نعناع تزیین کنید."
"dish-6-1766961391029","Penne all'Arrabbiata (پنه آلا آرابیاتا - ایتالیا)","international","پنه آلا آرابیاتا یکی از اصیل‌ترین و محبوب‌ترین پاستاهای ایتالیایی است که ریشه در شهر رم دارد. این غذا به دلیل طعم تند و تیز ناشی از فلفل قرمز، «آرابیاتا» (به معنای خشمگین) نامیده می‌شود و ترکیبی بی‌نظیر از سادگی و طعم‌های جسورانه است.","hot","گرم و خشک","ریحان تازه یا جعفری","420","25","آسان","ایتالیا","۴۰۰ گرم پنه:400:گرم | ۱ عدد کنسرو گوجه‌فرنگی خرد شده (۴۰۰ گرم):400:گرم | ۴ حبه سیر (نازک اسلایس شده):4:حبه | ۱/۲ تا ۱ قاشق چای‌خوری فلفل قرمز پرک شده:0:به میزان لازم | روغن زیتون:60:قاشق | کمی جعفری تازه (خرد شده) برای تزیین:30:به میزان لازم | نمک و فلفل و زردچوبه:1:به میزان لازم | نمک و فلفل سیاه:1:به میزان لازم","در یک قابلمه بزرگ، آب را به همراه نمک فراوان به جوش آورید. پنه را اضافه کرده و حدود ۱ تا ۲ دقیقه زودتر از زمان ذکر شده روی بسته‌بندی بپزید تا در مرحله «آل دنته» (کمی سفت زیر دندان) باشد. پیش از آبکش کردن، حدود ۱۲۰ میلی‌لیتر از آب پخت پاستا را بردارید و کنار بگذارید. | در یک تابه بزرگ و دیواره‌دار، روغن زیتون را روی حرارت ملایم گرم کنید. سیرهای اسلایس شده و فلفل قرمز پرک شده را اضافه کرده و به مدت ۲ تا ۳ دقیقه تفت دهید تا عطر سیر آزاد و نرم شود، اما مراقب باشید که سیرها تغییر رنگ نداده و قهوه‌ای نشوند. | کنسرو گوجه‌فرنگی خرد شده را به تابه اضافه کنید. نمک و فلفل سیاه را اضافه کرده و حرارت را کمی افزایش دهید تا سس به جوش بیاید. سپس حرارت را کم کرده و اجازه دهید سس به مدت ۱۵ دقیقه به آرامی بجوشد و غلیظ شود. | پنه آبکش شده را مستقیماً به تابه سس اضافه کنید. حدود نصف پیمانه از آب پخت پاستا را که کنار گذاشته بودید اضافه کرده و پاستا را با سس به مدت ۱ تا ۲ دقیقه روی حرارت ملایم هم بزنید تا سس کاملاً به خورد پاستا برود و به آن بچسبد. | پاستا را در ظرف‌های سرو ریخته و بلافاصله با جعفری تازه خرد شده تزیین کنید. در صورت تمایل می‌توانید کمی روغن زیتون بکر روی آن بریزید و میل کنید."
"dish-6-1766963128331","Salad Olivieh (سالاد الویه)","international","سالاد الویه یکی از محبوب‌ترین و پرطرفدارترین غذاهای سرد در ایران است که اصالتی روسی دارد. این غذای کامل و لذیذ با ترکیبی از مرغ، سیب‌زمینی، تخم‌مرغ و سبزیجات پخته تهیه شده و با سس مایونز طعم‌دار می‌شود. الویه گزینه‌ای عالی برای مهمانی‌ها، پیک‌نیک و وعده‌های ناهار یا شام سبک است.","cold","سرد و تر","آویشن، فلفل سیاه، زیره، زیتون و نان سنگک","420","60","متوسط","روسیه (بومی شده در ایران)","سینه مرغ:350:گرم | سیب‌زمینی:500:عدد | تخم‌مرغ:3:عدد | خیارشور:200:عدد | نخود فرنگی:100:گرم | هویج:100:گرم | سوس مایونز:250:گرم | نمک و فلفل سیاه و زرد چوبه:1:به میزان لازم","سینه مرغ را با یک عدد پیاز، نمک و کمی زردچوبه بپزید و پس از خنک شدن، آن را کاملاً ریش‌ریش کنید. | سیب‌زمینی‌ها، تخم‌مرغ‌ها و هویج‌ها را آب‌پز کنید تا کاملاً نرم شوند. | سیب‌زمینی و تخم‌مرغ‌های پخته را پوست گرفته و پس از خنک شدن رنده کنید یا به صورت ریز خرد کنید. هویج را نیز به صورت نگینی ریز خرد کنید. | خیارشورها را به صورت نگینی ریز خرد کرده و آب اضافی آن‌ها را بگیرید تا سالاد آب نیندازد. | در یک کاسه بزرگ، سینه مرغ ریش‌ریش شده، سیب‌زمینی، تخم‌مرغ، هویج، خیارشور و نخود فرنگی پخته را با هم مخلوط کنید. | سوس مایونز را با مقدار کمی آبلیمو (اختیاری)، نمک و فلفل سیاه در ظرفی جداگانه ترکیب کرده و سپس به مواد سالاد اضافه کنید. | سالاد را به آرامی هم بزنید تا تمام مواد به سس آغشته شوند، سپس روی آن را پوشانده و حداقل به مدت ۲ ساعت در یخچال قرار دهید تا طعم‌ها کاملاً با هم ترکیب شوند."
"dish-6-1766972486975","تستی کباب (Testi Kebab - کباب کوزه‌ای ترکی)","international","تستی کباب یکی از اصیل‌ترین و لذیذترین غذاهای سنتی ترکیه است که در کوزه سفالی تهیه می‌شود. در این روش پخت، مواد در بخار خود و با حرارت ملایم مغزپخت شده و عطر و طعم فوق‌العاده‌ای پیدا می‌کنند.","hot","undefined","آویشن یا پونه کوهی","580","150","متوسط","ترکیه","گوشت گوساله یا بره (مکعبی خرد شده):800:گرم | پیاز متوسط (خلالی خرد شده):2:عدد | فلفل سبز یا قرمز (خلالی خرد شده):2:عدد | گوجه‌فرنگی متوسط (پوست کنده و مکعبی خرد شده):2:عدد | سیر (ریز خرد شده):4:حبه | رب گوجه فرنگی:40:قاشق | آب یا آب گوشت:120:میلی‌لیتر | روغن مایع:1:به میزان لازم | نمک و فلفل سیاه و زرد چوبه:1:به میزان لازم | پاپریکا:0:به میزان لازم | زیره:0:به میزان لازم | کوزه سفالی با درپوش:1:عدد","گوشت خرد شده را در کاسه‌ای بزرگ با روغن مایع، نمک، فلفل سیاه، پاپریکا و زیره مخلوط کنید تا کاملا طعم‌دار شود. | پیازهای خلالی، فلفل‌های خرد شده و سیر را به گوشت اضافه کرده و مواد را با هم ترکیب کنید. | رب گوجه‌فرنگی را در آب یا آب گوشت حل کنید تا سس رقیقی حاصل شود. | مخلوط گوشت و سبزیجات را داخل کوزه سفالی بریزید، گوجه‌فرنگی‌های مکعبی را روی آن قرار داده و در نهایت سس رب را اضافه کنید. | درب کوزه را قرار داده و اطراف آن را با خمیری که از ترکیب آب و آرد ساخته‌اید کاملا مسدود کنید تا بخار خارج نشود. | کوزه را در فر از قبل گرم شده با دمای ۱۸۰ درجه سانتی‌گراد به مدت ۱۵۰ دقیقه (۲.۵ ساعت) قرار دهید تا گوشت کاملا نرم و پخته شود. | پس از پخت، کوزه را با احتیاط خارج کرده، خمیر دور درب را جدا کرده (یا درب را بشکنید) و غذا را همراه برنج یا نان تازه سرو کنید."
"dish-7-1766794336336","آش دوغ قزوینی","ash","آش دوغ قزوینی یکی از اصیل‌ترین و خوشمزه‌ترین آش‌های استان قزوین است که به دلیل داشتن حبوبات متنوع، سبزی تازه و دوغ محلی غلیظ، بافتی لطیف و طعمی متمایز دارد. این آش برخلاف آش دوغ سرعین، معمولاً غلیظ‌تر و جاافتاده‌تر سرو می‌شود.","balanced","معتدل و تر","پودر گردو و سیر","340","120","متوسط","ایران","لوبیا چیتی:100:گرم | آرد نخودچی:50:قاشق | عدس:100:پیمانه | برنج:90:پیمانه | سبزی آش:500:گرم | دوغ قزوین:1.5:لیتر | گوشت قلم یا عصاره گوشت:500:میلی‌لیتر | پیاز:2:عدد | سیر:5:حبه | نمک و فلفل و زردچوبه:0:به میزان لازم | نعناع خشک:15:قاشق","حبوبات (لوبیا چیتی و عدس) را از شب قبل خیس کرده و چندین بار آب آن‌ها را عوض کنید تا نفخشان گرفته شود. سپس آن‌ها را به همراه برنج شسته شده و عصاره گوشت در یک قابلمه بزرگ ریخته و روی حرارت ملایم قرار دهید تا کاملاً بپزند. | پیازها را به صورت خلالی خرد کرده و در روغن سرخ کنید تا طلایی شوند. سیرها را نیز خرد کرده و جداگانه تفت دهید. | پس از پخت کامل حبوبات و زمانی که برنج کاملاً شکفته شد و لعاب انداخت، سبزی آش را اضافه کنید و اجازه دهید حدود ۳۰ دقیقه بپزد تا رنگ سبزی‌ها کمی تغییر کند. | آرد نخودچی را در مقدار کمی آب سرد حل کنید تا گلوله نشود، سپس آن را به آش اضافه کنید تا باعث غلظت و کشسانی بیشتر آش شود. | دوغ را از یخچال خارج کرده تا به دمای محیط برسد. سپس آن را به آرامی و در چند مرحله به آش اضافه کنید و مداوم هم بزنید تا دوغ نبرد. اجازه دهید آش دوباره به نقطه جوش ملایم برسد. | نیمی از پیاز داغ، سیر داغ و ادویه‌ها (نمک، فلفل و زردچوبه) را برای طعم‌دهی داخل آش بریزید. حرارت را بسیار کم کنید و اجازه دهید آش حدود ۲۰ دقیقه دیگر بماند تا کاملاً جا بیفتد. | در مرحله آخر، نعناع خشک را در کمی روغن برای چند ثانیه تفت دهید تا نعناع داغ آماده شود. آش را در ظرف کشیده و با باقی‌مانده پیاز داغ، سیر داغ و نعناع داغ تزیین کنید."
"dish-7-1766799342396","عدس‌پلو با گوشت قلقلی","polo","یک غذای اصیل و محبوب ایرانی که با کوفته‌ریزه‌های گوشت و کشمش و خرما سرو می‌شود.","balanced","سرد و خشک (عدس) با مصلحات گرم","خرما، کشمش، زعفران، زیره","550","90","متوسط","ایران","برنج:4:پیمانه | عدس:2:پیمانه | گوشت چرخ کرده:400:گرم | خرما:8:عدد | کشمش پلویی:1:گرم","عدس را بپزید. گوشت را به صورت قلقلی‌های کوچک سرخ کنید. | برنج را آبکش کرده و با عدس و دارچین دم کنید. | خرما و کشمش را در کره تفت دهید. | پلو را با گوشت‌های قلقلی و مخلوط کشمش تزیین کنید."
"dish-7-1766876956936","دیزی سنگی مشهدی","khorak","دیزی سنگی یا آبگوشت یکی از اصیل‌ترین غذاهای سنتی ایران و شهر مشهد است که پخت آن در ظروف سنگی (هرکاره) باعث خوش‌طعم شدن و جا افتادن بهتر آن می‌شود. این روش پخت سنتی به حفظ ارزش غذایی مواد کمک کرده و لعاب خاصی به غذا می‌بخشد.","hot","گرم و تر","ترشیجات، آبلیمو، دوغ با نعنا","750","240","متوسط","ایران","گوشت گوسفندی با استخوان و دنبه:500:گرم | نخود و لوبیا سفید:200:پیمانه | پیاز متوسط:2:عدد | سیب‌زمینی:3:عدد | رب گوجه فرنگی:3:قاشق | رب گوجه فرنگی:40:قاشق | لیمو عمانی:2:به میزان لازم | نمک و فلفل و زردچوبه:1:به میزان لازم | نمک و فلفل و زردچوبه:1:به میزان لازم | نمک و فلفل و زردچوبه:1:به میزان لازم | مرزه خشک:0:به میزان لازم","گوشت گوسفندی، دنبه، نخود و لوبیا (که از شب قبل خیسانده شده) را به همراه یک عدد پیاز در ظرف دیزی سنگی یا قابلمه ریخته و حدود ۶ تا ۸ لیوان آب سرد به آن اضافه کنید. | ظرف را روی حرارت ملایم قرار دهید و اجازه دهید حدود ۲ ساعت بپزد تا گوشت نیم‌پز شود. در این مرحله کف روی گوشت را بگیرید. | سیب‌زمینی‌ها را پوست گرفته و به همراه گوجه‌فرنگی‌ها (به صورت درسته یا دو نیم شده) به دیزی اضافه کنید. | پیاز دوم را نگینی خرد کرده و در مقداری روغن تفت دهید. سپس رب گوجه‌فرنگی، زردچوبه، فلفل و مرزه خشک را اضافه کرده و تفت دهید تا بوی خامی رب گرفته شود. این مخلوط را به دیزی اضافه کنید. | لیمو عمانی‌ها را سوراخ کرده و در نیم ساعت آخر پخت به همراه نمک به غذا اضافه کنید. اجازه دهید غذا با شعله بسیار کم کاملاً جا بیفتد. | در نهایت آب غذا را در ظرفی جداگانه ریخته و مواد جامد شامل گوشت، حبوبات و سیب‌زمینی را پس از جدا کردن استخوان‌ها، کاملاً بکوبید و به عنوان گوشت کوبیده سرو کنید."
"dish-7-1766877137846","کتلت گوشت کلاسیک","khorak","کتلت سنتی ایرانی تهیه شده از ترکیب گوشت چرخ‌کرده و سیب‌زمینی که با بافتی ترد و طعمی اصیل از محبوب‌ترین غذاهای خانگی است.","hot","گرم و خشک","سماق","350","60","متوسط","ایران","گوشت چرخ کرده:500:گرم | سیب‌زمینی متوسط:3:عدد | پیاز بزرگ:1:عدد | تخم‌مرغ:2:عدد | آرد نخودچی:3:قاشق | نمک و فلفل سیاه و زرد چوبه:1:به میزان لازم | روغن مخصوص سرخ کردنی:1:به میزان لازم","سیب‌زمینی‌ها را رنده ریز کرده و آب اضافه آن‌ها را کاملا بگیرید | پیاز را رنده کرده و به سیب‌زمینی‌ها اضافه کنید و آب پیاز را هم جدا کنید | گوشت چرخ‌کرده را به همراه ادویه‌ها، تخم‌مرغ و آرد نخودچی به مواد اضافه کنید | مایه کتلت را به مدت ۱۰ دقیقه به خوبی ورز دهید تا منسجم شود | مقداری از مایه را برداشته و در کف دست فرم دهید و در روغن داغ با حرارت ملایم سرخ کنید"
"dish-7-1766881812358","شوربا","khorak","شوربا یکی از غذاهای سنتی، غنی و بسیار مقوی ایرانی است که به دلیل ترکیب پروتئین، غلات و سبزیجات تازه، انتخابی ایده‌آل برای تقویت قوای بدن و وعده‌ای گرم و لذیذ است.","hot","گرم و تر","سرکه، آبغوره، گشنیز خشک","420","150","متوسط","ایران","گوشت گوسفندی (ترجیحاً گردن یا ماهیچه):300:گرم | پیاز:2:عدد | برنج نیم‌دانه:90:پیمانه | سبزی شوربا (اسفناج، گشنیز، جعفری):300:گرم | نخود و لوبیا (پخته شده):100:گرم | نمک و فلفل سیاه و زرد چوبه:1:به میزان لازم | نعنا داغ برای تزیین:30:میلیلیتر | نمک و فلفل و زردچوبه:1:به میزان لازم | روغن مایع:1:به میزان لازم | آب:1500:میلیلیتر","ابتدا یکی از پیازها را به صورت نگینی خرد کرده و در قابلمه با کمی روغن تفت دهید تا سبک شود. سپس گوشت گوسفندی را به همراه زردچوبه اضافه کرده و تفت دهید تا رنگ گوشت تغییر کند. | حدود ۱.۵ لیتر آب به قابلمه اضافه کنید و اجازه دهید گوشت با حرارت ملایم به طور کامل بپزد تا بافت آن کاملاً نرم شود. | پس از پخت کامل، گوشت را از قابلمه خارج کرده، استخوان‌های آن را جدا کنید و گوشت را به صورت ریش‌ریش یا کوبیده شده مجدداً به قابلمه بازگردانید. | برنج نیم‌دانه را که از قبل خیس کرده‌اید به آب گوشت اضافه کنید و اجازه دهید با حرارت ملایم پخته شود تا دانه‌های برنج کاملاً باز شده و غذا لعاب بیندازد. | سبزی شوربا را که شامل اسفناج، گشنیز و جعفری است، خرد کرده و به همراه نمک و فلفل سیاه به قابلمه اضافه نمایید. | نخود و لوبیای پخته شده را به ترکیب اضافه کرده و اجازه دهید تمامی مواد با حرارت بسیار ملایم با هم بجوشند تا شوربا کاملاً جا بیفتد. | پیاز دوم را به صورت خلالی خرد کرده و در تابه سرخ کنید تا طلایی شود؛ نیمی از آن را برای داخل شوربا و نیم دیگر را برای تزیین کنار بگذارید. | در مرحله آخر، نیمی از پیاز داغ را به شوربا اضافه کرده و پس از چند دقیقه در ظرف مورد نظر سرو کنید و با بقیه پیاز داغ و نعنا داغ تزیین نمایید."
"dish-7-1766883317767","خورش کدو حلوایی با مرغ","stew","یک خورش پاییزی اصیل و مجلسی ایرانی که با ترکیب کدو حلوایی، مرغ و آلو تهیه می‌شود. این خورش طعمی ملس و عطری بی‌نظیر دارد و همراه با چلو سرو می‌شود.","balanced","سرد و تر (نیازمند ادویه گرم)","دارچین، زنجبیل، هل","420","60","متوسط","ایران","سینه یا ران مرغ:800:گرم | کدو حلوایی:500:گرم | آلو بخارا:10:عدد | پیاز:1:عدد | رب گوجه فرنگی:40:قاشق | چوب دارچین:1:قطعه | زعفران دم‌کرده غلیظ:0:به میزان لازم | نمک و فلفل و زردچوبه:0:به میزان لازم | آب:720:میلیلیتر | روغن زیتون:30:قاشق","تکه‌های مرغ را با کمی نمک و زردچوبه در روغن زیتون سرخ کنید تا دو طرف آن‌ها کاملاً طلایی شود، سپس مرغ‌ها را از قابلمه خارج کرده و کنار بگذارید. | پیاز را نگینی خرد کرده و در همان قابلمه تفت دهید تا سبک و کاراملی شود. سپس رب گوجه فرنگی را اضافه کرده و چند دقیقه تفت دهید تا رنگ رب باز شده و بوی خامی آن گرفته شود. | مرغ‌های سرخ شده را به همراه ۷۲۰ میلی‌لیتر آب، چوب دارچین و آلوهای بخارا به قابلمه برگردانید. پس از به جوش آمدن آب، حرارت را ملایم کرده و درب قابلمه را ببندید تا مرغ‌ها کاملاً بپزند. | کدو حلوایی را به قطعات مکعبی یکسان (حدود ۳ سانتی‌متر) برش زده و در یک تابه جداگانه با مقدار کمی روغن تفت دهید. این کار باعث می‌شود کدوها در هنگام پخت وا نروند و شکل خود را حفظ کنند. | در ۱۵ دقیقه آخر پخت خورش، کدوهای تفت داده شده و زعفران دم‌کرده را به قابلمه اضافه کنید. دقت کنید که کدوها نباید بیش از حد بپزند که له شوند. | پس از اینکه خورش کاملاً جا افتاد و غلیظ شد، چوب دارچین را خارج کنید. میزان نمک و فلفل را طبق سلیقه تنظیم کرده و خورش را در ظرف مورد نظر همراه با چلو زعفرانی تزیین و سرو نمایید."
"dish-7-1766883592583","خورش آلو قیصی","stew","خورش آلو قیصی یکی از خورش‌های اصیل و مجلسی ایرانی است که با طعم ملس و ترکیب مرغ و میوه‌های خشک، انتخابی بسیار لذیذ برای مهمانی‌ها و وعده‌های خانوادگی محسوب می‌شود.","cold","سرد و تر","زعفران، عسل، دارچین، زیره سبز","480","90","متوسط","ir","سینه یا ران مرغ ۴ تکه:800:گرم | آلو خورشتی ۱۰ عدد:150:گرم | قیصی (برگه زردآلو) ۱۰ عدد:100:گرم | پیاز ۲ عدد متوسط:2:عدد | رب گوجه فرنگی:45:قاشق | زعفران دم‌کرده غلیظ ۲ قاشق غذاخوری:1:به میزان لازم | شکر ۱ قاشق غذاخوری:15:به میزان لازم | گلاب ۱ قاشق غذاخوری:15:قاشق | نمک و فلفل و زردچوبه:0:به میزان لازم | آب:500:میلیلیتر | روغن مایع:1:به میزان لازم","مرغ‌ها را با نمک و زردچوبه کاملاً مزه‌دار کرده و در یک قابلمه با مقداری روغن تفت دهید تا دو طرف آن‌ها طلایی و سرخ شود، سپس مرغ‌ها را از قابلمه خارج کنید. | پیازها را به صورت خلالی نازک خرد کرده و در همان قابلمه تفت دهید تا سبک و طلایی شوند. سپس رب گوجه‌فرنگی را اضافه کرده و چند دقیقه تفت دهید تا بوی خامی آن گرفته شده و رنگ باز کند. | تکه‌های مرغ سرخ شده را به قابلمه برگردانید و ۵۰۰ میلی‌لیتر آب (حدود ۲ لیوان) به آن اضافه کنید. درب قابلمه را ببندید و اجازه دهید با حرارت ملایم به مدت ۴۵ دقیقه بپزد. | آلو خورشتی و قیصی را که از قبل به مدت یک ساعت خیسانده‌اید، آبکشی کرده و در یک تابه کوچک با کمی روغن تفت دهید تا در هنگام پخت وا نروند. این ترکیب را ۳۰ دقیقه مانده به پایان پخت به خورش اضافه کنید. | در ۱۵ دقیقه پایانی پخت، زعفران دم‌کرده غلیظ، شکر و گلاب را به خورش اضافه کنید. نمک و فلفل را اندازه کرده و اجازه دهید خورش کاملاً جا افتاده و به روغن بیفتد، سپس همراه با برنج زعفرانی سرو کنید."
"dish-7-1766883843657","خورش خلال بادام (بدون گوشت)","stew","خورش خلال یکی از اصیل‌ترین و لذیذترین غذاهای استان کرمانشاه است. در این نسخه گیاهی، به جای گوشت از قارچ استفاده می‌شود که طعمی عالی و بافتی مشابه دارد. این خورش به دلیل داشتن خلال بادام، زعفران و گلاب بسیار معطر و مجلسی است.","balanced","معتدل رو به گرم","زرشک (سرد)، گشنیز","420","75","متوسط","ir","قارچ دگمه ای:400:گرم | خلال بادام درختی:150:گرم | زرشک سیاه (مخصوص خورش خلال):60:پیمانه | پیاز درشت:2:عدد | لیمو عمانی:2:به میزان لازم | گلاب:60:قاشق | زعفران دم‌کرده غلیظ:1:به میزان لازم | چوب دارچین:1:قطعه | نمک و فلفل و زردچوبه:1:به میزان لازم | روغن حیوانی یا گیاهی به میزان لازم:60:میلی‌لیتر | آب جوش:800:میلیلیتر","خلال بادام را در ترکیبی از گلاب و مقداری آب گرم به مدت یک ساعت خیس کنید تا معطر و کمی نرم شود. | پیازها را به صورت نگینی بسیار ریز خرد کرده و در قابلمه با روغن تفت دهید تا کاملاً طلایی و سبک شوند. | قارچ‌های دگمه‌ای را (در صورت کوچک بودن به صورت درسته و در غیر این صورت خرد شده) به پیاز اضافه کرده و با حرارت بالا تفت دهید تا آب نیندازند. | زردچوبه و فلفل را اضافه کرده و کمی تفت دهید، سپس خلال بادام خیس خورده را به همراه آب و گلابش به قابلمه بیفزایید. | چوب دارچین و لیمو عمانی‌های سوراخ شده را به همراه ۸۰۰ میلی‌لیتر آب جوش اضافه کنید و اجازه دهید خورش با حرارت ملایم بپزد. | پس از غلیظ شدن خورش و پخت خلال‌ها، چوب دارچین را خارج کرده، نمک را اندازه کنید و زعفران دم‌کرده را اضافه نمایید. | زرشک سیاه را پس از شستن، جداگانه با کمی روغن به مدت ۳۰ ثانیه تفت دهید و در ۵ دقیقه پایانی پخت به خورش اضافه کنید تا رنگ خورش شفاف بماند."
"dish-7-1766884212693","مرغ ترش مازندرانی","stew","مرغ ترش یکی از اصیل‌ترین و خوش‌طعم‌ترین خورش‌های محلی استان مازندران است که به دلیل ترکیب گردو، رب انار و سبزی‌های معطر محلی شمال ایران، عطری بی‌نظیر و طعمی ملس دارد.","cold","سرد و تر","زنجبیل، زعفران، فلفل سیاه","520","90","متوسط","ir","۴ تکه ران یا سینه مرغ:800:گرم | گردوی آسیاب شده:150:گرم | ۳۰۰ گرم سبزی معطر (چوچاق، خالواش، گشنیز، جعفری):300:گرم | رب انار:60:قاشق | ۱ عدد پیاز بزرگ:1:عدد | ۳ حبه سیر رنده شده:3:حبه | ۳ عدد تخم‌مرغ (اختیاری):3:عدد | نمک و فلفل سیاه و زرد چوبه:1:به میزان لازم | روغن مایع:1:به میزان لازم | آب:600:میلیلیتر","تکه‌های مرغ را با نمک، فلفل سیاه و زردچوبه ماساژ دهید و در روغن داغ سرخ کنید تا دو طرف آن‌ها کاملا طلایی شود، سپس از قابلمه خارج کنید. | پیاز را رنده کرده و در همان روغن تفت دهید تا سبک و شفاف شود، سپس سیر رنده شده را اضافه کرده و ۱ دقیقه دیگر تفت دهید تا عطر آن خارج شود. | سبزی‌های معطر ساطوری شده را به پیاز اضافه کنید و به خوبی تفت دهید تا آب سبزی کشیده شده و رنگ آن کمی تیره و معطر شود. | گردوی آسیاب شده را به مخلوط سبزی اضافه کرده و ۲ دقیقه تفت دهید تا گردو گرم شده و شروع به روغن انداختن کند. | رب انار را به مواد اضافه کرده و پس از کمی تفت دادن، آب را اضافه کنید و اجازه دهید سس به جوش بیاید. | مرغ‌های سرخ شده را به سس گردو و سبزی اضافه کنید، درب قابلمه را بگذارید و اجازه دهید با حرارت ملایم به مدت حدود ۹۰ دقیقه جا بیفتد و روغن بیاندازد. | در ۱۰ دقیقه پایانی پخت، تخم‌مرغ‌ها را به آرامی روی خورش بشکنید و بدون هم زدن اجازه دهید تا کاملا بسته شوند، سپس خورش را همراه با کته ایرانی سرو کنید."
"dish-7-1766956020736","سوپ قارچ","soup","سوپ قارچ غلیظ و خامه‌ای، یک پیش‌غذای رستورانی و بسیار لذیذ است که با عطر آویشن و ترکیب بافت پوره‌شده و تکه‌های قارچ تهیه می‌شود.","cold","undefined","آویشن، پودر سیر، فلفل سیاه","285","45","متوسط","ir","قارچ دگمه ای:500:گرم | پیاز:2:عدد | سیر:2:حبه | آرد سفید:45:گرم | کره:50:گرم | شیر:480:پیمانه | خامه صبحانه:100:گرم | آب مرغ یا عصاره سبزیجات:720:میلیلیتر | آویشن:0:به میزان لازم | جعفری خرد شده:30:گرم | نمک و فلفل سیاه و زرد چوبه:1:به میزان لازم","پیازها را به صورت نگینی ریز خرد کرده و در یک قابلمه با کره تفت دهید تا سبک، شفاف و نرم شوند. | قارچ‌ها را به صورت ورقه ای خرد کرده و به پیاز اضافه کنید؛ حرارت را بالا ببرید تا آب قارچ‌ها کشیده شده و کمی تفت بخورند. | سیر رنده شده و آرد سفید را به قابلمه اضافه کرده و حدود ۱ دقیقه تفت دهید تا بوی خامی آرد گرفته شود. | آب مرغ یا عصاره سبزیجات را به همراه شیر به تدریج اضافه کنید و مدام با همزن دستی هم بزنید تا آرد گلوله نشود و بافت سوپ کاملاً یکدست شود. | آویشن، نمک و فلفل سیاه را اضافه کرده و اجازه دهید سوپ روی حرارت ملایم به مدت ۲۰ دقیقه بجوشد تا کاملاً جا افتاده و غلیظ شود. | برای ایجاد بافت مخملی و بهتر، نیمی از سوپ را با میکسر یا گوشت‌کوب برقی پوره کنید و دوباره به قابلمه برگردانید. | در مرحله آخر، خامه را در یک کاسه کوچک با کمی از سوپ گرم مخلوط کرده تا هم‌دما شوند، سپس به قابلمه اضافه کنید، هم بزنید و بلافاصله از روی حرارت بردارید. سوپ را با جعفری خرد شده تزیین و سرو نمایید."
"dish-7-1766956416038","برگر قارچ و پنیر سوئیسی (Mushroom Swiss Burger - USA)","international","یک برگر کلاسیک و محبوب آمریکایی که با ترکیب طعم غنی قارچ‌های تفت داده شده در کره و پنیر ذوب شده سوئیسی روی یک برگر آبدار تهیه می‌شود.","balanced","معتدل و تر","آویشن، پودر سیر","720","30","متوسط","آمریکا","گوشت چرخ کرده:600:گرم | قارچ اسلایس شده:250:گرم | پنیر سوئیسی یا موتزارلا:150:گرم | کره:20:گرم | نمک و فلفل و زردچوبه:0:به میزان لازم | نمک و فلفل سیاه:1:به میزان لازم | پودر سیر:1:حبه | نان برگر:4:عدد","ابتدا قارچ‌های اسلایس شده را به همراه کره و پودر سیر در یک تابه مناسب روی حرارت متوسط تفت دهید تا آب آن‌ها کاملاً کشیده شده و نرم و طلایی شوند. | گوشت چرخ کرده را در یک ظرف با نمک، فلفل سیاه و کمی زردچوبه مخلوط کرده و به آرامی ورز دهید؛ سپس آن را به ۴ قسمت مساوی تقسیم کرده و هر قسمت را به شکل دایره‌ای هم‌اندازه با نان‌ها فرم دهید. | یک تابه چدنی یا صفحه گریل را کاملاً داغ کنید و برگرها را درون آن قرار دهید. هر طرف برگر را بسته به ضخامت و میزان پخت دلخواه بین ۵ تا ۷ دقیقه سرخ کنید. | در دقایق پایانی پخت، زمانی که برگرها تقریباً آماده شدند، مقداری از قارچ‌های تفت داده شده را روی هر برگر قرار داده و سپس یک لایه پنیر سوئیسی یا موتزارلا روی قارچ‌ها بگذارید. | درب تابه را به مدت ۱ تا ۲ دقیقه ببندید تا بخار حاصل باعث ذوب شدن کامل پنیر و چسبیدن آن به قارچ‌ها و گوشت شود. | نان‌های برگر را از وسط برش زده و در صورت تمایل با کمی کره در تابه گرم و برشته کنید، سپس برگرهای آماده را درون نان قرار داده و با کاهو، گوجه و مخلفات دلخواه سرو نمایید."
"dish-7-1766956905814","جوجه‌کباب زعفرانی","kabab","کلاسیک‌ترین و اصیل‌ترین نوع کباب مرغ ایرانی که عطر و رنگ بی‌نظیر زعفران مشخصه اصلی آن است و در تمام مجالس ایرانی سرو می‌شود.","balanced","معتدل مایل به گرم","سماق، گوجه‌فرنگی کبابی، شربت سکنجبین","420","40","آسان","ایران","مرغ (مخلوط سینه و ران):1:کیلوگرم | زعفران دم‌کرده غلیظ:1:به میزان لازم | پیاز:2:عدد | ابلیموی ترش و تازه:0.5:قاشق | کره:50:گرم | روغن مایع:1:به میزان لازم | نمک و فلفل سیاه و زرد چوبه:1:به میزان لازم | ماست چکیده (اختیاری):2:پیمانه","تکه‌های مرغ را ابتدا فقط با زعفران دم‌کرده غلیظ مخلوط کنید و ۱ ساعت استراحت دهید تا رنگ بگیرند (نکته مهم). | پیازها را خلالی درشت خرد کنید و به مرغ اضافه کنید. | روغن مایع، آب لیمو، نمک، فلفل و ماست را اضافه کرده و خوب مخلوط کنید. | مواد را حداقل ۵ ساعت تا یک شب در یخچال استراحت دهید. | مرغ‌ها را به سیخ بکشید و روی ذغال کباب کنید؛ در اواسط پخت مخلوط کره ذوب شده و کمی زعفران را با قلم‌مو روی کباب‌ها بمالید."
"dish-7-1766958808663","Beef Taco (تاکو گوشت مکزیکی)","international","تاکو گوشت مکزیکی یکی از محبوب‌ترین غذاهای بین‌المللی است که با گوشت چرخ‌کرده طعم‌دار شده با ادویه‌های مخصوص، نان تورتیلا و انواع سبزیجات تازه تهیه می‌شود. این غذا به دلیل طعم تند و لذیذ و سرعت در آماده‌سازی، گزینه‌ای عالی برای وعده‌های ناهار و شام است.","hot","گرم و خشک","آبلیمو یا گشنیز","620","30","آسان","مکزیک","گوشت چرخ کرده:500:گرم | ۱۲ عدد نان تورتیلای ذرت یا گندم کوچک:12:عدد | ۱ عدد پیاز متوسط (خرد شده):1:عدد | ۲ حبه سیر (له شده):2:حبه | ۱ قاشق غذاخوری پودر تاکو (یا مخلوط پودر فلفل قرمز، زیره، پودر سیر، پودر پیاز, اورگانو):1:عدد | ۱/۲ پیمانه آب:120:میلی‌لیتر | نمک و فلفل سیاه و زرد چوبه:1:به میزان لازم | ۱ پیمانه کاهو (خلالی خرد شده):50:گرم | ۱ پیمانه گوجه‌فرنگی (مکعبی خرد شده):150:گرم | ۱/۲ پیمانه پنیر چدار رنده شده:60:گرم | سس سالسا، خامه ترش یا گواکاموله (اختیاری):100:میلیلیتر","در یک تابه بزرگ، گوشت چرخ‌کرده را روی حرارت متوسط تفت دهید تا کاملاً قهوه‌ای شود. سپس چربی اضافی گوشت را از تابه خارج کنید. | پیاز خرد شده و سیر له شده را به گوشت اضافه کنید و به مدت ۵ دقیقه تفت دهید تا پیازها نرم و شفاف شوند. | پودر تاکو، نمک و فلفل سیاه را اضافه کرده و حدود ۱ دقیقه تفت دهید تا عطر ادویه‌ها خارج شود. | آب را به تابه اضافه کنید و اجازه دهید سس با حرارت ملایم به مدت ۵ تا ۷ دقیقه بجوشد تا غلیظ شده و طعم‌ها کاملاً با هم ترکیب شوند. | نان‌های تورتیلا را در یک تابه خشک و گرم یا داخل فر برای مدت کوتاهی گرم کنید تا نرم و انعطاف‌پذیر شوند. | برای سرو، هر نان تورتیلا را با مقداری از مایه گوشت پر کنید. سپس روی آن را با کاهو، گوجه‌فرنگی، پنیر رنده شده و سس‌های دلخواه (سالسا، خامه ترش یا گواکاموله) تزیین کرده و بلافاصله میل کنید."
"dish-7-1766959134380","فلافل (فلافل لبنانی اصل)","international","فلافل لبنانی اصیل با بافتی ترد و سبک، تهیه شده از نخود خام و سبزیجات معطر که انتخابی عالی برای یک وعده غذایی گیاهی، سالم و خوشمزه است.","hot","گرم و خشک","کاهو | گوجه‌فرنگی | خیارشور | ترشی | سبزیجات تازه","380","50","متوسط","لبنان","نخود خشک:400:گرم | پیاز متوسط:1:عدد | سیر:4:حبه | جعفری تازه:60:به میزان لازم | گشنیز تازه:30:گرم | بیکینگ پودر:5:گرم | آرد نخودچی:30:قاشق | زیره سبز آسیاب شده:0:به میزان لازم | تخم گشنیز آسیاب شده:0:به میزان لازم | پودر سیر:0:حبه | نمک و فلفل و زردچوبه:0:به میزان لازم | فلفل قرمز:0:به میزان لازم | روغن سرخ کردنی:500:میلی‌لیتر","نخودها را از ۲۴ ساعت قبل در آب فراوان خیس کرده و در این مدت چندین بار آب آن را عوض کنید تا نفخ آن گرفته شود، سپس آبکش کرده و اجازه دهید کاملاً خشک شوند. | نخودهای خیس خورده را همراه با پیاز، سیر، جعفری و گشنیز در غذاساز بریزید. مواد را پالس کنید تا کاملاً ریز شوند، اما دقت کنید که نباید به حالت پوره و خمیری درآیند و بافتی شبیه به شن خیس داشته باشند. | مخلوط را به یک کاسه بزرگ منتقل کنید. بیکینگ پودر، آرد نخودچی، زیره سبز، تخم گشنیز، پودر سیر، نمک، فلفل قرمز و زردچوبه را به آن اضافه کنید. | مواد را به خوبی با دست ورز دهید تا تمام طعم‌ها با هم ترکیب شوند. سپس روی ظرف را بپوشانید و به مدت ۶۰ دقیقه در یخچال استراحت دهید تا مایه فلافل منسجم شود. | روغن سرخ کردنی را در یک قابلمه کوچک و گود روی حرارت متوسط داغ کنید. میزان روغن باید به اندازه‌ای باشد که فلافل‌ها در آن غوطه‌ور شوند. | با استفاده از قالب مخصوص فلافل یا دست، از مواد گلوله‌های یکسانی درست کرده و به آرامی در روغن داغ قرار دهید. | فلافل‌ها را حدود ۳ تا ۵ دقیقه سرخ کنید تا هر دو طرف آن‌ها کاملاً قهوه‌ای طلایی و ترد شود. | فلافل‌های آماده را روی دستمال حوله‌ای قرار دهید تا روغن اضافی آن‌ها گرفته شود، سپس به صورت داغ همراه با نان پیتا، سس طحینه و ترشیجات سرو کنید."
"dish-7-1766961078330","پیتزا مارگاریتا (Margherita Pizza)","international","پیتزا مارگاریتا یکی از کلاسیک‌ترین و محبوب‌ترین پیتزاهای ایتالیایی است که با ترکیب سس گوجه‌فرنگی معطر، پنیر موتزارلای تازه و برگ‌های ریحان تهیه می‌شود.","balanced","معتدل و تر","آویشن و پودر سیر","680","30","آسان","ایتالیا","خمیر پیتزا آماده:4:عدد | پنیر موتزارلا تازه:400:گرم | گوجه فرنگی پوره شده:480:میلیلیتر | ریحان تازه:100:گرم | روغن زیتون:30:قاشق | سیر له شده:2:حبه | نمک و فلفل و زردچوبه:1:به میزان لازم | نمک و فلفل سیاه:1:به میزان لازم","فر را از قبل روی دمای ۲۲۰ درجه سانتی‌گراد تنظیم کنید تا کاملاً داغ شود. | پوره گوجه‌فرنگی را در تابه ریخته و با سیر له شده، نمک، فلفل سیاه و نیمی از روغن زیتون تفت دهید تا غلیظ شده و طعم سیر به خورد آن برود. | سس گوجه‌فرنگی آماده شده را به طور مساوی روی خمیرها پخش کنید، به طوری که حدود ۲ سانتی‌متر از حاشیه‌ها خالی بماند. | پنیر موتزارلای تازه را به قطعات کوچک تقسیم کرده و به طور یکنواخت روی سطح سس قرار دهید. | پیتزاها را به مدت ۱۵ تا ۲۰ دقیقه در طبقه وسط فر قرار دهید تا لبه‌های خمیر طلایی و پنیر ذوب و برشته شود. | پس از خارج کردن پیتزاها از فر، برگ‌های ریحان تازه را روی آن‌ها چیده و باقی‌مانده روغن زیتون را روی پیتزاها بریزید و بلافاصله سرو کنید."
"dish-7-1766961391029","Pepperoni Pizza (پیتزا پپرونی )","international","یک پیتزای کلاسیک و پرطرفدار بین‌المللی که با ورقه‌های تند پپرونی، پنیر فراوان و عطر دلپذیر آویشن تهیه می‌شود. این دستور برای تهیه ۴ پیتزای انفرادی با کیفیت رستورانی طراحی شده است.","hot","گرم و خشک","روغن زیتون و سبزیجات تازه","820","30","متوسط","ایتالیا","خمیر پیتزا متوسط:4:عدد | کالباس پپرونی ورقه‌ای:300:گرم | پنیر پیتزا مخلوط:500:گرم | فلفل دلمه‌ای سبز:1:عدد | سس کچاپ یا سس قرمز تند:240:میلی‌لیتر | پودر آویشن:0:به میزان لازم","فر را از قبل روی دمای ۲۰۰ درجه سانتی‌گراد گرم کنید تا برای پخت پیتزا کاملاً آماده باشد. | سطح خمیرهای پیتزا را با سس کچاپ یا سس قرمز تند به طور کامل و یکنواخت بپوشانید. | مقداری پودر آویشن را روی سطح سس بپاشید تا عطر آن در حین پخت به تمام لایه‌ها نفوذ کند. | یک لایه نازک از پنیر پیتزای مخلوط را روی سس پخش کنید تا مواد پیتزا به خوبی به خمیر بچسبند. | ورقه‌های کالباس پپرونی را به صورت متراکم و منظم روی لایه پنیر در تمام سطح خمیر بچینید. | فلفل دلمه‌ای سبز را به صورت نگینی ریز خرد کرده و در فضاهای خالی بین پپرونی‌ها پخش کنید. | باقی‌مانده پنیر پیتزا را روی تمامی مواد ریخته و در صورت تمایل مقدار کمی دیگر آویشن روی پنیر بپاشید. | پیتزاها را به مدت ۲۰ دقیقه در طبقه وسط فر قرار دهید تا پنیر کاملاً ذوب و برشته شده و لبه‌های خمیر طلایی شود."
"dish-7-1766963128331","شاه پلو (شاه پلو - آذربایجان)","international","شاه‌پلو یا پرده‌پلو یکی از مجلل‌ترین و اصیل‌ترین غذاهای آذربایجانی است که با ترکیبی از برنج، گوشت بره، مغزیجات و میوه‌های خشک در پوسته‌ای ترد و طلایی از نان لواش پخته می‌شود.","hot","گرم و تر","زعفران یا پیاز ترشی","780","120","متوسط","آذربایجان","برنج باسماتی:540:پیمانه | گوشت بره یا گوساله (مکعبی):500:گرم | پیاز بزرگ (خلالی):1:عدد | کشمش پلویی:150:گرم | آلو خشک:80:گرم | زردآلو خشک:80:گرم | شاه‌بلوط (پخته):150:گرم | کره حیوانی:100:گرم | پودر زردچوبه:0:به میزان لازم | ادویه پلو:0:به میزان لازم | زعفران دم کرده:0:به میزان لازم | نان لواش:6:عدد | نمک و فلفل سیاه و زرد چوبه:1:به میزان لازم","برنج را از چند ساعت قبل در آب نمک خیس کرده و سپس در آب جوش ریخته و زمانی که دانه برنج کمی نرم شد اما مغز آن هنوز سفت است، آن را آبکش کنید. | گوشت مکعبی را با کمی کره تفت دهید تا تغییر رنگ دهد، سپس پیاز خلالی، نمک، فلفل و زردچوبه را اضافه کنید. مقداری آب ریخته و اجازه دهید گوشت با حرارت ملایم کاملاً پخته و آب آن کشیده شود. | در یک تابه جداگانه، کشمش، آلو خشک، زردآلو خشک و شاه‌بلوط‌های پخته را با مقداری کره و ادویه پلو تفت دهید تا میوه‌ها براق و طعم‌دار شوند. | یک قابلمه نچسب عمیق را با نیمی از کره چرب کنید. نان‌های لواش را به صورت نوارهای پهن برش داده و به صورت شعاعی کف و دیواره قابلمه بچینید، به طوری که لبه‌های نان از لبه قابلمه بیرون بماند. | یک لایه از برنج آبکش شده را کف قابلمه (روی نان‌ها) بریزید، سپس لایه‌ای از گوشت و مخلوط میوه‌های خشک را روی آن پخش کنید. این کار را لایه به لایه تکرار کنید تا مواد تمام شوند و لایه آخر برنج باشد. | لبه‌های نان را که از قابلمه بیرون مانده بود، روی برنج برگردانید. باقی‌مانده کره ذوب شده و زعفران دم کرده را روی سطح نان‌ها پخش کنید. | درب قابلمه را گذاشته و آن را در فر با دمای ۱۸۰ درجه سانتی‌گراد یا روی حرارت بسیار ملایم گاز به مدت ۹۰ تا ۱۲۰ دقیقه قرار دهید تا نان‌ها کاملاً ترد و طلایی شوند. | پس از اتمام زمان پخت، قابلمه را در ظرف سرو برگردانید تا شاه‌پلو به شکل یک کیک طلایی خارج شود، سپس آن را برش زده و سرو کنید."
"dish-7-1766972486975","Tom Yum Goong (تام یام تایلندی)","international","سوپ تام یام گونگ یکی از نمادین‌ترین غذاهای تایلندی است که با طعم‌های تند، ترش و معطر شناخته می‌شود. این سوپ به دلیل استفاده از گیاهان دارویی استوایی مانند علف لیمو و گالانگال دارای خواص فراوانی است.","hot","undefined","گشنیز و لیموترش تازه","210","20","متوسط","تایلند","میگو (پوست کنده و رگ گرفته):500:گرم | آب یا آب مرغ:1000:میلی‌لیتر | علف لیمو:2:گرم | گالانگال تازه (یا زنجبیل):6:عدد | برگ لیموترش کافیر:5:عدد | قارچ (صدفی یا دکمه‌ای):100:گرم | سس ماهی:30:میلی‌لیتر | ابلیموی ترش و تازه:45:قاشق | فلفل چیلی قرمز کوچک:3:عدد | پودر فلفل چیلی (اختیاری):0:به میزان لازم | گشنیز تازه برای تزیین:30:گرم","آب یا آب مرغ را در یک قابلمه بزرگ به جوش بیاورید. علف لیمو (کوبیده شده)، گالانگال و برگ‌های لیموترش کافیر را به آن اضافه کنید و اجازه دهید به مدت ۵ دقیقه با حرارت ملایم بجوشد تا عطر گیاهان کاملاً آزاد شود. | قارچ‌ها را اضافه کرده و اجازه دهید ۲ تا ۳ دقیقه بپزند. سپس میگوها را اضافه کنید و تا زمانی که رنگ آن‌ها صورتی و پخته شوند (حدود ۲ تا ۳ دقیقه) به پخت ادامه دهید. | قابلمه را از روی حرارت بردارید. سس ماهی، آب لیموترش تازه و فلفل چیلی خرد شده را اضافه کنید. طعم سوپ را چشیده و در صورت تمایل برای تندی بیشتر، کمی پودر فلفل چیلی اضافه کنید. | سوپ را در کاسه‌های سرو ریخته و با برگ‌های گشنیز تازه تزیین کنید. این غذا معمولاً به صورت داغ و به تنهایی یا در کنار برنج سفید تایلندی سرو می‌شود."
"dish-8-1766794336336","آش رشته","ash","آش رشته یکی از اصیل‌ترین و محبوب‌ترین غذاهای ایرانی است که با ترکیبی از حبوبات، سبزیجات تازه، رشته آشی و کشک تهیه شده و به عنوان یک غذای کامل و سنتی در مناسبت‌های مختلف سرو می‌شود.","cold","سرد و تر","نعنا داغ و زیره","420","120","متوسط","ایران","رشته آشی:200:گرم | سبزی آش (اسفناج، تره، جعفری، گشنیز):500:گرم | آرد نخودچی:100:قاشق | لوبیا چیتی:100:گرم | عدس:100:پیمانه | کشک:240:میلیلیتر | پیاز داغ:1:عدد | نعنا داغ:30:میلیلیتر | سیر داغ:2:حبه | آب:2:میلیلیتر | نمک و فلفل و زردچوبه:1:به میزان لازم | نمک و فلفل و زردچوبه:1:به میزان لازم | نمک و فلفل و زردچوبه:1:به میزان لازم","حبوبات (نخود و لوبیا) را که از شب قبل خیسانده‌اید، با مقداری آب داخل قابلمه بریزید و اجازه دهید کاملاً بپزند. | پس از پخت اولیه حبوبات، عدس را اضافه کنید زیرا زمان پخت کمتری نسبت به سایر حبوبات دارد. | سبزی آش را به همراه زردچوبه و فلفل به قابلمه اضافه کرده و اجازه دهید سبزی‌ها پخته شده و رنگ آن‌ها تغییر کند. | رشته آشی را به آرامی به مواد اضافه کنید و اجازه دهید تا رشته‌ها نرم و حجیم شده و آش لعاب بیندازد. | نیمی از پیاز داغ و کشک را برای طعم‌دهی بهتر در حین پخت به قابلمه اضافه کنید. | اجازه دهید آش با شعله ملایم به خوبی ریزجوش بزند تا تمامی طعم‌ها به خورد هم رفته و آش کاملاً جا بیفتد. | در مرحله آخر میزان نمک را تست کنید (با توجه به شور بودن رشته و کشک) و در صورت نیاز مقداری نمک اضافه نمایید. | آش را در ظرف مورد نظر کشیده و با پیاز داغ، سیر داغ، نعنا داغ و کشک باقی‌مانده تزیین و سرو کنید."
"dish-8-1766799342396","قنبرپلو شیرازی","polo","از غذاهای سنتی استان فارس که با گوشت قلقلی، گردو، کشمش و رب انار طبخ می‌شود.","hot","گرم و خشک","آب انار، سالاد شیرازی، ماست","600","120","متوسط","ایران","برنج:4:پیمانه | گوشت چرخ کرده:400:گرم | گردو خرد شده:100:پیمانه | رب انار:2:قاشق | کشمش پلویی:100:گرم","گوشت را قلقلی کرده و سرخ کنید. | پیاز، گردو و کشمش را تفت داده و رب انار رقیق شده را اضافه کنید تا سس غلیظ شود. | برنج را آبکش کرده و لایه لایه با سس گوشت و گردو دم کنید."
"dish-8-1766876956936","آبگوشت باغی (کرمانشاه)","khorak","این آبگوشت اصیل کرمانشاهی با ترکیبی از گوشت گوسفندی و میوه‌های فصلی تهیه می‌شود و به دلیل وجود قیسی، به و سیب، طعمی ملس و عطری بی‌نظیر دارد که با نان سنگک سرو می‌گردد.","balanced","معتدل (مایل به گرم)","ادویه‌های گرم مانند دارچین و زیره","620","180","متوسط","ایران","گوشت گوسفندی چرب:500:گرم | نخود و لوبیا سفید (خیس شده):200:پیمانه | پیاز بزرگ:1:عدد | سیب درختی (سفت):2:عدد | زردآلو خشک یا قیسی:100:گرم | میوه به:1:عدد | رب گوجه فرنگی:60:قاشق | آب:1.5:میلیلیتر | نمک و فلفل و زردچوبه:0:به میزان لازم | چوب دارچین:1:قطعه","نخود و لوبیا را که از شب قبل خیس کرده‌اید، همراه با گوشت و پیاز خرد شده و آب در قابلمه ریخته و روی حرارت قرار دهید تا به جوش آید، سپس شعله را ملایم کنید تا مواد به آرامی بپزند. | پس از نیم‌پز شدن گوشت و حبوبات (حدود ۹۰ دقیقه بعد)، زردچوبه و فلفل را به غذا اضافه کنید. | میوه به و سیب را شسته، هسته آن‌ها را جدا کرده و به قطعات متوسط خرد کنید. سپس آن‌ها را همراه با قیسی شسته شده به آبگوشت اضافه نمایید. | رب گوجه‌فرنگی را در مقداری روغن تفت دهید تا رنگ آن باز شود و سپس به همراه نمک و چوب دارچین به قابلمه بیفزایید. | اجازه دهید غذا با حرارت بسیار ملایم به مدت یک ساعت دیگر کاملاً جا بیفتد تا طعم میوه‌ها در آبگوشت آزاد شده و غذا لعاب‌دار شود. | در پایان، چوب دارچین را خارج کرده، آب آبگوشت را در کاسه جداگانه ریخته و مواد گوشتی و میوه‌ها را می‌توانید به صورت کوبیده یا نکوبیده در کنار نان سنگک و سبزی خوردن سرو کنید."
"dish-8-1766877137846","کتلت مرغ زعفرانی","khorak","کتلت مرغ زعفرانی یکی از غذاهای لذیذ، ترد و معطر ایرانی است که به دلیل استفاده از زعفران و پودر سوخاری، طعمی مجلسی و ظاهری اشتهاآور دارد. این غذا گزینه‌ای عالی برای وعده‌های ناهار و شام است.","cold","سرد و تر","زعفران و پودر سیر","850","45","متوسط","ایران","سینه مرغ چرخ‌شده:500:گرم | سیب‌زمینی آب‌پز و رنده شده:400:گرم | پیاز بزرگ رنده شده:1:عدد | زعفران دم‌کرده:1:به میزان لازم | تخم‌مرغ:1:عدد | نمک و فلفل و زردچوبه:0:به میزان لازم | پودر سیر:0:حبه | پودر سوخاری:100:گرم | روغن مایع:1:به میزان لازم","ابتدا سینه مرغ چرخ‌شده را در یک ظرف بزرگ ریخته و سیب‌زمینی‌های آب‌پز و رنده شده را که پس از پخت کاملاً خنک شده‌اند به آن اضافه کنید. | پیاز رنده شده را با دست کاملاً فشار دهید تا آب اضافی آن گرفته شود، سپس پیاز را همراه با زعفران دم‌کرده و ادویه‌ها شامل نمک، فلفل، زردچوبه و پودر سیر به ظرف مواد بیفزایید. | تخم‌مرغ را به ترکیب اضافه کرده و مایه کتلت را به خوبی با دست ورز دهید تا کاملاً یکدست شده و انسجام کافی پیدا کند. | از مایه کتلت به اندازه یک گردو برداشته، در دست به شکل بیضی یا گرد فرم دهید و سپس آن را در پودر سوخاری بغلتانید تا تمام سطح آن را پوشش دهد. | در یک تابه مناسب روغن مایع ریخته و روی حرارت ملایم قرار دهید؛ پس از داغ شدن روغن، کتلت‌ها را با احتیاط داخل تابه چیده و سرخ کنید تا هر دو طرف آن‌ها طلایی و برشته شود. | کتلت‌های آماده شده را روی دستمال حوله‌ای مخصوص قرار دهید تا روغن اضافی آن‌ها جذب شود و سپس در کنار دورچین دلخواه با نان یا برنج سرو کنید."
"dish-8-1766881812358","شوربا بلغور","khorak","شوربا بلغور یک پیش‌غذا یا غذای اصلی سنتی، مقوی و خوشمزه ایرانی است که به دلیل استفاده از بلغور گندم و عصاره گوشت، سرشار از فیبر و پروتئین بوده و گزینه‌ای عالی برای روزهای سرد سال و تقویت سیستم ایمنی بدن محسوب می‌شود.","hot","گرم و خشک (به دلیل گندم)","روغن حیوانی، گوشت یا آب گوشت","285","75","متوسط","ایران","بلغور گندم:270:گرم | پیاز بزرگ:1:عدد | عصاره قلم یا آب گوشت:1000:میلی‌لیتر | آب جوش:500:میلیلیتر | گوجه فرنگی رنده شده:2:عدد | رب گوجه فرنگی:40:قاشق | نعنا خشک:10:گرم | روغن مایع:1:به میزان لازم | نمک و فلفل و زردچوبه:1:به میزان لازم | نمک و فلفل و زردچوبه:1:به میزان لازم | فلفل قرمز:0:به میزان لازم","بلغور گندم را از چند ساعت قبل در مقداری آب خیس کرده و پیش از شروع پخت، آن را آبکش کنید. | پیاز را به صورت نگینی و یکدست خرد کرده و در یک قابلمه مناسب با نیمی از روغن مایع تفت دهید تا سبک و به رنگ طلایی درآید. | زردچوبه و رب گوجه فرنگی را به پیاز اضافه کرده و حدود ۲ دقیقه تفت دهید تا بوی خامی رب گرفته شده و رنگ آن باز شود. | گوجه‌فرنگی‌های رنده شده را به قابلمه اضافه کنید و اجازه دهید کمی تفت بخورد تا آب اضافی آن کشیده شود. | بلغور خیس خورده را به مواد اضافه کرده و سپس عصاره قلم یا آب گوشت را به همراه آب جوش به قابلمه بیفزایید. | پس از به جوش آمدن محتویات قابلمه، حرارت را کم کرده و درب آن را بگذارید تا بلغور به مدت ۶۰ تا ۷۵ دقیقه کاملاً بپزد و شکفته شود. | در یک تابه کوچک، باقی‌مانده روغن را داغ کرده، نعنا خشک و فلفل قرمز را به آن اضافه کنید و تنها چند ثانیه تفت دهید تا نعنا نسوزد؛ نیمی از این نعنا داغ را داخل شوربا بریزید. | در انتهای پخت، نمک غذا را اندازه کنید و پس از اینکه شوربا کاملاً جا افتاد و غلیظ شد، آن را در ظرف مورد نظر کشیده و با باقی‌مانده نعنا داغ تزیین کنید."
"dish-8-1766883317767","خورش کدو حلوایی شیرین","stew","خورش کدو حلوایی یکی از غذاهای اصیل و خوش‌طعم پاییزی ایرانی است که با ترکیبی از کدو، گوشت و آلو، طعمی ملس و لذیذ دارد. این خورش به دلیل داشتن کدو حلوایی و آلو، منبع غنی از ویتامین‌ها و فیبر است.","cold","سرد و تر","عسل، زیره، دارچین، هل","430","150","متوسط","ایران","کدو حلوایی پوست‌کنده و مکعبی خرد شده:500:گرم | گوشت خورشتی:300:گرم | پیاز متوسط:2:عدد | آلو بخارا:10:عدد | شکر یا شیره انگور:30:پیمانه | زعفران دم‌کرده:1:به میزان لازم | آب جوش:500:میلیلیتر | دارچین و هل:0:به میزان لازم | نمک و فلفل سیاه و زرد چوبه:1:به میزان لازم | روغن مایع:0:به میزان لازم","پیازها را به صورت نگینی خرد کرده و در یک قابلمه مناسب با مقداری روغن مایع تفت دهید تا سبک و طلایی شوند. | گوشت‌های خورشتی خرد شده را به پیازها اضافه کنید و همراه با زردچوبه و فلفل سیاه تفت دهید تا رنگ گوشت تغییر کرده و عطر ادویه‌ها خارج شود. | ۵۰۰ میلی‌لیتر آب جوش به قابلمه اضافه کرده و حرارت را ملایم کنید تا گوشت به مدت حدود ۲ ساعت کاملاً پخته و نرم شود. | در مدتی که گوشت می‌پزد، تکه‌های کدو حلوایی مکعبی را در تابه‌ای جداگانه با کمی روغن تفت دهید تا اطراف آن‌ها طلایی شود؛ این کار از له شدن کدوها در خورش جلوگیری می‌کند. | پس از پخت کامل گوشت، کدوهای تفت داده شده و آلوهای بخارا را که از قبل کمی خیسانده‌اید به قابلمه خورش اضافه کنید. | در ۲۰ دقیقه پایانی پخت، زعفران دم‌کرده، شکر (یا شیره انگور)، نمک، دارچین و هل را به خورش اضافه کنید و اجازه دهید خورش با حرارت بسیار کم جا بیفتد و روغن بیندازد."
"dish-8-1766883592583","خورش آلو مسما","stew","یک خورش اصیل و مجلسی گیلانی با طعمی ملس که از ترکیب مرغ، آلو خورشتی و قیسی تهیه می‌شود و به خاطر پیاز داغ فراوانش بسیار لذیذ است.","cold","سرد و تر","زعفران، فلفل سیاه، زنجبیل","450","90","متوسط","ir","مرغ (سینه یا ران):800:گرم | آلو سیاه (آلو خورشتی):150:گرم | قیسی:50:عدد | پیاز:3:عدد | شکر:30:به میزان لازم | زعفران دم‌کرده:0:به میزان لازم | رب گوجه فرنگی:30:قاشق | نمک و فلفل و زردچوبه:0:به میزان لازم | روغن زیتون:60:قاشق | آب:500:میلیلیتر","تکه‌های مرغ را به نمک، فلفل و زردچوبه آغشته کرده و در تابه با نیمی از روغن سرخ کنید تا تمام اطراف آن طلایی شود، سپس مرغ‌ها را کنار بگذارید. | پیازها را به صورت خلالی نازک خرد کرده و در مابقی روغن تفت دهید تا کاملاً کاراملی و طلایی شوند (پیاز داغ فراوان در این خورش اهمیت زیادی دارد). | رب گوجه فرنگی را به پیاز داغ اضافه کرده و ۲ دقیقه تفت دهید تا رنگ باز کند و بوی خامی آن گرفته شود. | تکه‌های مرغ را به قابلمه برگردانده و ۵۰۰ میلی‌لیتر آب اضافه کنید. اجازه دهید با حرارت ملایم بپزد. | آلوها و قیسی‌ها را که از قبل در آب خیس کرده‌اید، آبکشی کرده و در روغن جداگانه کمی تفت دهید تا در حین پخت شکل خود را حفظ کنند، سپس در میانه پخت به مرغ اضافه کنید. | در ۲۰ دقیقه پایانی، شکر و زعفران دم‌کرده را به خورش اضافه کنید و اجازه دهید خورش کاملاً غلیظ شده، کم‌آب شود و به روغن بیفتد."
"dish-8-1766883843657","خورش خلال کرمانشاه","stew","یکی از اصیل‌ترین و لذیذترین خورش‌های استان کرمانشاه که با گوشت گوسفندی، خلال بادام درختی و زرشک سیاه تهیه می‌شود و عطری بی‌نظیر دارد.","hot","گرم و تر","زرشک سیاه، لیمو عمانی","550","150","متوسط","ir","گوشت گوسفندی (ریز خرد شده):400:گرم | خلال بادام درختی:200:گرم | زرشک سیاه:60:پیمانه | پیاز متوسط:2:عدد | لیمو عمانی:3:به میزان لازم | گلاب:120:قاشق | زعفران دم‌کرده غلیظ:1:به میزان لازم | چوب دارچین:1:قطعه | روغن حیوانی کرمانشاهی:45:میلی‌لیتر | رب گوجه فرنگی:30:قاشق | نمک، زردچوبه و فلفل:0:به میزان لازم","خلال بادام را در مخلوط گلاب و مقداری آب گرم به مدت حداقل ۱ ساعت خیس کنید تا نرم و شفاف شود. | پیازها را نگینی خرد کرده و در روغن حیوانی کرمانشاهی تفت دهید تا سبک و طلایی شوند، سپس گوشت‌های ریز خرد شده را اضافه کرده و تفت دهید تا رنگ گوشت تغییر کند. | زردچوبه و رب گوجه‌فرنگی را اضافه کرده و کمی تفت دهید تا خامی رب گرفته شده و رنگ آن باز شود. | آب جوش را به قابلمه اضافه کنید و اجازه دهید گوشت با حرارت ملایم بپزد. | پس از نیم‌پز شدن گوشت، خلال بادام را همراه با زعفران دم‌کرده و چوب دارچین به خورش اضافه کنید. | لیمو عمانی‌ها را سوراخ کرده و در یک ساعت آخر پخت به خورش اضافه کنید تا طعم خود را به غذا بدهند. | وقتی خورش کاملاً جا افتاد و به روغن نشست، چوب دارچین را خارج کنید. زرشک سیاه را که از قبل شسته‌اید، جداگانه با کمی روغن تفت داده و در دقایق پایانی به خورش اضافه کرده و سپس سریع سرو کنید."
"dish-8-1766884212693","سیر قلیه گیلانی","stew","سیر قلیه یکی از خورش‌های اصیل و لذیذ استان گیلان است که با ترکیب برگ سیر تازه، لپه و مرغ تهیه می‌شود و طعمی منحصربه‌فرد و عطری فوق‌العاده دارد.","hot","گرم و خشک","آبغوره، برنج کته","420","90","متوسط","ir","برگ سیر تازه خرد شده:40:حبه | تکه گوشت مرغ یا اردک:800:گرم | لپه:100:پیمانه | تخم‌مرغ:3:عدد | آبغوره:120:قاشق | نمک و فلفل و زردچوبه:0:به میزان لازم | روغن به میزان لازم:0:به میزان لازم","لپه را از قبل خیس کرده، سپس به صورت جداگانه بپزید و پس از پخت کامل آبکش کنید. | تکه‌های مرغ یا اردک را با کمی زردچوبه و مقدار کافی آب روی حرارت قرار دهید تا کاملاً مغزپخت و نرم شوند. | برگ سیرهای تازه و خرد شده را در تابه با مقداری روغن تفت دهید تا رنگ آن‌ها کمی تغییر کند و نرم شوند، سپس تخم‌مرغ‌ها را به آن اضافه کرده و هم بزنید تا تخم‌مرغ‌ها کاملاً بسته شوند. | مخلوط سیر و تخم‌مرغ آماده شده را همراه با لپه پخته به قابلمه حاوی مرغ اضافه نمایید. | آبغوره، نمک و فلفل را برای طعم‌دار کردن افزوده و اجازه دهید خورش به مدت ۱۰ تا ۱۵ دقیقه روی حرارت ملایم بجوشد تا طعم‌ها با هم ترکیب شده و خورش کاملاً جا بیفتد."
"dish-8-1766956020736","سوپ کدو حلوایی","soup","سوپ کدو حلوایی یکی از خوش‌طعم‌ترین و مقوی‌ترین سوپ‌های فصل پاییز و زمستان است که با بافتی مخملی و ترکیبی از ادویه‌های گرم، تجربه‌ای لذیذ را فراهم می‌کند.","cold","undefined","عسل، دارچین، زنجبیل، گردو","245","50","متوسط","ir","کدو حلوایی:1000:گرم | پیاز:1:عدد | سیب‌زمینی:150:عدد | هویج:200:گرم | زنجبیل تازه:10:به میزان لازم | خامه صبحانه:50:گرم | آب مرغ:720:میلی‌لیتر | کره:30:گرم | چوب دارچین:1:قطعه | جوز هندی:0:به میزان لازم | نمک و فلفل و زردچوبه:0:به میزان لازم | نمک و فلفل سیاه:1:به میزان لازم","پیاز را نگینی خرد کرده و در قابلمه با کره تفت دهید تا کاملاً نرم و سبک شود. | کدو حلوایی، هویج و سیب‌زمینی را پوست گرفته و خرد کنید، سپس به پیاز اضافه کرده و ۵ دقیقه تفت دهید. | آب مرغ، زنجبیل تازه و چوب دارچین را اضافه کرده و اجازه دهید مواد با درب بسته حدود ۴۰ دقیقه با حرارت ملایم بپزند. | تکه زنجبیل تازه و چوب دارچین را خارج کرده و تمام محتویات قابلمه را با گوشت‌کوب برقی یا مخلوط‌کن پوره کنید تا بافتی کاملاً یکدست پیدا کند. | پوره را به قابلمه برگردانید و نمک، فلفل سیاه، زردچوبه و جوز هندی را برای طعم‌دهی اضافه کنید. | در مرحله آخر خامه را اضافه کرده و هم بزنید تا فقط گرم شود، سپس سوپ را در ظرف سرو کشیده و با تخمه کدو تزیین کنید."
"dish-8-1766956416038","چیکن برگر (International)","international","یک غذای بین‌المللی لذیذ و سالم که از ترکیب سینه مرغ تازه با سبزیجات معطر و ادویه‌های خاص تهیه می‌شود. این برگر به دلیل استفاده از نان سبوس‌دار و روش پخت با روغن کم، گزینه‌ای مناسب برای رژیم‌های غذایی متعادل است.","cold","سرد و تر","زنجبیل، فلفل قرمز","420","30","ساده","آمریکا","سینه مرغ چرخ شده:600:گرم | سیر له شده:2:حبه | جعفری خرد شده:40:گرم | زنجبیل رنده شده:10:به میزان لازم | نمک و فلفل و زردچوبه:1:به میزان لازم | فلفل قرمز:0:به میزان لازم | نان سبوس‌دار:4:عدد | کاهو:100:گرم | خیارشور:100:عدد | سس خردل:60:میلی‌لیتر | روغن مایع:1:به میزان لازم","سینه مرغ چرخ شده را در یک ظرف گود ریخته و سیر له شده، جعفری خرد شده، زنجبیل رنده شده، نمک و فلفل قرمز را به آن اضافه کنید. | مواد را به خوبی با دست ورز دهید تا کاملاً با هم ترکیب شده و بافتی یکنواخت و چسبنده پیدا کنند. | دست خود را با کمی آب مرطوب کرده و مایه مرغ را به ۴ قسمت مساوی تقسیم کنید؛ سپس هر قسمت را به شکل دایره‌ای و به ضخامت تقریبی ۲ سانتی‌متر فرم دهید. | یک تابه نچسب را با روغن مایع چرب کرده و روی حرارت متوسط قرار دهید. برگرها را در تابه چیده و هر طرف را حدود ۴ تا ۵ دقیقه سرخ کنید تا مغزپخت شوند. | توجه داشته باشید که از سرخ کردن بیش از حد خودداری کنید تا رطوبت سینه مرغ حفظ شده و برگر خشک نشود. | نان‌های سبوس‌دار را باز کرده، لایه داخلی را به سس خردل آغشته کنید و سپس چیکن برگر را به همراه برگ‌های کاهو و برش‌های خیارشور داخل نان چیده و سرو نمایید."
"dish-8-1766956905814","چنجه کباب","kabab","یکی از لذیذترین و قدیمی‌ترین کباب‌های ایرانی که از تکه‌های گوشت تازه بره تهیه می‌شود و به دلیل بافت نرم و آبدارش طرفداران زیادی دارد.","hot","گرم و تر","سماق، گشنیز، آب نارنج، دوغ با نعنا","550","30","متوسط","ایران","گوشت راسته یا فیله گوسفندی:700:گرم | پیاز:3:عدد | روغن زیتون:4:قاشق | ابلیموی ترش و تازه:2:قاشق | نمک و فلفل سیاه و زرد چوبه:1:به میزان لازم | دنبه گوسفندی:100:گرم | ماست:2:میلیلیتر","گوشت را به قطعات مکعبی منظم (حدود ۲ تا ۳ سانتیمتر) برش دهید. | پیازها را رنده کرده و آب آن را بگیرید (یا خلالی ریز خرد کنید) و به گوشت اضافه کنید. | روغن زیتون، فلفل سیاه و ماست را به گوشت اضافه کرده و خوب ماساژ دهید. | گوشت را حداقل ۱۲ ساعت در یخچال قرار دهید تا بیات و نرم شود (نمک و آبلیمو را در این مرحله نزنید چون گوشت را سفت می‌کند). | نیم ساعت قبل از به سیخ کشیدن، نمک و آبلیمو را اضافه کنید. | گوشت‌ها را به سیخ بکشید (می‌توانید یک در میان دنبه بگذارید) و روی ذغال داغ با حرارت بالا کباب کنید تا آبدار بماند."
"dish-8-1766958808663","بیتی کباب (بِیتی کباب - ترکیه)","international","بیتی کباب یکی از اصیل‌ترین و محبوب‌ترین کباب‌های ترکیه است. این غذا شامل گوشت چرخ‌کرده طعم‌دار شده است که در نان لواش پیچیده شده، برش می‌خورد و با سس گوجه‌فرنگی غلیظ، ماست سیردار و کره ذوب شده سرو می‌شود. ظاهری مجلسی و طعمی ترکیبی از تردی نان و لطافت کباب دارد.","hot","گرم و تر","سماق یا پونه کوهی","620","45","متوسط","ترکیه","گوشت چرخ کرده:500:گرم | ۱ عدد پیاز کوچک (رنده شده و آب گرفته شده):1:عدد | ۲ حبه سیر (له شده):2:حبه | ۲ قاشق غذاخوری جعفری تازه (خرد شده):30:به میزان لازم | ۱ قاشق چای‌خوری پاپریکا:5:گرم | ۱/۲ قاشق چای‌خوری فلفل قرمز پرک شده:3:گرم | نمک و فلفل سیاه و زرد چوبه:1:به میزان لازم | ۴ ورق نان لواش (یا نان تورتیلا بزرگ):4:عدد | روغن زیتون:30:قاشق | رب گوجه فرنگی:2:قاشق | رب انار:20:قاشق | آب:60:میلیلیتر | ماست چکیده:200:پیمانه | سیر له شده:1:حبه | کره ذوب شده:30:گرم","گوشت چرخ‌کرده را در یک کاسه بزرگ با پیاز رنده شده و آب‌گرفته، سیر له شده، جعفری خرد شده، پاپریکا، فلفل قرمز پرک شده، نمک و فلفل سیاه مخلوط کنید. مخلوط را به خوبی ورز دهید تا بافتی یکدست و چسبنده پیدا کند. | مایه کباب را به ۴ قسمت مساوی تقسیم کنید. هر قسمت را به شکل یک سوسیس بلند و باریک که طول آن با عرض نان لواش متناسب باشد، فرم دهید. | تابه گریل را با مقداری روغن زیتون چرب کنید. کباب‌ها را روی حرارت متوسط قرار دهید و بچرخانید تا تمام اطراف آن‌ها کاملاً پخته و طلایی شود. | هر کباب پخته شده را در لبه یک نان لواش قرار دهید و نان را به صورت محکم دور کباب رول کنید. | رول‌های کباب را با یک چاقوی تیز به صورت اریب یا صاف به قطعات ۲ تا ۳ سانتی‌متری برش بزنید و آن‌ها را در بشقاب سرو به صورت دایره‌ای یا ردیفی بچینید. | برای تهیه سس گوجه‌فرنگی: رب را در کمی روغن تفت دهید، سپس گوجه‌فرنگی رنده شده و آب را اضافه کنید. نمک و فلفل بزنید و اجازه دهید ۱۰ دقیقه روی حرارت ملایم بجوشد تا غلیظ شود. | برای تهیه سس ماست: ماست چکیده را با سیر له شده مخلوط کنید و در مرکز ظرف سرو کباب یا در کنار آن قرار دهید. | سس گوجه‌فرنگی داغ را روی قطعات کباب بریزید، سپس کره ذوب شده داغ را روی تمام کباب‌ها پخش کنید. غذا را بلافاصله و به صورت گرم سرو کنید."
"dish-8-1766959134380","Fatteh (فته حمص - شامی)","international","فته حمص یکی از پیش‌غذاهای اصیل و لذیذ کشورهای عربی حوزه مدیترانه (شام) است که از ترکیب لایه‌های نان مدیترانه‌ای برشته، نخود گرم و سس غلیظ ماست و طحینه تهیه شده و با مغز کاج و روغن زیتون معطر می‌گردد.","balanced","معتدل رو به سردی","نعنا خشک | زیره | گلپر | پونه کوهی","420","20","متوسط","شام","نان پیتا:180:عدد | نخود پخته:400:گرم | ماست پرچرب:400:میلیلیتر | طحینه:60:میلیلیتر | سیر له شده:2:حبه | آبلیمو تازه:30:میلی‌لیتر | نمک و فلفل سیاه و زرد چوبه:1:به میزان لازم | روغن زیتون:30:قاشق | مغز کاج (دانه صنوبر):30:گرم | جعفری تازه خرد شده برای تزیین:20:به میزان لازم | پودر پاپریکا یا فلفل قرمز برای تزیین:0:به میزان لازم","نان پیتا را به مربع‌های کوچک تقسیم کرده و در فر با دمای ۱۸۰ درجه سانتی‌گراد یا در تابه با کمی روغن تفت دهید تا کاملاً ترد، خشک و طلایی شوند. | در یک ظرف گود، ماست پرچرب را با طحینه، سیر له شده، آبلیمو، نمک و فلفل سیاه مخلوط کنید و با همزن دستی بزنید تا سسی کاملاً یکدست و کرم‌مانند به دست آید. | نخودهای پخته را به همراه مقدار بسیار کمی از آب خودش گرم کنید و سپس در آبکش بریزید. | در ظرف مناسب سرو، ابتدا نان‌های برشته شده را به عنوان لایه پایه قرار دهید. | نخودهای گرم را به صورت یکنواخت روی نان‌ها پخش کنید. | سس ماست و طحینه آماده شده را روی لایه نخود ریخته و سطح آن را کاملاً بپوشانید. | در یک تابه کوچک، روغن زیتون را گرم کرده و مغز کاج را اضافه کنید. تفت دهید تا به رنگ قهوه‌ای روشن و طلایی درآیند. | روغن داغ و مغز کاج را بلافاصله روی سطح سس ماست بریزید تا صدای جلز و ولز آن شنیده شود. | با جعفری خرد شده و پودر پاپریکا تزیین نموده و برای جلوگیری از نرم شدن نان‌ها، بلافاصله سرو کنید."
"dish-8-1766961078330","Menemen (منمن - املت ترکی)","international","منمن یکی از مشهورترین و محبوب‌ترین صبحانه‌های کشور ترکیه است که از ترکیب گوجه‌فرنگی، فلفل سبز و تخم‌مرغ تهیه می‌شود. این املت خوش‌عطر و طعم به دلیل بافت نرم و آبدارش، معمولاً با نان تازه سرو می‌شود.","hot","گرم و تر","نعناع یا آویشن","210","25","آسان","ترکیه","تخم‌مرغ:6:عدد | گوجه‌فرنگی متوسط (پوست کنده و خرد شده):600:عدد | فلفل سبز شیرین (خرد شده):150:پیمانه | پیاز کوچک (خرد شده، اختیاری):1:عدد | روغن زیتون:45:قاشق | نمک، فلفل سیاه و فلفل قرمز پرک شده (پول بیبر) به مقدار لازم:0:به میزان لازم | کمی جعفری تازه برای تزیین (اختیاری):20:به میزان لازم","روغن زیتون را در یک تابه مناسب (بهتر است چدنی یا نچسب باشد) روی حرارت متوسط گرم کنید. | پیاز خرد شده را به تابه اضافه کرده و برای چند دقیقه تفت دهید تا کاملاً نرم و شفاف شود. | فلفل سبز خرد شده را به پیاز اضافه کنید و به مدت ۵ تا ۷ دقیقه دیگر تفت دادن را ادامه دهید تا فلفل‌ها کاملاً نرم شوند. | گوجه‌فرنگی‌های خرد شده را به همراه نمک، فلفل سیاه و فلفل قرمز پرک شده به تابه بیفزایید. اجازه دهید مخلوط روی حرارت ملایم بجوشد تا آب گوجه‌فرنگی تقریباً کشیده شده و یک سس غلیظ به دست آید. | تخم‌مرغ‌ها را در یک کاسه جداگانه بشکنید و با چنگال کمی هم بزنید تا از لختگی خارج شوند. | تخم‌مرغ‌های هم‌زده را به تابه اضافه کنید و به آرامی با سس گوجه‌فرنگی ترکیب کنید. اجازه دهید تخم‌مرغ‌ها بپزند اما دقت کنید که نباید کاملاً خشک شوند و باید بافت نرم خود را حفظ کنند. | بلافاصله تابه را از روی حرارت برداشته، با جعفری تازه تزیین کرده و همراه با نان تازه سرو کنید."
"dish-8-1766961391029","پیتزا پپرونی ایتالیایی","international","پیتزا پپرونی یکی از کلاسیک‌ترین و محبوب‌ترین پیتزاهای دنیاست که با ترکیب سوسیس پپرونی تند، پنیر موزارلا فراوان و ادویه‌های معطر روی لایه‌ای از سس گوجه‌فرنگی مخصوص تهیه می‌شود.","hot","گرم و خشک","آویشن، سالاد کاهو با آب‌لیمو، شربت سکنجبین","780","20","متوسط","Italy","خمیر پیتزا آماده یا خانگی:4:عدد | سوسیس پپرونی اسلایس شده:300:گرم | پنیر موزارلا رنده‌شده:400:گرم | سس گوجه‌فرنگی مخصوص پیتزا:240:میلی‌لیتر | فلفل دلمه‌ای رنگی (اختیاری):1:عدد | آویشن:0:به میزان لازم | پودر سیر:0:حبه | روغن زیتون:30:قاشق","فر را از قبل با دمای ۲۰۰ درجه سانتی‌گراد (۴۰۰ درجه فارنهایت) گرم کنید تا برای پخت کاملاً آماده شود. | سس گوجه‌فرنگی مخصوص پیتزا را به طور مساوی روی سطح هر ۴ خمیر پیتزا پخش کنید، به طوری که حدود یک سانتی‌متر از لبه‌ها برای ترد شدن خالی بماند. | پنیر موزارلا رنده‌شده را به مقدار مساوی روی لایه سس بریزید تا تمام سطح خمیر به جز لبه‌ها با پنیر پوشانده شود. | اسلایس‌های سوسیس پپرونی را به صورت منظم و با تراکم دلخواه روی لایه پنیر بچینید. | فلفل دلمه‌ای رنگی را به صورت نگینی یا خلالی خرد کرده و در صورت تمایل روی پیتزاها پخش کنید. | مقداری پودر سیر و آویشن را روی کل مواد بپاشید و در نهایت روغن زیتون را به آرامی روی مواد اسپری کنید یا بچکانید. | پیتزاها را به مدت ۱۵ تا ۲۰ دقیقه در طبقه وسط فر قرار دهید تا نان کاملاً بپزد و پنیر ذوب و حباب‌دار شود. | در ۲ دقیقه آخر، شعله گریل بالای فر را روشن کنید تا روی پنیر و لبه‌های پیتزا کاملاً طلایی و برشته شود، سپس از فر خارج کرده و به صورت گرم سرو کنید."
"dish-8-1766963128331","شاورما مرغ (Shawarma)","international","شاورما مرغ یک غذای محبوب و خوش‌طعم خاورمیانه‌ای است که در آن تکه‌های مرغ با ترکیبی از ادویه‌های معطر و ماست مزه‌دار شده و پس از گریل شدن، همراه با سس سیر مخصوص و سبزیجات تازه در نان پیتا پیچیده می‌شود.","hot","گرم و خشک","خیارشور | گوجه‌فرنگی | کاهو | سس ماست و سیر","485","25","متوسط","خاورمیانه","سینه مرغ ۶۰۰ گرم (نواری):600:گرم | ماست یونانی ۱/۲ پیمانه:120:گرم | آبلیمو تازه ۳ قاشق غذاخوری:45:میلی‌لیتر | روغن زیتون:30:قاشق | سیر له شده ۴ حبه:4:حبه | زنجبیل رنده شده ۱ قاشق چایخوری:5:به میزان لازم | ادویه‌جات (پاپریکا، زیره، گشنیز، هل، دارچین):0:به میزان لازم | نمک و فلفل سیاه و زرد چوبه:1:به میزان لازم | سس سیر (مایونز، سیر، آبلیمو):15:حبه | مخلفات (خیارشور، گوجه، کاهو، جعفری):400:عدد","ابتدا سینه مرغ را به صورت نوارهای باریک و یکدست برش دهید. | در یک کاسه بزرگ، مرغ‌های برش خورده را با ماست یونانی، آبلیمو، روغن زیتون، سیر له شده، زنجبیل رنده شده و تمامی ادویه‌جات (پاپریکا، زیره، گشنیز، هل و دارچین) به همراه نمک و فلفل سیاه به خوبی مخلوط کنید. | روی ظرف را پوشانده و اجازه دهید مرغ‌ها به مدت حداقل ۴ ساعت در یخچال بمانند تا کاملاً مزه‌دار شوند. | برای تهیه سس سیر، مایونز را با سیر له شده و مقداری آبلیمو مخلوط کرده و تا زمان سرو در یخچال قرار دهید. | یک تابه گریل را روی حرارت زیاد داغ کنید و تکه‌های مرغ را به مدت ۷ تا ۱۰ دقیقه تفت دهید تا مغزپخت و سطح آن‌ها کاملاً برشته و طلایی شود. | نان پیتا را باز کرده، مقداری از سس سیر را روی آن بمالید و سپس مرغ‌های گریل شده را همراه با مخلفات شامل خیارشور، گوجه‌فرنگی، کاهو و جعفری خرد شده داخل آن قرار دهید. | نان را به صورت رول محکم بپیچید و در صورت تمایل برای ترد شدن نان، آن را یک دقیقه در تابه گریل گرم کرده و سپس سرو کنید."
"dish-8-1766972486976","Tortilla de Patatas (املت سیب‌زمینی - اسپانیا)","international","تورتیای اسپانیایی یکی از معروف‌ترین و سنتی‌ترین غذاهای کشور اسپانیا است که از ترکیب سیب‌زمینی، پیاز و تخم‌مرغ تهیه می‌شود. این غذا بافتی نرم و لطیف دارد و به عنوان پیش‌غذا، میان‌وعده یا وعده اصلی به صورت گرم یا سرد سرو می‌شود.","balanced","undefined","روغن زیتون، فلفل سیاه، سرکه طبیعی (همراه غذا)","420","45","متوسط","اسپانیا","سیب‌زمینی متوسط:800:عدد | تخم‌مرغ:6:عدد | پیاز سفید بزرگ:1:عدد | روغن زیتون:150:قاشق | نمک و فلفل و زردچوبه:1:به میزان لازم","سیب‌زمینی‌ها را پوست گرفته و به صورت ورقه‌های نازک یا نگینی ریز خرد کنید. | پیاز را به صورت خلالی نازک خرد کنید. | روغن زیتون را در تابه داغ کرده، سیب‌زمینی و پیاز را به آن اضافه کنید و با حرارت ملایم تفت دهید تا کاملاً نرم شوند. دقت کنید که سیب‌زمینی‌ها نباید سرخ یا ترد شوند بلکه باید در روغن مغزپخت شوند. | مخلوط سیب‌زمینی و پیاز را از روغن خارج کرده و اجازه دهید کمی خنک شود. در یک کاسه بزرگ، تخم‌مرغ‌ها را با نمک بزنید و سپس سیب‌زمینی و پیاز را به آن اضافه کنید. اجازه دهید مایه برای ۱۰ دقیقه استراحت کند تا سیب‌زمینی‌ها تخم‌مرغ را جذب کنند. | مقداری از روغن زیتون را در تابه نچسب ریخته و مایه را داخل آن بریزید. با قاشق سطح آن را صاف کنید. | هر طرف تورتیا را حدود ۵ تا ۷ دقیقه با حرارت ملایم بپزید تا طلایی شود. برای برگرداندن تورتیا، یک بشقاب تخت را روی تابه گذاشته، آن را برعکس کنید و سپس تورتیا را دوباره به تابه برگردانید تا طرف دیگر نیز بپزد."
"dish-9-1766794336336","آش زرشک","ash","آش زرشک یکی از آش‌های سنتی و اصیل ایرانی است که به دلیل استفاده از زرشک، طعمی ملس و بسیار مطبوع دارد. این آش سرشار از ویتامین C و فیبر بوده و گزینه‌ای عالی برای فصول سرد سال است.","cold","سرد و خشک","عسل یا زنجبیل","310","90","متوسط","ایران","زرشک تازه یا خشک:180:پیمانه | لوبیا چیتی:100:گرم | عدس:100:پیمانه | برنج:90:پیمانه | سبزی آش:400:گرم | پیاز متوسط:2:عدد | نعنا داغ و سیر داغ برای تزیین:4:حبه | روغن زیتون:60:قاشق | شکر:15:به میزان لازم | نمک و فلفل به میزان لازم:0:به میزان لازم","ابتدا لوبیا چیتی و برنج را از چند ساعت قبل خیس کرده و سپس با مقدار کافی آب روی حرارت بگذارید تا کاملاً پخته و نرم شوند. | پس از پخت نسبی لوبیا، عدس را اضافه کنید و اجازه دهید تا تمام حبوبات و برنج کاملاً مغزپخت شده و برنج لعاب بیندازد. | سبزی آش را که شامل تره، جعفری، گشنیز و اسفناج است به قابلمه اضافه کرده و اجازه دهید با حرارت ملایم بپزد. | پیازها را خلالی خرد کرده و با روغن تفت دهید تا طلایی شوند؛ سپس نیمی از آن را به همراه نمک و فلفل داخل آش بریزید. | زرشک را شسته و با مقدار کمی روغن و شکر تفت دهید تا براق شود؛ نیمی از آن را برای طعم‌دهی داخل آش بریزید و هم بزنید. | اجازه دهید آش با حرارت بسیار ملایم کاملاً جا بیفتد. در صورت تمایل برای ترشی بیشتر، کمی آب‌غوره در دقایق پایانی اضافه کنید. | آش را در ظرف مورد نظر کشیده و با باقیمانده زرشک تفت داده شده، نعنا داغ، سیر داغ و پیاز داغ تزیین و سرو نمایید."
"dish-9-1766799342396","کته کره و مرغ","polo","یک غذای لذیذ که در آن مرغ با کره فراوان و زعفران پخته شده و عطر بی‌نظیری به کته می‌دهد.","balanced","معتدل رو به سردی","زعفران، ادویه‌های گرم، زنجبیل","700","90","آسان","ایران","برنج:4:پیمانه | ران مرغ کامل:4:گرم | کره:100:گرم | زعفران دم‌کرده غلیظ:1:به میزان لازم","مرغ را با زعفران و ادویه مزه‌دار کنید. | مرغ را با کره و حرارت ملایم سرخ کنید تا با بخار کره بپزد. | در آخر باقی زعفران و آبلیمو را اضافه کنید. | برنج را کته پخته و مرغ‌های کره‌ای را روی آن سرو کنید."
"dish-9-1766876956936","آبگوشت بزباش","khorak","آبگوشت بزباش یکی از اصیل‌ترین و خوشمزه‌ترین انواع آبگوشت در فرهنگ غذایی ایران است که به دلیل استفاده از سبزی‌های معطر، شباهت ظاهری به قورمه‌سبزی دارد اما با روش سنتی آبگوشت طبخ و سرو می‌شود.","hot","گرم و تر","ترشی لیته یا پیاز خام","480","180","متوسط","ایران","گوشت گوسفندی با چربی:500:گرم | لوبیا قرمز یا لوبیا چشم‌بلبلی:200:پیمانه | سبزی (تره، جعفری، شنبلیله):300:گرم | پیاز:1:عدد | لیمو عمانی:3:به میزان لازم | سیب‌زمینی:2:عدد | نمک و فلفل سیاه و زرد چوبه:1:به میزان لازم | روغن برای تفت دادن سبزی:30:میلی‌لیتر | آب:1500:میلیلیتر","لوبیا را از شب قبل خیس کرده و چند بار آب آن را عوض کنید تا نفخ آن گرفته شود. | گوشت گوسفندی را به همراه پیاز چهارقاچ شده، لوبیا و ۱.۵ لیتر آب در قابلمه بریزید و روی حرارت قرار دهید تا به جوش آید، سپس کف روی گوشت را بگیرید و حرارت را ملایم کنید. | سبزی‌ها را پس از شستن، کاملاً ریز و ساطوری خرد کرده و در مقداری روغن تفت دهید تا بوی خامی آن‌ها گرفته شده و کمی تغییر رنگ دهند. | پس از گذشت حدود ۲ ساعت از پخت گوشت، سبزی‌های تفت داده شده و لیمو عمانی‌هایی را که از قبل سوراخ کرده‌اید، به قابلمه اضافه کنید. | سیب‌زمینی‌ها را پوست گرفته و در یک ساعت آخر پخت به همراه نمک، فلفل سیاه و زردچوبه به غذا اضافه نمایید. | اجازه دهید آبگوشت با حرارت ملایم کاملاً جا بیفتد و لعاب بیندازد تا طعم سبزی و گوشت به خورد هم برود. | در پایان پخت، آب غذا را در کاسه جداگانه سرو کرده و بقیه مواد را پس از جدا کردن استخوان‌ها، کاملاً بکوبید و به صورت گوشت کوبیده سرو کنید."
"dish-9-1766877137846","کتلت بادمجان","khorak","یک کتلت گیاهی بسیار خوشمزه برای کسانی که به دنبال جایگزین گوشت هستند، با بافتی نرم و طعمی لذیذ.","cold","سرد و خشک","گردو یا زیره","220","60","متوسط","ایران","بادمجان متوسط:4:عدد | سیب‌زمینی متوسط:2:عدد | پیاز بزرگ:1:عدد | تخم‌مرغ:2:عدد | پنیر پارمزان یا آرد سوخاری:1:گرم | نمک و فلفل و زردچوبه:1:به میزان لازم | سیر له شده:1:حبه","بادمجان‌ها را کبابی یا سرخ کرده و سپس کاملا له کنید | سیب‌زمینی‌ها را بپزید و رنده کنید | پیاز رنده شده و سیر را به بادمجان و سیب‌زمینی اضافه کنید | تخم‌مرغ، ادویه و پنیر پارمزان را بیفزایید و مخلوط کنید | مایه را به صورت دایره‌ای در تابه سرخ کنید"
"dish-9-1766881812358","املت شاپوری","khorak","املت شاپوری یکی از محبوب‌ترین و اصیل‌ترین صبحانه‌های استان گیلان است که از ترکیب لوبیا چیتی پخته شده، رب گوجه‌فرنگی و تخم‌مرغ تهیه می‌شود. این غذای مقوی و خوش‌طعم معمولاً با نان بربری تازه، پیاز و زیتون سرو می‌شود.","hot","گرم و تر","فلفل سیاه، دارچین، زیتون پرورده","320","20","ساده","ایران","لوبیا چیتی پخته شده:600:گرم | تخم‌مرغ:4:عدد | رب گوجه فرنگی:50:قاشق | روغن زیتون:45:قاشق | آب نارنج یا آبلیمو:15:میلیلیتر | گلپر:3:به میزان لازم | نمک و فلفل و زردچوبه:1:به میزان لازم | نمک و فلفل سیاه:1:به میزان لازم | نمک و فلفل و زردچوبه:1:به میزان لازم","ابتدا لوبیا چیتی را که از شب قبل خیس کرده‌اید، کاملاً بپزید تا نرم شود و لعاب بیاندازد (در صورت استفاده از لوبیای پخته آماده، آن را گرم کنید). | در یک تابه مناسب، روغن زیتون را ریخته و رب گوجه‌فرنگی را همراه با زردچوبه تفت دهید تا خامی رب گرفته شده و رنگ آن کاملاً باز و درخشان شود. | لوبیاهای پخته شده را بدون آب اضافی به رب تفت داده شده اضافه کنید و چند دقیقه با هم تفت دهید تا مزه‌ها کاملاً به خورد هم بروند. | تخم‌مرغ‌ها را در یک ظرف جداگانه بشکنید، کمی نمک و فلفل سیاه به آن بزنید و با چنگال هم بزنید تا از لختگی خارج شوند. | تخم‌مرغ‌ها را روی ترکیب لوبیا و رب بریزید؛ سپس آب نارنج و گلپر را اضافه کنید. | اجازه دهید تخم‌مرغ‌ها با حرارت ملایم بسته شوند (در املت شاپوری اصیل، تخم‌مرغ‌ها نباید خیلی خشک شوند و باید کمی نرم بمانند). | املت آماده شده را در تابه یا ظرف مورد نظر سرو کرده و با نان بربری و پیاز میل کنید."
"dish-9-1766883317767","خورش کدو مسما","stew","یک خورش اصیل و سنتی ایرانی که از ترکیب مرغ، کدو سبز سرخ‌شده و غوره تهیه می‌شود و طعمی ملس و عطر و بویی بی‌نظیر دارد.","cold","سرد و تر","ادویه‌های گرم (فلفل، زردچوبه)، نعنا، خردل","420","90","متوسط","ایران","کدو سبز متوسط:800:گرم | سینه یا ران مرغ:800:گرم | پیاز بزرگ:1:عدد | رب گوجه فرنگی:450:قاشق | غوره:100:قاشق | رب گوجه فرنگی:40:قاشق | زعفران دم‌کرده:1:به میزان لازم | نمک، فلفل قرمز و زردچوبه:0:به میزان لازم | روغن سرخ‌کردنی:100:میلیلیتر | آب:500:میلیلیتر","مرغ‌ها را با نمک و زردچوبه مزه‌دار کرده و در مقداری روغن سرخ کنید تا دو طرف آن‌ها کاملاً طلایی و برشته شود. | پیاز را به صورت نگینی خرد کرده و در قابلمه با مقداری روغن تفت دهید تا سبک و طلایی شود، سپس رب گوجه‌فرنگی را اضافه کرده و تفت دهید تا بوی خامی آن گرفته شده و رنگ رب باز شود. | تکه‌های مرغ سرخ‌شده را به قابلمه حاوی پیاز و رب اضافه کنید، سپس آب را افزوده و اجازه دهید با حرارت ملایم بپزد. | کدو سبزها را به صورت طولی برش داده و در تابه جداگانه سرخ کنید تا کاملاً طلایی و مغزپخت شوند. | گوجه‌فرنگی‌ها را به صورت حلقه‌ای خرد کرده و در روغن تفت دهید تا کمی سرخ شوند. | در ۳۰ دقیقه پایانی پخت مرغ، کدوهای سرخ‌شده، گوجه‌فرنگی‌های حلقه‌ای، غوره و زعفران دم‌کرده را به خورش اضافه کنید. | اجازه دهید خورش با حرارت ملایم کاملاً جا بیفتد و به روغن بیفتد، سپس همراه با چلو زعفرانی سرو کنید."
"dish-9-1766883592583","خورش آلوچه جنگلی","stew","خورش آلوچه جنگلی یکی از غذاهای اصیل و ترش‌مزه شمال ایران است که با مرغ، سبزیجات معطر و آلوچه‌های ترش تهیه می‌شود. این خورش به دلیل داشتن رب انار و آلوچه دارای طعمی ملس و لذیذ است.","cold","سرد و خشک","عسل، نبات، نعنا داغ، پونه","420","75","متوسط","ir","مرغ:800:گرم | آلوچه جنگلی خشک یا تازه:200:گرم | پیاز:2:عدد | سبزی معطر (نعنا، گشنیز، جعفری):300:گرم | سیر:3:حبه | رب انار:30:قاشق | نمک و فلفل و زردچوبه:1:به میزان لازم | نمک و فلفل و زردچوبه:1:به میزان لازم | نمک و فلفل و زردچوبه:1:به میزان لازم | روغن زیتون:45:قاشق | آب:600:میلیلیتر","تکه‌های مرغ را با نمک، فلفل و زردچوبه مزه‌دار کرده و در روغن سرخ کنید تا دو طرف آن طلایی شود، سپس از قابلمه خارج کرده و کنار بگذارید. | پیازهای نگینی خرد شده را در همان روغن تفت دهید تا سبک و شفاف شوند، سپس سیر خرد شده را اضافه کرده و کمی تفت دهید تا عطر آن خارج شود. | سبزی‌های معطر را که بسیار ریز خرد شده‌اند اضافه کنید و با حرارت ملایم به خوبی سرخ کنید تا رنگ سبزی‌ها تیره شده و عطر آن‌ها بلند شود. | آلوچه‌های جنگلی (در صورت خشک بودن از قبل خیس شده) و رب انار را به ترکیب سبزی اضافه کرده و حدود یک دقیقه تفت دهید. | تکه‌های مرغ سرخ شده را به قابلمه بازگردانید و ۶۰۰ میلی‌لیتر آب جوش روی آن بریزید. | درب قابلمه را گذاشته و اجازه دهید خورش با حرارت بسیار ملایم به مدت ۱ ساعت بپزد تا مرغ‌ها کاملاً مغزپخت شوند و خورش روغن بیندازد و جا بیفتد."
"dish-9-1766883843657","خورش دال عدس تند","stew","خورش دال عدس یکی از غذاهای سنتی و پرطرفدار مناطق جنوبی ایران است که به دلیل داشتن عدس قرمز، سیر و تمر هندی، طعمی تند و ملس دارد و بسیار مقوی و زودپز است.","hot","گرم و خشک","گشنیز تازه، ماست، برنج","320","45","آسان","ir","دال عدس (عدس قرمز):400:پیمانه | سیب‌زمینی متوسط:2:عدد | پیاز درشت:1:عدد | سیر:4:حبه | رب گوجه فرنگی:45:قاشق | تمر هندی حل شده:120:بسته | فلفل قرمز تند:0:به میزان لازم | نمک و فلفل و زردچوبه:1:به میزان لازم | نمک و فلفل و زردچوبه:1:به میزان لازم | روغن مایع:1:به میزان لازم","ابتدا دال عدس را چندین بار شسته و به همراه سیب‌زمینی‌هایی که به صورت نگینی خرد کرده‌اید، داخل قابلمه بریزید و با افزودن مقداری آب اجازه دهید کاملاً پخته و نرم شوند. | پیاز را به صورت نگینی خرد کرده و در تابه با مقداری روغن مایع تفت دهید تا سبک و طلایی شود. | سیرهای له شده را به پیاز داغ اضافه کنید و کمی تفت دهید تا عطر سیر خارج شود. | رب گوجه‌فرنگی را همراه با زردچوبه و فلفل قرمز تند به تابه اضافه کرده و تفت دهید تا بوی خامی رب گرفته شده و رنگ آن باز شود. | مخلوط پیاز و رب تفت داده شده را به قابلمه حاوی عدس و سیب‌زمینی پخته اضافه کنید. | پس از نرم شدن کامل مواد، نیمی از خورش را با گوشت‌کوب کمی بکوبید تا خورش لعاب‌دار و غلیظ شود (دقت کنید کاملاً له نشود). | در مرحله آخر، عصاره تمر هندی صاف شده را به همراه نمک به خورش اضافه کنید و اجازه دهید ۱۰ تا ۱۵ دقیقه دیگر با حرارت ملایم بجوشد تا خورش کاملاً جا افتاده و غلیظ شود."
"dish-9-1766884212693","قلیه ماهی بوشهری","stew","قلیه ماهی یکی از معروف‌ترین و لذیذترین خورش‌های جنوب ایران، به‌ویژه استان بوشهر است که به دلیل ترکیب سبزیجات معطر، تمر هندی و ماهی‌های جنوب، طعمی تند و ترش و عطری بی‌نظیر دارد.","cold","سرد و تر","خرما، کنجد، ادویه‌های گرم مانند فلفل قرمز و سیر","380","75","متوسط","ir","ماهی (شیر، سنگسر یا هامور):600:پیمانه | سبزی ماهی (گشنیز ۳۰۰ گرم و شنبلیله ۵۰ گرم):350:گرم | پیاز متوسط:2:عدد | سیر:10:حبه | تمر هندی حل شده:200:بسته | آرد گندم:30:گرم | نمک و فلفل و زردچوبه:1:به میزان لازم | نمک و فلفل و زردچوبه:1:به میزان لازم | فلفل قرمز:0:به میزان لازم | روغن مایع:0:به میزان لازم","پیازها را نگینی خرد کرده و در قابلمه با مقداری روغن مایع تفت دهید تا طلایی و سبک شوند. | سیرهای کوبیده شده را به پیاز اضافه کرده و به تفت دادن ادامه دهید تا عطر سیر بلند شود. | سبزی ماهی (گشنیز و شنبلیله خرد شده) را به قابلمه اضافه کرده و با حرارت ملایم به خوبی سرخ کنید تا رنگ سبزی تیره شود. | زردچوبه و فلفل قرمز فراوان را به مخلوط سبزی و پیاز اضافه کرده و کمی تفت دهید. | تمر هندی را با مقداری آب ولرم خیس کرده و از صافی رد کنید تا هسته‌های آن جدا شود؛ سپس عصاره حاصل را با آرد گندم مخلوط کرده و به قابلمه اضافه کنید. | وقتی خورش به جوش آمد، تکه‌های ماهی را که از قبل با نمک و فلفل مزه‌دار کرده‌اید، به آرامی در خورش قرار دهید. | حرارت را کم کنید و اجازه دهید خورش به مدت ۴۵ دقیقه با درب نیمه‌باز جا بیفتد تا روغن بیندازد و غلیظ شود."
"dish-9-1766956020736","سوپ ماهی جنوبی (مفطح ماهی)","soup","یک سوپ اصیل، تند و خوش‌عطر جنوبی که با ترکیب فیله ماهی، سبزیجات معطر و تمر هندی تهیه می‌شود. این غذا به دلیل داشتن سیر و فلفل فراوان، طبعی گرم و قوام غلیظی دارد.","cold","undefined","خرما، ادویه‌های گرم (فلفل، زنجبیل)، سیر","290","60","متوسط","ir","فیله ماهی شیر یا سنگسر:500:پیمانه | پیاز متوسط:2:عدد | سیر:5:حبه | گشنیز خرد شده:200:گرم | شنبلیله خرد شده:50:گرم | تمر هندی حل شده:120:بسته | فلفل قرمز و سیاه:0:به میزان لازم | زردچوبه و نمک:0:به میزان لازم | آبرد گندم:10:گرم | روغن مایع:1:به میزان لازم | آب جوش:960:میلیلیتر","پیازها را نگینی خرد کرده و در یک قابلمه با مقداری روغن مایع تفت دهید تا سبک و شفاف شوند. | سیرهای رنده شده را به همراه زردچوبه به پیاز اضافه کنید و تفت دهید تا عطر سیر بلند شود. | سبزی‌های خرد شده (گشنیز و شنبلیله) را به قابلمه اضافه کرده و به خوبی سرخ کنید تا رنگ آن‌ها تیره شده و آب سبزی کاملاً کشیده شود. | تمر هندی حل شده و صاف شده را به همراه ۴ لیوان آب جوش (۹۶۰ میلی‌لیتر) به مواد داخل قابلمه اضافه کنید. | آبرد گندم را در مقداری آب سرد حل کنید تا یکدست شود، سپس آن را به سوپ اضافه کنید تا باعث قوام یافتن غذا شود. | فیله‌های ماهی را که با نمک و فلفل مزه‌دار شده‌اند، به آرامی درون سوپ در حال جوش قرار دهید. | حرارت را ملایم کرده و اجازه دهید سوپ به مدت ۳۰ تا ۴۰ دقیقه جا بیفتد و ماهی‌ها کاملاً پخته شوند. | در پایان میزان فلفل و ترشی غذا را مطابق ذائقه خود اندازه کرده و سوپ را به صورت گرم سرو کنید."
"dish-9-1766956416038","Veggie Burger (برگر گیاهی حبوبات - International)","international","این برگر گیاهی یک گزینه لذیذ، سرشار از پروتئین و سالم برای کسانی است که به دنبال جایگزین گیاهی برای همبرگرهای کلاسیک هستند. ترکیب عدس و قارچ بافت و طعم بی‌نظیری ایجاد می‌کند.","balanced","معتدل و خشک","زیره سبز، روغن زیتون","385","90","متوسط","آمریکا","عدس پخته شده و بدون آب:400:پیمانه | قارچ ریز خرد شده:70:گرم | آرد نخودچی:60:قاشق | پیاز متوسط:1:عدد | زیره سبز و زردچوبه:0:به میزان لازم | نمک و فلفل سیاه و زرد چوبه:1:به میزان لازم | نان همبرگر:4:عدد | روغن زیتون:45:قاشق","ابتدا عدس پخته شده را کاملاً آبکشی کنید تا هیچ آب اضافه‌ای نداشته باشد، سپس با استفاده از گوشت‌کوب یا غذاساز آن را به شکل پوره درآورید. | پیاز را نگینی خرد کرده و در تابه با کمی روغن تفت دهید تا سبک شود، سپس قارچ‌های خرد شده را اضافه کنید و با حرارت بالا تفت دهید تا آب قارچ کاملاً کشیده شود. | در یک ظرف بزرگ، پوره عدس را با مخلوط پیاز و قارچ، زیره سبز، زردچوبه، نمک، فلفل سیاه و پودر سوخاری مخلوط کنید و ورز دهید تا خمیری سفت و یکدست حاصل شود. | اگر مایه برگر شل بود، قاشق قاشق پودر سوخاری بیشتری اضافه کنید تا بافت آن برای شکل‌دهی مناسب شود. | مایه را به چهار قسمت مساوی تقسیم کرده، به شکل دایره فرم دهید و برای حداقل یک ساعت در یخچال قرار دهید تا استراحت کرده و منسجم شود. | در یک تابه نچسب، روغن زیتون را گرم کنید و برگرها را با حرارت ملایم سرخ کنید تا هر دو طرف آن‌ها کاملاً طلایی و ترد شود. | برگرهای گیاهی را درون نان همبرگر قرار داده و همراه با سس ارده، کاهو، گوجه و خیارشور سرو نمایید."
"dish-9-1766956905814","ریحان‌ کباب ","kabab","یک کباب بسیار خوش‌عطر و متفاوت که با ترکیب گوشت چرخ‌کرده و ریحان تازه تهیه می‌شود و طعمی منحصر به فرد دارد.","hot","گرم و خشک","ماست و خیار، سماق، گوجه‌فرنگی کبابی","400","45","آسان","ایران","گوشت چرخ کرده:500:گرم | ریحان تازه ساطوری شده:1:پیمانه | پیاز رنده شده و آب گرفته:2:عدد | نمک و فلفل سیاه و زرد چوبه:1:به میزان لازم | نمک و فلفل و زردچوبه:1:به میزان لازم | زعفران دم‌کرده:1:به میزان لازم | روغن مایع:0:به میزان لازم","ابتدا پیازها را رنده کرده و آب اضافی آن‌ها را کاملاً بگیرید. | گوشت چرخ‌کرده را به همراه پیاز، نمک، فلفل، زردچوبه و زعفران در یک کاسه بزرگ بریزید. | ریحان‌های تازه را شسته، خشک کرده و کاملاً ساطوری و ریز کنید و به مواد گوشتی اضافه کنید. | مایه کباب را به مدت ۱۰ دقیقه به خوبی ورز دهید تا چسبندگی پیدا کند و سپس نیم ساعت در یخچال استراحت دهید. | از مواد به اندازه یک نارنگی برداشته و در دست یا در تابه به شکل بیضی یا دایره فرم دهید. | کباب‌ها را در روغن داغ با حرارت ملایم سرخ کنید تا مغزپخت شوند و با برنج یا نان سرو کنید."
"dish-9-1766958808663","بریانی (بریانی پاکستانی)","international","بریانی پاکستانی یکی از محبوب‌ترین و معطرترین غذاهای شبه‌قاره است که از ترکیب لایه‌به‌لایه مرغ مزه‌دار شده با ادویه‌های گرم و برنج باسماتی دانه بلند تهیه می‌شود. این غذا با عطر پیاز برشته، نعناع و گشنیز تازه شناخته می‌شود.","hot","گرم و خشک","ماست یا خیار","620","90","متوسط","پاکستان","مرغ (با استخوان یا بدون استخوان، تکه شده):800:گرم | برنج باسماتی:500:پیمانه | پیاز بزرگ:2:عدد | ماست:120:میلیلیتر | زنجبیل و سیر رنده شده (مخلوط):30:حبه | گوجه‌فرنگی (پوره شده):3:عدد | پودر بریانی پاکستانی:20:گرم | پودر فلفل قرمز:0:به میزان لازم | پودر زردچوبه:0:به میزان لازم | نعناع تازه (خرد شده):30:گرم | گشنیز تازه (خرد شده):30:گرم | روغن مایع:1:به میزان لازم | زعفران دم کرده (اختیاری):0:به میزان لازم | نمک و فلفل و زردچوبه:1:به میزان لازم","برنج باسماتی را به مدت ۳۰ دقیقه در آب نمک خیس کنید. سپس آن را در آب جوش ریخته و به مدت ۵ تا ۷ دقیقه بپزید تا نیم‌پز شود (دانه برنج باید از بیرون نرم و از وسط کمی سفت باشد). سپس آبکش کرده و کنار بگذارید. | در یک کاسه بزرگ، تکه‌های مرغ را با ماست، مخلوط زنجبیل و سیر، پودر بریانی، پودر فلفل قرمز، زردچوبه و مقداری نمک مخلوط کنید. اجازه دهید مرغ حداقل ۳۰ دقیقه در یخچال مزه‌دار شود. | در یک قابلمه مناسب، روغن یا کره حیوانی را گرم کنید. پیازهای خلالی را سرخ کنید تا کاملاً طلایی و برشته شوند. نیمی از پیازها را برای تزیین لایه‌ها کنار بگذارید. | پوره گوجه‌فرنگی را به پیازهای داخل قابلمه اضافه کنید و تفت دهید تا آب آن کشیده شده و روغن بیندازد. | تکه‌های مرغ مزه‌دار شده را به قابلمه اضافه کرده و تفت دهید تا رنگ مرغ تغییر کند. سپس نصف پیمانه آب اضافه کرده و درب قابلمه را بگذارید تا به مدت ۲۰ دقیقه با حرارت ملایم بپزد و سس غلیظ شود. | برای لایه‌بندی، نیمی از مایه مرغ را در کف قابلمه پخش کنید. روی آن نیمی از برنج نیم‌پز، مقداری پیاز داغ، نعناع و گشنیز خرد شده بریزید. این کار را برای لایه دوم با بقیه مواد تکرار کنید. | در صورت تمایل زعفران دم‌کرده را روی لایه آخر برنج بریزید. درب قابلمه را با فویل یا دم‌کنی محکم بپوشانید. | قابلمه را به مدت ۳۰ تا ۴۰ دقیقه روی حرارت بسیار ملایم بگذارید تا برنج کاملاً دم کشیده و مرغ پخته شود. قبل از سرو، مواد را به آرامی با هم مخلوط کرده و در دیس بکشید."
"dish-9-1766959134380","Feijoada (خورش لوبیای سیاه و گوشت)","international","فیجوآدا یک خورش اصیل و غنی برزیلی است که از ترکیب لوبیای سیاه، گوشت قرمز و سوسیس دودی تهیه می‌شود. این غذا به دلیل پخت طولانی و ملایم، بافتی غلیظ و طعمی عمیق دارد و معمولاً در کنار برنج سفید و نارنج تازه سرو می‌شود.","cold","سرد و خشک","گلپر یا زیره سیاه","640","180","متوسط","برزیل","لوبیای سیاه:400:گرم | گوشت گوساله یا گوسفندی:500:گرم | سوسیس دودی:200:گرم | پیاز بزرگ خرد شده:1:عدد | سیر له شده:4:حبه | برگ بو:2:به میزان لازم | نمک و فلفل و زردچوبه:1:به میزان لازم | نمک و فلفل سیاه:1:به میزان لازم | نارنج برای سرو:2:عدد | روغن مایع:1:به میزان لازم | آب:1500:میلیلیتر","لوبیای سیاه را از شب قبل خیس کنید و چند بار آب آن را عوض کنید تا نفخ آن گرفته شود. | در یک قابلمه بزرگ، پیاز را در روغن تفت دهید تا سبک و طلایی شود، سپس سیر له شده را اضافه کرده و تا بلند شدن عطر آن تفت دهید. | گوشت گوساله یا گوسفندی خرد شده را به همراه سوسیس‌های دودی اسلایس شده به پیاز و سیر اضافه کنید و تا زمان تغییر رنگ گوشت به خوبی تفت دهید. | لوبیای خیس خورده را آبکش کرده و همراه با برگ بو و ۱.۵ لیتر آب به قابلمه بیفزایید. | اجازه دهید خورش با حرارت بسیار ملایم به مدت حدود ۳ ساعت بپزد تا لوبیای سیاه و گوشت کاملاً نرم شده و خورش غلیظ و جا افتاده شود. | در ۳۰ دقیقه پایانی پخت، نمک و فلفل سیاه را اندازه کرده و در نهایت خورش را همراه با برنج سفید و آب نارنج تازه سرو کنید."
"dish-9-1766961078330","پلو مکزیکی با لوبیا قرمز (Mexican Rice)","international","یک غذای خوش‌طعم، رنگارنگ و تند و تیز بین‌المللی که با ترکیب برنج، لوبیا قرمز، ذرت و ادویه‌های مخصوص تهیه می‌شود. این پلو به دلیل داشتن حبوبات و سبزیجات متنوع، یک وعده کامل، مغذی و سرشار از پروتئین گیاهی است.","hot","گرم و خشک","روغن زیتون, آویشن","780","60","متوسط","مکزیک","برنج:720:پیمانه | لوبیا قرمز پخته شده:300:پیمانه | ذرت کنسروی:150:گرم | گوجه‌فرنگی پوره شده:400:میلیلیتر | پیاز:1:عدد | سیر:2:حبه | فلفل دلمه‌ای:150:عدد | پودر پاپریکا و فلفل قرمز تند:0:به میزان لازم | روغن گیاهی:60:میلی‌لیتر | آب:1100:میلیلیتر | نمک و فلفل و زردچوبه:1:به میزان لازم","پیاز را نگینی خرد کرده و در یک قابلمه مناسب با روغن گیاهی تفت دهید تا سبک و شفاف شود. | سیرهای خرد شده را اضافه کنید و به مدت یک دقیقه تفت دهید تا عطر آن‌ها خارج شود. | فلفل دلمه‌ای را که به صورت نگینی خرد کرده‌اید به قابلمه اضافه کرده و تفت دهید تا کمی نرم شود. | پوره گوجه‌فرنگی را به همراه پودر پاپریکا و فلفل قرمز تند اضافه کنید و اجازه دهید مواد روی حرارت بمانند تا آب گوجه‌فرنگی کشیده شده و سس غلیظ و خوش‌رنگی حاصل شود. | برنج شسته شده را به همراه آب و مقداری نمک به مخلوط سس اضافه کنید. | لوبیا قرمز پخته شده و ذرت کنسروی را داخل قابلمه بریزید و مواد را به آرامی هم بزنید تا یکدست شوند. | اجازه دهید آب برنج روی حرارت متوسط کشیده شود (به روش کته). پس از اینکه حفره‌هایی روی سطح برنج ایجاد شد، حرارت را کم کرده و روی قابلمه دم‌کنی بگذارید. | اجازه دهید پلو به مدت ۳۵ تا ۴۵ دقیقه به خوبی دم بکشد و سپس آن را در دیس مورد نظر سرو کنید."
"dish-9-1766961391030","Picanha (کباب پیکانیا )","international","کباب پیکانیا یکی از محبوب‌ترین کباب‌های برزیلی و بین‌المللی است که از بخش خاصی از گوشت گاو تهیه می‌شود. ویژگی اصلی این کباب، لایه چربی بیرونی آن است که در طول پخت ذوب شده و طعمی بی‌نظیر و بافتی آبدار به گوشت می‌بخشد.","hot","گرم و خشک","سماق یا گشنیز","480","40","متوسط","برزیل","گوشت پشت مازو با لایه چربی:1:کیلوگرم | نمک دریایی درشت:0:به میزان لازم | نمک و فلفل سیاه:1:به میزان لازم | روغن زیتون:30:قاشق","گوشت پشت مازو را به قطعات عرضی با ضخامت حدود ۵ سانتی‌متر برش بزنید. | هر قطعه گوشت را به شکل حرف C انگلیسی خم کنید، به طوری که لایه چربی در قسمت بیرونی قرار بگیرد، سپس آن‌ها را به سیخ بکشید. | تمام سطح گوشت را به مقدار کمی روغن زیتون آغشته کنید تا ادویه‌ها بهتر به آن بچسبند. | نمک دریایی درشت و فلفل سیاه را به میزان لازم روی تمام قسمت‌های گوشت بپاشید. | گریل یا منقل زغالی را آماده کنید تا کاملاً داغ شود، سپس سیخ‌ها را روی حرارت مستقیم قرار دهید. | هر طرف گوشت را حدود ۱۰ تا ۱۵ دقیقه کباب کنید تا لایه چربی ترد و طلایی شود و داخل گوشت طبق سلیقه شما پخته و آبدار بماند. | پس از اتمام پخت، گوشت را از منقل خارج کرده و قبل از برش زدن نهایی، اجازه دهید ۵ دقیقه استراحت کند تا عصاره گوشت در تمام بافت پخش شود."
"dish-9-1766963128331","Shchi (شی - روسیه)","international","شی (Shchi) یکی از مشهورترین و قدیمی‌ترین سوپ‌های سنتی روسیه است که بر پایه کلم تهیه می‌شود. این سوپ مقوی و خوش‌طعم با ترکیبی از گوشت، سبزیجات ریشه‌ای و کلم سفید پخته شده و به طور سنتی همراه با خامه ترش و نان چاودار سرو می‌گردد.","balanced","معتدل و تر","فلفل سیاه و شوید","345","120","متوسط","روسیه","کلم سفید:500:گرم | گوشت گاو یا مرغ:500:گرم | سیب‌زمینی متوسط:450:عدد | هویج:150:گرم | پیاز:1:عدد | رب گوجه فرنگی:30:قاشق | آب گوشت یا سبزیجات:2000:میلی‌لیتر | برگ بو:2:به میزان لازم | نمک و فلفل سیاه و زرد چوبه:1:به میزان لازم","گوشت را به همراه آب، نمک و برگ بو در یک قابلمه بزرگ قرار دهید و اجازه دهید به جوش بیاید. کف روی گوشت را بگیرید و سپس حرارت را کم کنید تا گوشت کاملاً پخته و نرم شود. | پس از پخت، گوشت را از قابلمه خارج کرده، به قطعات کوچک تقسیم کنید و دوباره به همراه آب گوشت به قابلمه بازگردانید. | پیاز را نگینی خرد کرده و هویج را رنده کنید. در یک تابه با مقداری روغن تفت دهید تا سبک و طلایی شوند، سپس رب گوجه فرنگی را اضافه کرده و ۲ دقیقه دیگر تفت دهید تا رنگ رب باز شود. | کلم سفید را به صورت نوارهای باریک خرد کنید و سیب‌زمینی‌ها را به صورت مکعبی برش بزنید. کلم و سیب‌زمینی را به قابلمه حاوی آب گوشت اضافه کنید. | مخلوط پیاز، هویج و رب را به قابلمه اضافه کرده، نمک و فلفل سوپ را تنظیم کنید. اجازه دهید سوپ به مدت ۱ تا ۱.۵ ساعت با حرارت بسیار ملایم بپزد تا طعم‌ها کاملاً با هم ترکیب شده و جا بیفتد. | سوپ داغ را در کاسه کشیده و در لحظه سرو، یک قاشق خامه ترش و مقداری شوید تازه خرد شده روی آن بریزید."
"dish-9-1766972486976","پلو ازبکی اصل","international","پلو ازبکی یا 'اوپولوف' یکی از شاهکارهای آشپزی آسیای مرکزی است. این غذا با استفاده از هویج فراوان، گوشت گوسفندی و ادویه مخصوص زیره تهیه می‌شود و به دلیل پخت در ظرف‌های ضخیم (کازان) بافتی بسیار لطیف و عطر و بویی فوق‌العاده دارد.","hot","undefined","زیره سیاه|سماق","780","150","متوسط","ازبکستان","برنج باسماتی یا محلی:720:پیمانه | گوشت گوسفند یا گاو (با استخوان):800:گرم | پیاز بزرگ:3:عدد | هویج زرد یا نارنجی:400:گرم | روغن نباتی یا دنبه:240:میلی‌لیتر | سیر:1:حبه | زیره سیاه:0:به میزان لازم | نمک و فلفل سیاه:1:به میزان لازم | نمک و فلفل و زردچوبه:1:به میزان لازم | آب:1400:میلیلیتر","برنج را شسته و به مدت حداقل ۱ ساعت در آب ولرم خیس کنید. گوشت را به قطعات درشت و یکدست (حدود ۵ سانتی‌متر) برش بزنید. | در یک دیگ بزرگ و با دیواره ضخیم (کازان)، روغن را کاملا داغ کرده و پیازهای خلالی را در آن سرخ کنید تا به رنگ قهوه‌ای تیره درآیند. پیازها را از روغن خارج کرده و کنار بگذارید. | گوشت را در همان روغن و با حرارت بالا سرخ کنید تا تمام سطوح آن کاملا قهوه‌ای و برشته شود. نمک و فلفل سیاه را در این مرحله به گوشت اضافه کنید. | هویج‌های خلالی شده را روی گوشت بریزید و بدون هم زدن اجازه دهید ۱۰ دقیقه با بخار ملایم نرم شوند. سپس پیازهای سرخ شده را به دیگ برگردانده و زیره سیاه را اضافه کنید. | آب داغ را به دیگ اضافه کنید تا روی مواد را کاملا بپوشاند و اجازه دهید حدود ۱.۵ تا ۲ ساعت با حرارت ملایم بپزد تا گوشت کاملا نرم شده و مایع 'زیراواک' غلیظ و طعم‌دار شود. | برنج خیس خورده را آبکش کرده و به صورت یکنواخت روی لایه گوشت و هویج پخش کنید. بوته سیر را به صورت کامل و با پوست در مرکز برنج فرو ببرید. سطح آب باید حدود ۱ تا ۲ سانتی‌متر بالاتر از سطح برنج باشد. | حرارت را زیاد کنید تا آب تبخیر شود، سپس برنج را در مرکز به صورت تپه‌ای جمع کرده و چند حفره برای خروج بخار ایجاد کنید. درب ظرف را با دم‌کنی بسته و به مدت ۳۰ تا ۴۵ دقیقه با حرارت بسیار ملایم دم بگذارید. هنگام سرو، برنج را از لبه‌ها به سمت مرکز هم زده و گوشت را روی پلو قرار دهید."
"dish-khorak-s3-p2-1","کشک سیب‌زمینی کرمانی","khorak","یک غذای سنتی و بسیار مقوی که ترکیبی لذیذ از پوره سیب‌زمینی، کشک و مغز گردو است و با پیاز داغ فراوان سرو می‌شود.","cold","سرد و خشک","گردو، نعناع داغ، سیر داغ، زیره","420","45","آسان","ایران","سیب‌زمینی درشت:4:عدد | کشک غلیظ:1:میلیلیتر | پیاز بزرگ:2:عدد | مغز گردو خرد شده:0.5:پیمانه | نعناع خشک:2:قاشق | سیر رنده شده:3:حبه","سیب‌زمینی‌ها را آب‌پز کرده و کاملاً له (پوره) کنید. | پیازها را نگینی خرد کرده و در روغن تفت دهید تا طلایی شوند، سپس سیر و زردچوبه را اضافه کنید. | نعناع خشک را به پیاز داغ اضافه کرده و ۱۰ ثانیه تفت دهید. | پوره سیب‌زمینی را به مخلوط پیاز و نعناع اضافه کرده و خوب هم بزنید. | کشک را با کمی آب رقیق کرده و به مواد اضافه کنید و اجازه دهید ۱۰ دقیقه با حرارت ملایم جا بیفتد. | در آخر گردوی خرد شده را اضافه کرده و با پیاز داغ تزیین کنید."
"dish-khorak-s3-p2-11","خوراک کله گنجشکی (تهرانی)","khorak","یک خوراک خانگی و سریع شامل کوفته‌ریزه‌های گوشت و سیب‌زمینی در سس گوجه‌فرنگی.","balanced","معتدل","سماق، fلفل سیاه، ریحان","420","60","آسان","ایران","گوشت چرخ کرده:300:گرم | سیب‌زمینی متوسط:2:عدد | پیاز:2:عدد | رب گوجه فرنگی:2:قاشق | مرزه خشک (اختیاری):1:قاشق غذاخوری","گوشت را با یک پیاز رنده شده قلقلی کرده و سرخ کنید. | پیاز دیگر را تفت داده و رب را اضافه کنید، سپس سیب‌زمینی‌های مکعبی را بریزید. | آب اضافه کنید و پس از جوش آمدن، کوفته‌ها را داخل سس بریزیید تا بپزند."
"dish-khorak-s3-p2-12","خوراک واویشکا دل و جگر","khorak","یک خوراک سریع و پرانرژی با ترکیب دل، جگر و قلوه گوسفندی همراه با پیاز و گوجه‌فرنگی.","hot","گرم و تر","آب نارنج، سماق، پیاز خام","480","40","آسان","ایران","دل، جگر و قلوه گوسفند:500:گرم | پیاز بزرگ:3:عدد | گوجه‌فرنگی خرد شده:2:گرم | رب انار:1:قاشق | فلفل قرمز:0:به میزان لازم","پیاز را خلالی کرده و کاملاً طلایی کنید. | دل و قلوه را خرد کرده و ابتدا تفت دهید (چون دیرپزترند). | جگر را اضافه کنید و با حرارت بالا تفت دهید تا سفت نشود. | گوجه و ادویه‌ها را اضافه کرده و درب تایه را ۵ دقیقه بگذارید."
"dish-khorak-s3-p2-13","خوراک لوبیا قرمز تند","khorak","یک خوراک گیاهی مقوی و گرم که معمولاً برای صبحانه یا شام سرو می‌شود و با پیازداغ و گلپر طعم‌دار می‌شود.","hot","گرم و تر","روغن زیتون، آبلیمو، زیره","300","120","آسان","ایران","لوبیا قرمز:2:پیمانه | پیاز بزرگ:1:عدد | سیب‌زمینی:1:عدد | رب گوجه فرنگی:1:قاشق | گلپر:1:به میزان لازم","لوبیا را از شب قبل خیس کرده و بپزید. | سیب‌زمینی را درسته در قابلمه بیندازید تا بپزد، سپس خارج کرده، پوره کنید و به قابلمه برگردانید. | پیاز داغ و رب تفت داده شده را اضافه کنید و اجازه دهید خوراک غلیظ شود. | موقع سرو گلپر و آبلیمو بزنید."
"dish-khorak-s3-p2-14","کتلت بادمجان (بدون گوشت)","khorak","یک گزینه گیاهی عالی برای علاقه‌مندان به بادمجان که بافتی نرم و طعمی دودی دارد.","cold","سرد و خشک","گردو، زیره، fلفل سیاه","250","60","آسان","ایران","بادمجان قلمی:4:عدد | سیب‌زمینی متوسط پخته:2:عدد | پیاز رنده شده:1:عدد | تخم‌مرغ:2:عدد | پنیر پارمزان یا آرد سوخاری:0.5:گرم","بادمجان‌ها را کبابی کرده و ساطوری کنید. | سیب‌زمینی را رنده کرده و با بادمجان، پیاز و ادویه مخلوط کنید. | تخم‌مرغ و پنیر را اضافه کرده و مایه را به صورت دایره‌ای در روغن سرخ کنید."
"dish-khorak-s3-p2-15","شامی لپه شیرازی","khorak","شامی خوشمزه با ترکیب گوشت و لپه که در شیراز معمولاً با نان سنگک و سبزی خوردن سرو می‌شود.","hot","گرم و خشک","آبلیمو تازه، دوغ","390","60","آسان","ایران","گوشت چرخ کرده:400:گرم | لپه پخته و له شده:1:پیمانه | تخم‌مرغ:3:عدد | پیاز:1:عدد | ترخون و مرزه خشک:1:قاشق غذاخوری","لپه پخته را کاملاً له کنید و با گوشت و پیاز رنده شده مخلوط کنید. | سبزیجات خشک، تخم‌مرغ و ادویه‌ها را بیفزایید. | مایه را خوب ورز دهید و به شکل گرد سرخ کنید."
"dish-khorak-s3-p2-16","خوراک کدو حلوایی با عدس","khorak","یک خوراک گرم زمستانی با شیرینی طبیعی کدو حلوایی و پروتئین عدس.","cold","سرد و تر","گردو، دارچین، fلفل سیاه","310","45","آسان","ایران","کدو حلوایی مکعبی:500:گرم | عدس پخته:1:پیمانه | پیاز:2:عدد | رب انار:2:قاشق | دارچین و گردو:0:به میزان لازم","پیاز را تفت دهید و کدوها را به آن اضافه کنید تا کمی سرخ شوند. | عدس پخته و رب انار را اضافه کرده و با نصف استکان آب بگذارید جا بیفتد. | در آخر دارچین و گردو بپاشید."
"dish-khorak-s3-p2-18","خوراک گوشت و لوبیا سبز","khorak","خوراکی لذیذ با تکه‌های گوشت، لوبیا سبز تازه و هویج در سس گوجه‌فرنگی غلیظ.","balanced","معتدل رو به سرد","زیره، دارچین، لیمو عمانی","450","120","آسان","ایران","گوشت گوسفندی تکه‌ای:300:گرم | لوبیا سبز خرد شده:400:گرم | هویج:200:گرم | سیب‌زمینی:1:عدد | رب گوجه فرنگی:2:قاشق","گوشت را با پیاز بپزید. | لوبیا سبز و هویج تفت داده شده را به گوشت نیم‌پز اضافه کنید. | رب و ادویه را بیفزایید و بگذارید خوراک کاملاً غلیظ شود."
"dish-khorak-s3-p2-19","کوفته برنجی (بدون فر)","khorak","کوفته‌های سنتی با ترکیبی از برنج، لپه و سبزیجات معطر که در سس مخصوص پخته می‌شوند.","balanced","معتدل","سماق، fلفل سیاه، ترشی","480","90","آسان","ایران","گوشت چرخ کرده:300:گرم | برنج نیم‌پز:1:پیمانه | لپه پخته:0.5:پیمانه | سبزی کوفته:1:پیمانه | آلو بخارا:10:عدد","تمام مواد را با هم مخلوط کرده و ۱۰ دقیقه ورز دهید تا چسبنده شود. | از مواد به اندازه نارنگی برداشته و وسط آن آلو بگذارید و گرد کنید. | کوفته‌ها را در سس در حال جوش (آب، رب، پیاز داغ) قرار دهید تا بپزند."
"dish-khorak-s3-p2-2","فلافل اهوازی اصل","khorak","غذای محبوب و تند جنوبی که از نخود خام خیس‌خورده تهیه شده و با ادویه‌های مخصوص طعم‌دار و در روغن فراوان سرخ می‌شود.","hot","گرم و خشک","ترشی لفت، کاهو، سس ماست یا ارده","450","60","آسان","ایران","نخود خیس‌خورده (۲۴ ساعت):500:گرم | پیاز متوسط:2:عدد | سیر:5:حبه | جعفری خرد شده:3:گرم | بیکینگ پودر:1:گرم | پودر انبه و ادویه فلافل:2:قاشق غذاخوری","نخودهای خیس خورده را همراه با پیاز و سیر دو بار چرخ کنید تا کاملاً نرم شوند. | جعفری، ادویه‌ها، نمک و بیکینگ پودر را به مایه اضافه کرده و خوب ورز دهید. | مایه را یک ساعت در یخچال استراحت دهید. | در ظرف گود روغن فراوان ریخته و بگذارید کاملاً داغ شود. | با قالب فلافل از مایه برداشته و در روغن شناور سرخ کنید تا طلایی و مغزپخت شوند."
"dish-khorak-s3-p2-20","یتیمچه کدو و بادمجان","khorak","یتیمچه کدو و بادمجان یکی از خوراک‌های اصیل و سالم ایرانی است که به دلیل ترکیب متنوع سبزیجات، منبع خوبی از فیبر و ویتامین‌ها می‌باشد. این نسخه ترکیبی، طعم ملایم کدو و طعم لذیذ بادمجان را در کنار هم دارد.","balanced","معتدل","کشک، سیر داغ، آبغوره","240","60","آسان","ایران","بادمجان:900:عدد | کدو سبز:600:گرم | سیب‌زمینی:400:عدد | رب گوجه فرنگی:500:قاشق | پیاز:2:عدد | سیر:3:حبه | رب گوجه فرنگی:60:قاشق | آب:100:میلیلیتر | روغن مایع:1:به میزان لازم | نمک و فلفل و زردچوبه:1:به میزان لازم | نمک و فلفل سیاه:1:به میزان لازم | نمک و فلفل و زردچوبه:1:به میزان لازم","ابتدا بادمجان‌ها و کدوها را پوست بگیرید و به صورت حلقه‌ای خرد کنید. بادمجان‌ها را نیم ساعت در آب نمک قرار دهید تا تلخی آن‌ها گرفته شود و سپس آبکشی و خشک نمایید. | سیب‌زمینی‌ها و گوجه‌فرنگی‌ها را نیز به صورت حلقه‌های یکسان برش بزنید. | در یک قابلمه مناسب، پیازهای خلالی شده را با روغن تفت دهید تا سبک و طلایی شوند. سپس سیرهای رنده شده را اضافه کرده و فقط در حدی که عطرشان بلند شود تفت دهید. | مواد را به صورت لایه لایه روی پیازها بچینید؛ به ترتیب: بادمجان، کدو، سیب‌زمینی و در لایه آخر گوجه‌فرنگی‌ها را قرار دهید. | رب گوجه‌فرنگی را در ۱۰۰ میلی‌لیتر آب حل کرده و نمک، فلفل سیاه و زردچوبه را به آن اضافه کنید تا سس یکدستی حاصل شود. | سس را روی تمام مواد بریزید. درب قابلمه را بگذارید و با حرارت ملایم اجازه دهید حدود ۵۰ تا ۶۰ دقیقه بپزد تا سبزیجات کاملاً نرم شوند و غذا جا بیفتد."
"dish-khorak-s3-p2-3","سمبوسه سیب‌زمینی تند","khorak","یک میان‌وعده یا خوراک لذیذ جنوبی که نان لواش برشته با مایه سیب‌زمینی تند و سبزیجات معطر پر می‌شود.","hot","گرم و خشک","سس تمبر هندی، شربت سکنجبین","380","50","آسان","ایران","سیب‌زمینی متوسط:4:عدد | نان لواش:6:عدد | جعفری و تره خرد شده:1:پیمانه | پیاز بزرگ:1:عدد | فلفل قرمز فراوان:0:به میزان لازم","سیب‌زمینی‌ها را آب‌پز کرده و نگینی ریز خرد یا له کنید. | پیاز را تفت دهید تا طلایی شود، سپس سبزیجات و ادویه‌ها را اضافه کنید. | مایه را با سیب‌زمینی مخلوط کنید. | نان لواش را به صورت نوارهای مستطیلی برش زده و مقداری از مایه را لای آن قرار داده و مثلثی بپیچید. | سمبوسه‌ها را در روغن داغ سرخ کنید تا برشته شوند."
"dish-khorak-s3-p2-4","دلمه برگ مو تبریزی","khorak","اصیل‌ترین دلمه آذربایجان که با برگ‌های تازه مو، سبزیجات معطر و مایه گوشت و لپه تهیه شده و طعمی ملس دارد.","balanced","معتدل (متمایل به سرد)","سیاه‌دانه، ادویه‌های گرم، زنجبیل","400","120","آسان","ایران","برگ مو تازه:500:گرم | گوشت چرخ کرده:300:گرم | لپه پخته شده:0.5:پیمانه | برنج نیم‌پز:1:پیمانه | سبزی دلمه (تره، مرزه، ترخون):300:گرم | سرکه و شیره (برای چاشنی):1:پیمانه","پیاز را تفت داده و گوشت را به آن اضافه کنید تا سرخ شود. | لپه، برنج و سبزیجات خرد شده را به گوشت اضافه کرده و هم بزنید. | برگ‌ها را در آب جوش قرار دهید تا نرم شوند، سپس مقداری از مایه را وسط هر برگ گذاشته و محکم بپیچید. | دلمه‌ها را در قابلمه چیده و چاشنی سرکه شیره را روی آن‌ها بریزید. | اجازه دهید با حرارت ملایم ۱.۵ ساعت بپزد و جا بیفتد."
"dish-khorak-s3-p2-5","دلمه بادمجان و فلفل","khorak","ترکیبی رنگارنگ از بادمجان‌های دلمه‌ای و فلفل‌های رنگی که با مایه گوشتی پر شده و در سس گوجه‌فرنگی پخته می‌شوند.","hot","گرم و خشک","سکنجبین، دوغ محلی","420","90","آسان","ایران","بادمجان دلمه‌ای:4:عدد | فلفل دلمه‌ای رنگی:3:عدد | گوشت چرخ کرده:400:گرم | لپه و برنج (مجموعاً):1:پیمانه | رب گوجه فرنگی:3:قاشق","داخل بادمجان و فلفل‌ها را خالی کنید. | مایه دلمه (ترکیب گوشت تفت داده شده با حبوبات و سبزی) را آماده کنید. | شکم سبزیجات را با مایه پر کنید. | سس غلیظی با رب گوجه و آبلیمو درست کرده و دلمه‌ها را درون آن بچینید. | یک ساعت زمان دهید تا با درب بسته بپزند."
"dish-khorak-s3-p2-6","شامی پوک رشتی","khorak","شامی سنتی گیلان که با گوشت پخته ریش‌ریش شده و لپه فراوان تهیه می‌شود و بافتی بسیار ترد و پوک دارد.","hot","گرم و خشک","سماق، زیتون پرورده، آب نارنج","380","150","آسان","ایران","گوشت گوساله بدون چربی:400:گرم | لپه:2:پیمانه | تخم‌مرغ:4:عدد | زعفران دم‌کرده:1:به میزان لازم | پیاز بزرگ:1:عدد","گوشت را با پیاز و زردچوبه بپزید تا کاملاً نرم شود، سپس ریش‌ریش کنید. | لپه را کاملاً بپزید و سپس با گوشت چرخ کنید یا در غذاساز له کنید. | تخم‌مرغ‌ها و زعفران را اضافه کرده و ۱۰ دقیقه ورز دهید. | از مایه برداشته، گرد کرده، وسط آن را سوراخ کنید و در روغن سرخ کنید."
"dish-khorak-s3-p2-7","خوراک کدو سبز و قارچ رژیمی","khorak","یک خوراک گیاهی، فوق‌العاده سبک و سریع برای کسانی که به دنبال کاهش وزن هستند.","cold","سرد و تر","فلفل سیاه، پودر سیر، آویشن، زیره","210","30","آسان","بین‌المللی","کدو سبز متوسط:4:گرم | قارچ اسلایس شده:300:گرم | پیازچه خرد شده:0.5:عدد | سیر رنده شده:2:حبه | روغن زیتون:2:قاشق","کدوها را حلقه‌ای یا رشته‌ای خرد کنید. | قارچ‌ها را با حرارت بالا تفت دهید تا آب نیندازند. | سیر و پیازچه را با روغن زیتون تفت دهید، سپس کدو را اضافه کنید. | در آخر قارچ‌ها و ادویه را اضافه کرده و پس از ۵ دقیقه سرو کنید."
"dish-khorak-s3-p2-8","پیراشکی مرغ و سبزیجات","khorak","خمیرهای لطیف پر شده با مرغ پخته، ذرت و فلفل دلمه‌ای که در فر پخته یا در روغن سرخ می‌شوند.","cold","سرد و تر","آویشن، fلفل سیاه، سس تند","480","60","آسان","بین‌المللی","سینه مرغ پخته و ریش شده:300:گرم | خمیر پیراشکی آماده:1:بسته | قارچ و ذرت (مجموعاً):1:پیمانه | پنیر پیتزا (اختیاری):100:گرم | فلفل دلمه‌ای:1:عدد","مرغ، قارچ، ذرت و فلفل دلمه‌ای را با رب و ادویه تفت دهید. | مقداری از مایه را لای خمیر قرار داده و لبه‌های آن را ببندید. | روی پیراشکی‌ها زرده تخم‌مرغ بزنید و در فر ۱۸۰ درجه قرار دهید تا طلایی شوند."
"dish-khorak-s3-p2-9","شامی پوک قزوینی","khorak","شامی سنتی قزوین که با استفاده از آرد نخودچی و گوشت تهیه شده و به دلیل بافت ابریشمی‌اش معروف است.","hot","گرم و خشک","آبغوره، سماق، سبزی خوردن","360","45","آسان","ایران","گوشت چرخ کرده:300:گرم | آرد نخودچی:1:قاشق | پیاز رنده شده:1:عدد | تخم‌مرغ:2:عدد | بیکینگ پودر:1:گرم","تمام مواد را با هم مخلوط کرده و حداقل ۱۵ دقیقه ورز دهید. | مایه باید حالت چسبنده و منسجم پیدا کند. | شامی‌ها را به شکل گرد و سوراخ‌دار در روغن داغ سرخ کنید."
"dish-polo-0","دمی لخ‌لخ بوشهری","polo","دمی لخ‌لخ یکی از غذاهای اصیل و پرطرفدار جنوب ایران، به‌ویژه استان بوشهر است که از ترکیب ماهی تازه، سبزیجات معطر و تمر هندی تهیه می‌شود و طعمی تند و ترش دارد.","cold","سرد و تر","خرما، سیر ترشی، فلفل تند","520","65","متوسط","ایران","ماهی شیر یا هامور (فیله شده):500:پیمانه | برنج:540:پیمانه | سبزی ماهی (گشنیز و شنبلیله):200:گرم | تمر هندی حل شده:150:بسته | پیاز بزرگ:2:عدد | سیر له شده:5:حبه | نمک و فلفل و زردچوبه:1:به میزان لازم | فلفل قرمز:0:به میزان لازم | نمک و فلفل و زردچوبه:1:به میزان لازم | روغن زیتون:60:قاشق","پیازها را نگینی خرد کرده و در روغن زیتون تفت دهید تا کاملا طلایی شوند، سپس سیر له شده و سبزی ماهی خرد شده را اضافه کرده و تفت دهید تا عطر سبزی‌ها خارج شده و کمی تیره شوند. | تمر هندی را در مقداری آب گرم حل کرده، از صافی رد کنید تا هسته و تفاله آن جدا شود، سپس عصاره به دست آمده را به همراه زردچوبه و فلفل قرمز به قابلمه اضافه کنید. | تکه‌های ماهی را درون سس قرار داده و اجازه دهید به مدت ۱۰ تا ۱۵ دقیقه با حرارت ملایم نیم‌پز شده و طعم سس را به خود بگیرند، سپس با احتیاط ماهی‌ها را از قابلمه خارج کرده و کنار بگذارید. | به میزان لازم برای پخت برنج به صورت کته (حدود ۷۰۰ میلی‌لیتر) آب جوش به سس اضافه کرده و نمک آن را تست کنید، سپس برنج شسته شده را درون قابلمه بریزید. | زمانی که آب برنج کشیده شد، تکه‌های ماهی نیم‌پز را روی برنج بچینید و درب قابلمه را با دم‌کنی ببندید تا غذا به مدت ۴۵ دقیقه با حرارت ملایم دم بکشد."
"dish-polo-1","استامبولی پلو با تکه های مرغ","polo","یک غذای محبوب و خوشمزه ایرانی که از ترکیب برنج، گوجه‌فرنگی و تکه‌های مرغ تهیه می‌شود. این غذا با عطر زعفران و ادویه‌های مخصوص، طعمی بی‌نظیر و بافتی نرم دارد.","cold","سرد و تر","زیره سیاه، فلفل سیاه و زعفران","480","90","متوسط","ایران","برنج:4:پیمانه | سینه مرغ:500:گرم | رب گوجه فرنگی:6:قاشق | رب گوجه فرنگی:2:قاشق | سیب‌زمینی:2:عدد | پیاز:2:عدد | زعفران دم‌کرده:1:به میزان لازم","ابتدا برنج را با آب و نمک خیس کنید. | پیازها را نگینی خرد کرده و در روغن تفت دهید تا طلایی شود. | تکه‌های مرغ را به پیاز اضافه کرده و تفت دهید تا رنگ مرغ تغییر کند، سپس ادویه‌ها را بیفزایید. | سیب‌زمینی‌های نگینی را جداگانه سرخ کنید یا به مخلوط مرغ اضافه کنید. | پوره گوجه‌فرنگی و رب را اضافه کنید و تفت دهید تا آب گوجه کشیده شود و سس غلیظ شود. | برنج را به صورت کته (دمی) با مخلوط سس و مقداری آب بپزید یا آبکش کنید. | اجازه دهید پلو به مدت ۴۵ دقیقه با حرارت ملایم دم بکشد."
"dish-polo-10","دمپختک باقالی زرد (تهرانی)","polo","مشهورترین دمپختک ایرانی با رنگ زرد دلپذیر که از باقالی خشک زرد تهیه می‌شود و معمولاً با نیمرو سرو می‌گردد.","cold","سرد و خشک","تخم مرغ نیمرو، روغن حیوانی، فلفل سیاه","400","50","آسان","ایران","برنج:4:پیمانه | باقالی زرد خشک:2:پیمانه | پیاز:2:عدد | نمک و فلفل و زردچوبه:1:به میزان لازم | نمک و فلفل سیاه و زرد چوبه:1:به میزان لازم","باقالی زرد را از ۳ ساعت قبل خیس کنید. | پیازها را سرخ کنید و زردچوبه فراوان بزنید. | باقالی را با کمی آب نیم‌پز کنید، سپس برنج را اضافه کنید. | پس از کشیده شدن آب، روغن بدهید و ۴۰ دقیقه دم بکشد. | این غذا را سنتاً با نیمرو سرو می‌کنند."
"dish-polo-11","دمی اسفناج و برنج","polo","یک پلوی مخلوط بسیار مغذی و سرشار از آهن که با اسفناج تازه و گوشت قلقلی تهیه می‌شود.","cold","سرد و تر","زعفران، فلفل سیاه، زیره","460","60","متوسط","ایران","برنج:4:پیمانه | اسفناج تازه خرد شده:1:گرم | گوشت چرخ کرده:300:گرم | پیاز:2:عدد | آلو بخارا:8:عدد","کوفته قلقلی‌های ریز درست کرده و سرخ نمایید. | اسفناج را با پیاز داغ تفت دهید تا آب آن کشیده شود. | برنج را به صورت کته بار بگذارید. | زمانی که آب برنج نزدیک به تمام شدن بود، اسفناج و کوفته‌ها را اضافه کنید. | زعفران بریزید و ۴۵ دقیقه دم بکشد."
"dish-polo-12","دمی بلغور با عدس","polo","یک غذای سنتی، ساده و مقوی که از ترکیب بلغور گندم و عدس تهیه می‌شود و سرشار از فیبر است.","cold","سرد و خشک","زیره سیاه، دارچین، روغن حیوانی","380","50","آسان","ایران","بلغور گندم:2:گرم | عدس:1:پیمانه | پیاز بزرگ:1:عدد | رب گوجه فرنگی:1:قاشق","عدس را نیم‌‌پز کنید. | پیاز داغ، رب و ادویه را تفت دهید. | بلغور شسته‌شده و عدس نیم‌پز را اضافه کنید. | آب بریزید و اجازه دهید آب آن جذب شود. | دم‌کنی بگذارید و ۴۰ دقیقه با حرارت ملایم دم بکشد."
"dish-polo-13","دمی بلغور جو با برنج","polo","یک غذای سنتی، مقوی و سالم ایرانی که ترکیبی از برنج و بلغور جو است و با عطر شوید خشک و پیاز داغ طعمی بی‌نظیر پیدا می‌کند.","cold","سرد و خشک","زیره، شوید خشک، فلفل سیاه","420","75","متوسط","ایران","برنج:360:پیمانه | بلغور جو:200:گرم | شوید خشک:10:قاشق | پیاز:1:عدد | سیر:2:حبه | روغن زیتون:45:قاشق | آب:1000:میلیلیتر | نمک و فلفل و زردچوبه:1:به میزان لازم | نمک و فلفل و زردچوبه:1:به میزان لازم | نمک و فلفل سیاه:1:به میزان لازم","بلغور جو را حداقل ۲ ساعت در آب خیس کنید، سپس آن را با مقداری آب به مدت ۲۰ دقیقه بپزید تا نیم‌پز شود. | پیاز را نگینی خرد کرده و در روغن تفت دهید تا طلایی شود؛ سپس سیر رنده شده و زردچوبه را اضافه کنید و کمی تفت دهید تا عطر آن‌ها خارج شود. | برنج خیس‌خورده را به همراه بلغور جوی پخته شده، شوید خشک، نمک و فلفل سیاه به پیاز و سیر اضافه کنید. | آب را به قابلمه اضافه کرده و حرارت را زیاد کنید تا آب به جوش آید و سپس صبر کنید تا اکثر آب آن تبخیر شود. | هنگامی که آب تبخیر شد، درب قابلمه را با دم‌کنی بپوشانید و اجازه دهید غذا به مدت ۴۵ دقیقه روی حرارت ملایم دم بکشد."
"dish-polo-14","دمی بلغور گندم","polo","یکی از غذاهای اصیل و روستایی ایران که با بلغور گندم درشت تهیه می‌شود و بسیار لذیذ است.","hot","گرم و معتدل","ماست و خیار، ترشی، آبغوره","350","45","آسان","ایران","بلغور گندم درشت:3:گرم | پیاز:2:عدد | سیب‌زمینی:2:عدد | رب گوجه فرنگی:4:قاشق | رب گوجه فرنگی:1:قاشق","پیاز و سیب‌زمینی را تفت دهید. | پوره گوجه‌فرنگی، رب و ادویه‌ها را اضافه کنید. | بلغور شسته‌شده را اضافه کرده و ۴ پیمانه آب بریزید. | حرارت را متوسط کنید تا آب غذا کشیده شود. | دم‌کنی بگذارید تا ۳۰ الی ۴۰ دقیقه دم بکشد."
"dish-polo-15","دمی عدس با پیازداغ چیپسی","polo","یک غذای سنتی و لذیذ ایرانی که به روش دمی تهیه شده و با پیازهای ترد و طلایی تزیین می‌شود. این غذا سرشار از پروتئین گیاهی و انتخابی عالی برای وعده‌های روزانه است.","cold","سرد و خشک","کشمش، خرما، زعفران، دارچین","580","60","آسان","ایران","برنج:540:پیمانه | عدس:300:پیمانه | پیاز (برای پیازداغ):4:عدد | زعفران دم‌کرده:0:به میزان لازم | چوب دارچین:1:قطعه | آب:900:میلیلیتر | روغن زیتون:45:قاشق | نمک و فلفل و زردچوبه:0:به میزان لازم","عدس‌ها را پس از پاک کردن و شستن، با مقداری آب روی حرارت قرار دهید تا نیم‌پز شوند، سپس آب اضافه آن را کاملاً تخلیه کنید. | برنج را که از قبل به مدت یک تا دو ساعت در آب و نمک خیس کرده‌اید، به همراه عدس نیم‌پز، نمک، زردچوبه، نیمی از روغن زیتون و چوب دارچین درون قابلمه بریزید. | آب را به قابلمه اضافه کنید و روی حرارت متوسط قرار دهید تا بجوشد و آب برنج کاملاً کشیده شود. | در همین حین، پیازها را به صورت خلالی نازک و یکدست خرد کرده و در روغن سرخ کنید تا کاملاً ترد، طلایی و چیپسی شوند. | پس از کشیده شدن آب برنج، چوب دارچین را خارج کرده، باقی‌مانده روغن را اضافه کنید، دم‌کنی بگذارید و حرارت را کم کنید تا پلو به مدت ۳۰ الی ۴۰ دقیقه دم بکشد. | در ۱۰ دقیقه پایانی پخت، زعفران دم‌کرده را روی بخشی از برنج بریزید تا معطر و رنگین شود. | هنگام سرو، دمی عدس را در ظرف مورد نظر کشیده و تمام سطح آن را با پیازداغ فراوان تزیین و میل کنید."
"dish-polo-16","دمی عدس محلی","polo","یک غذای محلی و نوستالژیک که در آن از سبزیجات معطر محلی یا سیر تازه برای عطر و طعم ویژه استفاده می‌شود.","balanced","معتدل","فلفل سیاه، زیره سبز","400","60","متوسط","ایران","برنج:3:پیمانه | عدس محلی ریز:1:پیمانه | سبزی معطر (ترخون، مرزه):2:قاشق غذاخوری | سیر تازه:3:حبه | سیب‌زمینی:1:عدد","عدس را جداگانه بپزید. | پیاز، سیر و سبزیجات را تفت دهید تا عطرشان بلند شود. | برنج و عدس پخته را به مخلوط اضافه کرده و کته کنید. | دمی را بگذارید تا ۴۵ دقیقه با حرارت ملایم بپزد."
"dish-polo-17","دمی گوجه","polo","یک غذای اصیل، ساده و بسیار محبوب ایرانی که با برنج، گوجه‌فرنگی و سیب‌زمینی طبخ می‌شود.","cold","سرد و تر","زیره سیاه، فلفل سیاه","350","60","آسان","ایران","برنج:3:پیمانه | گوجه فرنگی پوره شده:5:میلیلیتر | سیب زمینی:2:عدد | پیاز بزرگ:1:عدد | رب گوجه فرنگی:1:قاشق","پیاز و رب گوجه را تفت دهید تا رنگ باز کند. | پوره گوجه‌فرنگی را اضافه کنید تا آب آن کشیده شود. | سیب‌زمینی و برنج را اضافه کرده و به صورت کته بپزید. | دم‌کنی بگذارید و ۴۵ دقیقه صبر کنید تا دم بکشد."
"dish-polo-18","دمی گوجه با گوشت چرخ‌کرده","polo","نسخه غنی‌تر دمی گوجه که با گوشت چرخ‌کرده تهیه می‌شود و به نام استانبولی پلو نیز شناخته می‌شود.","balanced","معتدل","ماست و خیار با نعنا، سبزی خوردن","480","75","متوسط","ایران","برنج:4:پیمانه | گوشت چرخ کرده:300:گرم | پیاز متوسط:2:عدد | رب گوجه فرنگی:4:قاشق | رب گوجه فرنگی:2:قاشق","گوشت، پیاز و رب را تفت دهید و گوجه را اضافه کنید. | سیب‌زمینی‌ها را سرخ کرده و به مایه اضافه کنید. | برنج را با مایه مخلوط کرده و دم کنید. | اجازه دهید ۴۵ دقیقه دم بکشد."
"dish-polo-19","دمی گوجه و بادمجان","polo","ترکیبی لذیذ از عطر بادمجان سرخ شده و گوجه فرنگی که طعمی متفاوت به برنج می‌دهد.","hot","گرم و خشک","ماست، کشک، سرکه","420","90","متوسط","ایران","برنج:3:پیمانه | بادمجان متوسط:3:عدد | رب گوجه فرنگی:4:قاشق | پیاز بزرگ:1:عدد | رب گوجه فرنگی:1:قاشق","بادمجان‌ها را نگینی خرد کرده و سرخ کنید. | پیاز، رب و گوجه را تفت دهید تا نرم شوند. | بادمجان‌های سرخ شده و برنج را اضافه کنید و کته کنید. | ۴۵ دقیقه دم بکشد."
"dish-polo-2","استامبولی پلو با گوجه","polo","ساده‌ترین و اصیل‌ترین نوع استامبولی که به دمی گوجه نیز معروف است. این غذا بدون گوشت تهیه می‌شود و رنگ قرمز و طعم لذیذ آن ناشی از گوجه‌فرنگی تازه و رب است.","cold","سرد و تر","زیره، دارچین و فلفل قرمز","350","60","آسان","ایران","برنج:4:پیمانه | رب گوجه فرنگی:1:قاشق | سیب‌زمینی:3:عدد | پیاز:2:عدد | رب گوجه فرنگی:1:قاشق | کره یا روغن حیوانی:50:گرم","پیازها را خرد کرده و در روغن تفت دهید تا سبک شوند. | زردچوبه و فلفل را اضافه کنید و سپس سیب‌زمینی‌های نگینی را افزوده و کمی تفت دهید. | گوجه‌فرنگی‌های خرد شده و رب را اضافه کنید و به روغن بیفتد. | برنج خیس شده را به همراه مقدار مناسبی آب به سس اضافه کنید. | وقتی آب برنج کشیده شد، کره یا روغن حیوانی را روی آن بدهید. | درب قابلمه را بگذارید و ۴۰ دقیقه با حرارت ملایم دم بکشد."
"dish-polo-20","دمی لوبیا چشم‌بلبلی","polo","این غذا که گاهی پلو شوشتری نیز نامیده می‌شود، با ترکیب لوبیا چشم‌بلبلی و شوید، عطری بی‌نظیر دارد.","hot","گرم و تر","ادویه کاری، دارچین، فلفل سیاه","400","75","متوسط","ایران","برنج:4:پیمانه | لوبیا چشم‌بلبلی:1.5:پیمانه | شوید تازه خرد شده:2:گرم | پیاز درشت:1:عدد | دارچین و زردچوبه:0:به میزان لازم","لوبیا را جداگانه بپزید. | پیاز و ادویه‌ها را تفت دهید. | برنج را بجوشانید و لوبیا و شوید را اضافه کرده و آبکش کنید. | برنج مخلوط را دم کنید. | لابلای آن دارچین بپاشید."
"dish-polo-21","لوبیا پلو با گوشت چرخ کرده","polo","یکی از مجلسی‌ترین دمی‌های ایرانی که با لوبیا سبز، گوشت و ادویه‌های معطر تهیه می‌شود.","balanced","معتدل (به واسطه ادویه‌های گرم)","پودر گل سرخ، دارچین، زیره","510","105","متوسط","ایران","برنج:4:پیمانه | لوبیا سبز خرد شده:400:گرم | گوشت چرخ کرده:300:گرم | رب گوجه فرنگی:3:قاشق | پودر دارچین و گل سرخ:1:به میزان لازم","پیاز، گوشت و لوبیا سبز را تفت دهید. | رب گوجه و ادویه‌ها را اضافه کنید و با کمی آب بپزید. | برنج را آبکش کنید. | لایه لایه برنج و مایه لوبیا را بریزید و دارچین و گل سرخ بپاشید. | ۱ ساعت دم بکشد."
"dish-polo-22","دمی لوبیا سفید","polo","یک غذای سنتی و مقوی ایرانی که از ترکیب برنج و لوبیا سفید تهیه می‌شود.","balanced","معتدل رو به سرد","زیره سیاه، دارچین، روغن حیوانی","420","90","آسان","ایران","برنج:3:پیمانه | لوبیا سفید:1:پیمانه | شوید خشک:3:قاشق | پیاز بزرگ:1:عدد","لوبیا سفید را بپزید تا کاملاً نرم شود. | پیاز داغ و زردچوبه را آماده کنید و لوبیا را اضافه کنید. | برنج و شوید را اضافه کرده و کته کنید. | وقتی آب برنج کشیده شد، کره بگذارید و ۴۵ دقیقه دم بکشد."
"dish-polo-23","دمی ماش با کدو حلوایی","polo","یک غذای زمستانی بسیار لذیذ و خوش‌رنگ که ترکیبی از ماش و کدو حلوایی شیرین است.","cold","سرد و تر","زیره سبز، فلفل قرمز، دارچین","380","60","متوسط","ایران","برنج:3:پیمانه | ماش:1:پیمانه | کدو حلوایی مکعبی:2:گرم | پیاز:2:عدد | چوب دارچین:1:قطعه","ماش را نیم‌پز کنید. | پیاز و کدو حلوایی را تفت دهید تا نرم شوند. | برنج، ماش و مخلوط کدو را با آب کته بپزید. | زعفران و دارچین بریزید و ۴۰ دقیقه دم بکشد."
"dish-polo-24","دمی ماش شیرازی","polo","استفاده از سبزیجات معطر محلی و زردچوبه فراوان از ویژگی‌های بارز این دمی شیرازی خوشمزه است.","cold","سرد و خشک","فلفل سیاه، ادویه کاری، خرما","400","75","متوسط","ایران","برنج:3:پیمانه | ماش:1:پیمانه | سبزی (شوید و ترخون):200:گرم | پیاز:2:عدد | نمک و فلفل و زردچوبه:1:به میزان لازم","ماش را جداگانه بپزید. | پیاز، سیر و زردچوبه فراوان را تفت دهید. | سبزی‌های خرد شده را اضافه کرده و کمی تفت دهید. | برنج و ماش را اضافه کرده و کته کنید. | اجازه دهید برنج دم بکشد."
"dish-polo-25","دمی ماش و کلم","polo","ترکیبی خلاقانه و سالم شبیه به کلم‌پلوی سنتی اما با جایگزینی گوشت با ماش.","balanced","معتدل","زعفران، زیره، پودر لیمو عمانی","390","75","متوسط","ایران","برنج:3:پیمانه | ماش:1:پیمانه | کلم برگ خرد شده:300:گرم | سبزی معطر (ریحان، ترخون، شوید):150:گرم","ماش را بپزید. | کلم برگ را با زردچوبه تفت دهید تا سرخ شود. | پیاز داغ و سبزیجات را به کلم اضافه کنید. | برنج را کته کنید و قبل از کشیده شدن آب، مخلوط کلم و ماش را اضافه کنید. | ۴۵ دقیقه دم بکشد."
"dish-polo-26","دمی یارما","polo","دمی یارما یا بلغور پلو یکی از غذاهای سنتی مناطق آذربایجان و اردبیل است که با بلغور گندم تهیه می‌شود.","hot","گرم و خشک","روغن حیوانی، ماست چکیده","350","60","آسان","ایران","بلغور گندم درشت:2:گرم | سیب‌زمینی:2:عدد | پیاز:2:عدد | رب گوجه فرنگی:2:قاشق | رب گوجه فرنگی:2:قاشق","پیاز، رب و ادویه را تفت دهید. | گوجه‌فرنگی و سیب‌زمینی را اضافه کنید. | بلغور شسته شده را با آب اضافه کنید. | حرارت را ملایم کنید تا آب آن کشیده شود. | ۳۰ تا ۴۰ دقیقه با شعله بسیار ملایم دم بکشد."
"dish-polo-27","رشته پلو با خرما و گردو","polo","یک غذای اصیل و مجلسی ایرانی که ترکیبی از برنج، رشته پلویی، خرمای شیرین و گردوی ترد است.","hot","گرم و خشک","ماست و خیار، سالاد شیرازی","550","90","متوسط","ایران","برنج:4:پیمانه | رشته پلویی:2:گرم | خرما:1:عدد | گردوی آسیاب شده:0.5:گرم | کشمش پلویی:0.5:گرم","رشته‌ها را در دقایق آخر پخت برنج اضافه کنید و آبکش کنید. | گردو، کشمش و خرما را با پیاز تفت دهید و دارچین بزنید. | مخلوط برنج و رشته را دم کنید. | پس از دم کشیدن، مخلوط خرما را لابلای آن یا روی آن بریزید."
"dish-polo-28","رشته پلو با فیله مرغ","polo","ترکیبی لذیذ از رشته پلو سنتی با فیله‌های مرغ زعفرانی که طعمی متعادل دارد.","balanced","معتدل رو به گرم","زیره، فلفل سیاه","500","75","متوسط","ایران","برنج:4:پیمانه | رشته پلویی:2:گرم | فیله مرغ:500:گرم | پیاز:2:عدد | زعفران دم‌کرده:1:به میزان لازم","فیله‌های مرغ را زعفرانی و مزه‌دار کنید. | برنج و رشته را آبکش کرده و دم کنید. | فیله‌ها را در کره تفت دهید تا طلایی شوند. | پلو را در دیس کشیده و فیله‌ها را روی آن بچینید."
"dish-polo-29","رشته پلو مجلسی","polo","رشته پلو کلاسیک ایرانی که معمولاً در ایام نوروز و چهارشنبه‌سوری طبخ می‌شود.","hot","گرم و خشک","گوشت قلقلی، خورش قیمه","400","60","آسان","ایران","برنج:4:پیمانه | رشته پلویی:2:گرم | کشمش پلویی:1:گرم | کره یا روغن حیوانی:50:گرم | چوب دارچین:1:قطعه","برنج و رشته را با هم بجوشانید و آبکش کنید. | ته دیگ سیب‌زمینی بگذارید و برنج را دم کنید. | کشمش‌ها را با کره تفت دهید. | پس از دم کشیدن، با کشمش و زعفران تزیین نمایید."
"dish-polo-3","استامبولی پلو با گوشت","polo","یک نسخه مجلسی‌تر از استامبولی که با گوشت چرخ‌کرده یا تکه‌ای تهیه می‌شود. ترکیب طعم گوشت تفت داده شده با پیاز و ادویه‌های گرم، سردی گوجه را تعدیل می‌کند.","balanced","معتدل (متمایل به گرم با ادویه)","ماست و سیر، ترشی لیته یا دارچین","520","75","متوسط","ایران","برنج:4:پیمانه | گوشت چرخ کرده:350:گرم | پیاز:2:عدد | سیب‌زمینی:2:عدد | رب گوجه فرنگی:3:قاشق | زعفران دم‌کرده:1:به میزان لازم | پودر دارچین:1:به میزان لازم","پیاز را نگینی خرد کرده و تفت دهید، سپس گوشت چرخ‌کرده را اضافه کرده و خوب سرخ کنید. | ادویه‌ها و رب گوجه‌فرنگی را اضافه کرده و تفت دهید تا بوی خامی رب گرفته شود. | سیب‌زمینی‌ها را جداگانه نگینی سرخ کنید و به مایه گوشتی اضافه کنید. | در انتها پودر دارچین و زعفران را به مایه اضافه کنید. | برنج را آبکش کنید و مایه گوشتی را لایه به لایه بین برنج بریزید. | غذا را به مدت ۴۵ دقیقه تا یک ساعت دم کنید."
"dish-polo-30","رشته پلو با قیسی","polo","یک نسخه شیرین و ملس از رشته پلو که با قیسی تهیه می‌شود و در آذربایجان طرفداران زیادی دارد.","balanced","معتدل","زیره، زعفران","480","90","متوسط","ایران","برنج:4:پیمانه | رشته پلویی:2:گرم | قیسی (برگه زردآلو):200:عدد | پیاز بزرگ:2:عدد | زعفران دم‌کرده:1:به میزان لازم","قیسی‌ها را با پیازداغ و کمی کره تفت دهید. | برنج و رشته را آبکش کنید. | هنگام دم کردن، مواد قیسی را لابه‌لای پلو بدهید. | اجازه دهید دم بکشد."
"dish-polo-31","رشته پلو با مرغ ریش شده","polo","غذایی محبوب که در آن سینه مرغ ریش‌ریش شده با زرشک و ادویه‌ها تفت داده می‌شود.","balanced","معتدل","زرشک، سماق","520","105","متوسط","ایران","برنج:4:پیمانه | رشته پلویی:2:گرم | سینه مرغ:250:گرم | زرشک:0.5:پیمانه | گلاب:1:قاشق","مرغ را بپزید و ریش‌ریش کنید. | مرغ را با پیازداغ، زرشک، زعفران و گلاب تفت دهید. | برنج و رشته را آبکش کنید. | مایه مرغ را لابلای برنج هنگام دم کردن بریزید."
"dish-polo-32","زرشک‌پلو با مرغ","polo","محبوب‌ترین غذای مجلسی ایرانی که ترکیب طعم ترش زرشک و عطر زعفران هارمونی بی‌نظیری ایجاد می‌کند.","cold","سرد و خشک","زعفران، زیره سیاه، خلال پسته","550","90","متوسط","ایران","برنج:4:پیمانه | مرغ:4:گرم | زرشک:1:پیمانه | رب گوجه فرنگی:2:قاشق | زعفران دم‌کرده:1:به میزان لازم","مرغ‌ها را سرخ کنید و با سس رب گوجه بپزید تا غلیظ شود. | زرشک را با کره و شکر و زعفران تفت دهید. | برنج را آبکش کرده و دم کنید. | برنج را با مخلوط زرشک و زعفران تزیین کرده و با مرغ سرو کنید."
"dish-polo-33","زیره پلو با مرغ","polo","زیره پلو غذایی بسیار معطر و مقوی با طبع گرم است که اصالت آن به کرمان برمی‌گردد.","hot","گرم و خشک","ماست و خیار، سالاد شیرازی","480","75","آسان","ایران","برنج:4:پیمانه | سینه مرغ:500:گرم | زیره سیاه پلویی:4:به میزان لازم | چوب دارچین:0.5:قطعه","مرغ را با پیاز و ادویه‌ها سرخ کنید تا پخته شود. | برنج را آبکش کنید. | برنج و زیره را به صورت لایه لایه در قابلمه بریزید. | زعفران بدهید و اجازه دهید ۴۵ دقیقه دم بکشد."
"dish-polo-34","سبزی‌پلو با ماهی","polo","غذای سنتی شب عید ایرانیان که نماد برکت است. ترکیب عطر سبزی‌های تازه با ماهی سرخ‌شده فوق‌العاده است.","cold","سرد و تر","خرما، سیر ترشی، گردو","500","60","متوسط","ایران","برنج:4:پیمانه | ماهی:4:تکه | سبزی پلویی:400:گرم | سیر تازه:4:حبه | ابلیموی ترش و تازه:2:قاشق","ماهی را مزه‌دار کرده و سرخ کنید. | هنگام آبکش کردن برنج، سبزی خرد شده را اضافه کنید. | لابلای برنج سیر تازه بگذارید و دم کنید. | ماهی را در کنار پلوی داغ سرو کنید."
"dish-polo-4","انارپلو قزوینی","polo","انارپلو یکی از غذاهای اصیل و مجلسی استان قزوین است که با ترکیب رنگ‌های جذاب دانه‌های انار، پسته و زعفران، انتخابی ایده‌آل برای مراسم‌های خاص و شب یلدا محسوب می‌شود.","cold","سرد و خشک","زعفران، کشمش و خلال پسته","680","90","متوسط","ایران","برنج:720:پیمانه | دانه‌ی انار:225:گرم | سینه یا ران مرغ:500:گرم | تخم گشنیز پودر شده:0:به میزان لازم | پیاز:2:عدد | زعفران دم‌کرده:0:به میزان لازم | خلال پسته:30:گرم | کشمش پلویی:100:گرم | روغن زیتون:60:قاشق | نمک و فلفل و زردچوبه:1:به میزان لازم","ابتدا مرغ را به همراه یک عدد پیاز، مقداری زعفران دم‌کرده، نمک و فلفل بپزید. پس از پخت کامل و خنک شدن، گوشت مرغ را ریش‌ریش یا به تکه‌های کوچک تقسیم کنید. | پیاز دوم را به صورت نگینی خرد کرده و در تابه با مقداری روغن تفت دهید تا طلایی و سبک شود. سپس مرغ آماده شده را به پیاز اضافه کرده و کمی تفت دهید. | دانه‌های انار، کشمش و پودر تخم گشنیز را به مخلوط مرغ اضافه کنید. مواد را تنها برای ۲ تا ۳ دقیقه تفت دهید تا انارها تغییر شکل ندهند و له نشوند. | برنج را که از قبل خیسانده‌اید در آب جوش بریزید و زمانی که دانه برنج هنوز کمی سفت است (اصطلاحاً زنده‌تر)، آن را آبکش کنید. | ته قابلمه ته‌دیگ مورد نظر را قرار دهید. سپس برنج و مایه انار و مرغ را به صورت لایه لایه داخل قابلمه بریزید. روی هر لایه مقداری زعفران دم‌کرده بدهید. | درب قابلمه را گذاشته و اجازه دهید پلو به مدت ۴۵ دقیقه با حرارت ملایم دم بکشد. در انتها غذا را در دیس کشیده و با خلال پسته تزیین کنید."
"dish-polo-5","آلبالوپلو با مرغ","polo","یک پلوی مجلسی و فصلی با طعم ملس و رنگی اشتهاآور. آلبالو پلو از غذاهای رسمی ایرانی است که معمولاً با گوشت قلقلی یا مرغ سرو می‌شود.","cold","سرد و خشک","زعفران، خلال پسته و شکر","550","120","متوسط","ایران","برنج:4:پیمانه | آلبالو هسته‌گرفته:500:گرم | شکر:200:به میزان لازم | فیله یا سینه مرغ:500:گرم | پیاز:1:عدد | زعفران دم‌کرده غلیظ:1:به میزان لازم","هسته‌های آلبالو را بگیرید و با شکر ۱۰ دقیقه بجوشانید، سپس آلبالو را جدا کنید. | شربت باقی‌مانده را بجوشانید تا کمی غلیظ شود. | مرغ را با پیاز، نمک و زعفران بپزید و سرخ کنید. | برنج را آبکش کنید. | کف قابلمه ته‌دیگ بگذارید، یک لایه برنج ریخته، آلبالو و کمی شربت و مرغ را لایه لایه اضافه کنید. | در آخر زعفران و روغن داغ روی برنج بدهید و ۴۰ دقیقه دم کنید."
"dish-polo-6","چلو ساده","polo","برنج سفید اعلای ایرانی که با مهارت خاص دم کشیده و با زعفران و روغن حیوانی معطر شده است.","cold","سرد و خشک","زعفران | زیره | شوید | روغن حیوانی","350","60","آسان","ایران","برنج ایرانی مرغوب:4:پیمانه | روغن کرمانشاهی یا کره:50:گرم | زعفران دم‌کرده غلیظ:1:به میزان لازم | نمک و فلفل و زردچوبه:1:به میزان لازم","برنج را با آب و نمک فراوان به مدت ۳ تا ۴ ساعت خیس کنید. | برنج را در آب جوش بریزید و پس از حدود ۷ تا ۱۰ دقیقه آبکش کنید. | کف قابلمه روغن ریخته و ته‌دیگ نان یا سیب‌زمینی را قرار دهید. | برنج را به صورت هرمی داخل قابلمه ریخته و دم‌کنی بگذارید. | پس از ۴۵ دقیقه، روغن داغ و زعفران را روی برنج داده و سرو کنید."
"dish-polo-7","دمپخت لای پلو تهرانی","polo","یک غذای اصیل و قدیمی تهرانی که در آن گوشت چرخ‌کرده، سیب‌زمینی و ادویه‌جات به صورت لایه‌لایه میان برنج قرار می‌گیرد.","balanced","معتدل","زیره سیاه، ماست و خیار، ترشی بادمجان","550","75","متوسط","ایران","برنج ایرانی:4:پیمانه | گوشت چرخ کرده:300:گرم | سیب‌زمینی نگینی:2:عدد | پیاز:2:عدد | رب گوجه فرنگی:1:قاشق | زیره سیاه:0.5:به میزان لازم","پیازها را نگینی خرد کرده و در روغن تفت دهید. | گوشت چرخ‌کرده، رب، زردچوبه و ادویه را بیفزایید. | سیب‌زمینی‌های نگینی را سرخ کرده و به مایه اضافه کنید. | برنج را کته کنید و قبل از دم کشیدن، مایه گوشتی را لایه‌لایه بریزید. | برنج را دم بگذارید و ۴۵ دقیقه با حرارت ملایم بپزد."
"dish-polo-8","دمپخت میگو جنوبی","polo","غذایی بسیار مقوی و خوش‌عطر از خطه جنوب ایران که با میگو، سبزیجات معطر و ادویه‌های تند جنوبی طبخ می‌شود.","hot","گرم و تر","شربت سکنجبین، آب انار یا سالاد فصل","480","60","متوسط","ایران","برنج:4:پیمانه | میگو پاک شده:400:گرم | سبزی ماهی (گشنیز و شنبلیله):300:گرم | پیاز:2:عدد | تمر هندی حل شده:0.5:بسته | ادویه کاری و فلفل قرمز:0:به میزان لازم","پیاز و سیر را تفت دهید تا عطر آن بلند شود. | سبزی‌های خرد شده را اضافه کرده و کاملاً سرخ کنید. | میگوها را به همراه ادویه‌ها اضافه کرده و ۲ تا ۳ دقیقه تفت دهید. | آب تمرهندی صاف شده را به مواد اضافه کنید. | برنج را به صورت کته با مواد مخلوط کرده و ۴۵ دقیقه دم بکشد."
"dish-polo-9","دمپختک باقالی (باقالی سبز و شوید)","polo","نسخه کته باقالی پلو که با باقالی سبز تازه و شوید فراوان پخته می‌شود و عطر بهار را به سفره می‌آورد.","cold","سرد و تر","خرمای خشک، دارچین، فلفل سیاه","420","60","آسان","ایران","برنج:4:پیمانه | باقالی سبز تازه:2:پیمانه | شوید تازه خرد شده:2:گرم | کره یا روغن حیوانی:50:گرم | زردچوبه و دارچین:0:به میزان لازم","برنج را خیس کنید. | باقالی‌های سبز را با کمی آب نیم‌پز کنید. | برنج، شوید، زردچوبه و کره را به قابلمه کته اضافه کنید. | وقتی آب برنج در حال تمام شدن بود، باقالی‌ها را اضافه کنید. | کمی دارچین روی برنج بپاشید و ۴۰ دقیقه دم بکشد."
"dish-stew-0","خورش مرغ ترش گیلانی","stew","یک خورش اصیل و لذیذ گیلانی که با ترکیب سبزیجات معطر محلی، گردو و آب نارنج طعمی متمایز و دلچسب دارد.","cold","سرد و تر","فلفل سیاه، سیر، زیره","480","120","متوسط","ایران","مرغ:4:گرم | سبزی (گشنیز، نعنا، جعفری و چوچاق):500:گرم | گردو سابیده شده:100:گرم | لپه:4:پیمانه | سیر:4:حبه | آب نارنج:1:میلیلیتر | تخم مرغ:2:عدد | نمک و زردچوبه:0:به میزان لازم","مرغ را با زردچوبه تفت داده و کنار بگذارید | سبزیجات خرد شده را با روغن سرخ کنید تا عطر آن بلند شود | لپه و گردو را به سبزی اضافه کرده و کمی تفت دهید | مرغ را به همراه ۳ لیوان آب و آب نارنج اضافه کنید تا با حرارت ملایم بپزد | در انتهای پخت سیر له شده را اضافه کنید | تخم مرغ ها را جداگانه هم زده و در ۵ دقیقه آخر به خورش بیفزایید تا ببندد"
"dish-stew-1","خورش مطنجن","stew","خورشی مجلسی و اشرافی از دوره قاجار که با ترکیب مرغ، گردو و میوه‌های خشک طعمی ملس و غنی دارد.","hot","گرم و خشک","انار ترش، سکنجبین","550","180","سخت","ایران","مرغ:4:گرم | گردوی آسیاب شده:250:گرم | رب انار:3:قاشق | قیسی:8:عدد | آلو بخارا:8:عدد | کشمش پلویی:50:گرم | شکر:2:به میزان لازم | زعفران دم کرده:1:به میزان لازم | نمک و فلفل و زردچوبه:1:به میزان لازم","گردو را با کمی آب سرد روی حرارت ملایم بگذارید تا روغن بیندازد | مرغ را با زعفران و نمک سرخ کرده و به گردو اضافه کنید | رب انار و شکر را بیفزایید | آلو، قیسی و کشمش را که از قبل خیسانده‌اید در یک ساعت پایانی اضافه کنید | اجازه دهید خورش با حرارت بسیار کم کاملاً غلیظ و تیره شود"
"dish-stew-10","خورش قلیه میگو","stew","قلیه میگو یکی از اصیل‌ترین و خوشمزه‌ترین غذاهای دریایی جنوب ایران است که با ترکیب میگو، سبزیجات معطر (گشنیز و شنبلیله) و چاشنی تمر هندی تهیه می‌شود و طعمی تند و ترش دارد.","hot","گرم و مرطوب","سکنجبین، آب انار ترش یا سرکه","380","60","متوسط","ایران","میگو پاک شده:500:گرم | سبزی ماهی (گشنیز ۴۰۰ گرم و شنبلیله ۵۰ گرم):450:گرم | پیاز بزرگ:1:عدد | سیر له شده:5:حبه | تمر هندی حل شده:125:بسته | آرد گندم:15:گرم | نمک و فلفل و زردچوبه:1:به میزان لازم | نمک و فلفل و زردچوبه:1:به میزان لازم | فلفل قرمز تند:0:به میزان لازم | روغن مایع:1:به میزان لازم","ابتدا پیاز را به صورت نگینی خرد کرده و در قابلمه با روغن مایع تفت دهید تا سبک و طلایی شود. | سیر له شده را به پیازها اضافه کرده و حدود یک دقیقه تفت دهید تا عطر سیر بلند شود. | سبزی ماهی (ترکیب گشنیز و شنبلیله) را که از قبل کاملاً خرد شده است، به قابلمه اضافه کرده و با حرارت ملایم خوب سرخ کنید تا رنگ آن تیره شود (مراقب باشید سبزی نسوزد وگرنه خورش تلخ می‌شود). | آرد گندم را به همراه زردچوبه و فلفل قرمز تند به مواد اضافه کرده و کمی تفت دهید تا بوی خامی آرد گرفته شود. | تمر هندی را در یک لیوان آب جوش حل کرده و از صافی رد کنید تا هسته و پوست آن جدا شود، سپس عصاره خالص را به خورش اضافه کنید. | دو لیوان آب دیگر به قابلمه اضافه کرده و اجازه دهید خورش با حرارت ملایم بجوشد و کاملاً جا بیفتد. | در ۱۰ دقیقه پایانی پخت، میگوهای پاک شده را که با مقدار کمی نمک و فلفل مزه‌دار کرده‌اید به خورش اضافه کنید (میگو نباید بیش از حد بپزد، زیرا بافت آن سفت و لاستیکی می‌شود). | پس از اینکه خورش به روغن افتاد و غلیظ شد، آن را در ظرف مورد نظر کشیده و همراه با چلو سرو کنید."
"dish-stew-11","خورش قورمه‌سبزی","stew","خورش قورمه‌سبزی اصیل‌ترین و محبوب‌ترین خورش ایرانی است که از ترکیب سبزیجات معطر سرخ‌شده، گوشت گوسفندی، لوبیا و لیمو عمانی تهیه می‌شود. راز خوشمزگی این خورش در سرخ کردن اصولی سبزی و پخت طولانی با حرارت ملایم برای جا افتادن و روغن انداختن آن است.","hot","گرم و خشک","ماست و خیار، عرق کاسنی","450","240","متوسط","ایران","گوشت گوسفندی خورشتی:400:گرم | سبزی قورمه (تره، جعفری، گشنیز، شنبلیله):500:گرم | لوبیا قرمز یا چیتی:150:پیمانه | لیمو عمانی:4:به میزان لازم | پیاز بزرگ:1:عدد | نمک و فلفل سیاه و زرد چوبه:1:به میزان لازم | روغن زیتون:75:قاشق | آبغوره (اختیاری):30:قاشق","پیاز را نگینی خرد کرده و با مقداری روغن زیتون در قابلمه تفت دهید تا سبک و طلایی شود. | گوشت گوسفندی را به پیاز اضافه کرده و تفت دهید تا رنگ آن تغییر کند، سپس زردچوبه و فلفل سیاه را اضافه کنید و کمی دیگر تفت دهید. | لوبیاهایی را که از شب قبل خیس کرده‌اید به قابلمه اضافه کرده و حدود ۴ تا ۵ لیوان آب جوش روی مواد بریزید تا با حرارت ملایم پخت گوشت و لوبیا آغاز شود. | سبزی قورمه را در تابه ای جداگانه با باقی‌مانده روغن زیتون کاملاً سرخ کنید تا رنگ آن تیره شود (مراقب باشید سبزی نسوزد). | پس از گذشت حدود ۱ ساعت از پخت گوشت، سبزی سرخ شده را به خورش اضافه کنید. | لیمو عمانی‌ها را با چنگال سوراخ کرده و در یک ساعت پایانی پخت به همراه نمک و آبغوره به خورش اضافه کنید. | اجازه دهید خورش با حرارت بسیار ملایم به مدت ۳ تا ۴ ساعت بپزد تا کاملاً جا بیفتد و روغن بیندازد."
"dish-stew-12","خورش قیمه","stew","خورش قیمه یکی از اصیل‌ترین و لذیذترین غذاهای سنتی ایران است که از ترکیب گوشت گوسفندی، لپه، لیمو عمانی و سیب‌زمینی سرخ‌کرده تهیه می‌شود. این غذا با عطر زعفران و دارچین، جایگاه ویژه‌ای در سفره‌های ایرانی و مراسم‌های مذهبی دارد.","hot","گرم و خشک","سماق و سالاد شیرازی","480","120","متوسط","ایران","گوشت گوسفندی ریز خرد شده:400:گرم | لپه:150:پیمانه | پیاز درشت:1:عدد | رب گوجه فرنگی:60:قاشق | لیمو عمانی:4:به میزان لازم | سیب‌زمینی:2:عدد | زعفران دم‌کرده:0:به میزان لازم | نمک و فلفل و زردچوبه:0:به میزان لازم | چوب دارچین:1:قطعه | روغن زیتون:45:قاشق | آب:1000:میلیلیتر","پیاز را به صورت نگینی خرد کرده و در روغن زیتون تفت دهید تا طلایی و سبک شود. | گوشت گوسفندی ریز خرد شده را به پیاز افزوده و به خوبی سرخ کنید تا تغییر رنگ دهد. | ادویه‌ها شامل زردچوبه و فلفل را اضافه کنید. سپس لپه را که از قبل خیسانده‌اید اضافه کرده و کمی تفت دهید تا در حین پخت له نشود. | آب را اضافه کرده و پس از جوش آمدن، حرارت را ملایم کنید تا گوشت و لپه به آرامی بپزند. | رب گوجه‌فرنگی را در ظرفی جداگانه با کمی روغن تفت دهید تا بوی خامی آن گرفته شود، سپس در اواسط پخت به خورش اضافه کنید. | لیمو عمانی‌ها را سوراخ کرده و در نیم ساعت آخر پخت به خورش اضافه کنید. | در ۱۵ دقیقه پایانی، نمک، چوب دارچین و زعفران دم‌کرده را برای حفظ عطر و طعم به خورش بیفزایید. | سیب‌زمینی‌ها را خلالی خرد و سرخ کرده و هنگام سرو به عنوان دورچین روی خورش قرار دهید."
"dish-stew-13","خورش قیمه با بامیه","stew","ترکیبی جذاب از خورش قیمه سنتی که در آن بامیه جایگزین سیب‌زمینی شده و طعمی لعاب‌دار و خاص ایجاد می‌کند.","cold","سرد و تر","دارچین، زنجبیل و فلفل سیاه","320","120","متوسط","ایران","گوشت خورشتی:300:گرم | لپه:100:پیمانه | بامیه ریز و تازه:300:گرم | پیاز:1:عدد | رب گوجه فرنگی:2:قاشق | سیر:2:حبه | تمر هندی یا آبلیمو:0:به میزان لازم | نمک، فلفل، زردچوبه و دارچین:0:به میزان لازم","مانند قیمه معمولی، پیاز و گوشت را تفت دهید و لپه را اضافه کنید و بگذارید بپزند. | بامیه‌ها را شسته و دم آن‌ها را کوتاه کنید و در کمی روغن تفت دهید تا لیز نشوند. | رب گوجه‌فرنگی و سیر رنده شده را تفت داده و به خورش اضافه کنید. | وقتی گوشت و لپه پختند، بامیه‌ها را به همراه چاشنی ترش و دارچین اضافه کنید. | اجازه دهید حدود ۲۰ تا ۳۰ دقیقه با حرارت ملایم بپزد تا بامیه‌ها نرم شوند اما له نشوند."
"dish-stew-14","خورش قیمه با قارچ","stew","نسخه‌ای متفاوت از قیمه که در آن قارچ جایگزین گوشت می‌شود (گیاهی) یا به عنوان مکمل به خورش اضافه می‌گردد.","cold","سرد و تر","آویشن، پودر سیر، خردل و زیره","250","90","آسان","ایران","گوشت چرخ کرده:200:گرم | قارچ ورقه شده:400:گرم | لپه:100:پیمانه | پیاز:2:عدد | رب گوجه فرنگی:2:قاشق | سیب‌زمینی:1:عدد | زعفران و آبلیمو:0:به میزان لازم | نمک، فلفل، زردچوبه و دارچین:0:به میزان لازم","لپه را جداگانه نیم‌پز کنید. | پیاز را تفت دهید و اگر از گوشت استفاده می‌کنید آن را سرخ کنید. | قارچ‌های ورقه شده را با حرارت بالا و کمی آبلیمو تفت دهید. | رب گوجه را تفت دهید و به همراه لپه و ادویه‌ها به پایه خورش اضافه کنید. | آب اضافه کنید تا جا بیفتد. | در ۲۰ دقیقه آخر قارچ‌های تفت داده شده و زعفران را اضافه کنید. | با سیب‌زمینی سرخ شده تزیین و سرو کنید."
"dish-stew-15","خورش بامیه جنوبی","stew","خورش بامیه به سبک جنوبی با طعمی تند و ترش، که با تمر هندی و سیر فراوان طبخ می‌شود.","cold","سرد و تر","فلفل، دارچین، زنجبیل و سیر","350","90","متوسط","ایران","گوشت گوسفندی یا گوساله:500:گرم | بامیه ریز:500:گرم | پیاز بزرگ:1:عدد | سیر رنده شده:4:حبه | رب گوجه فرنگی:2:قاشق | شیره تمر هندی:0.5:پیمانه | نمک، فلفل قرمز و زردچوبه:0:به میزان لازم | روغن مایع:0:به میزان لازم","پیاز را تفت دهید تا سبک شود، سپس گوشت را اضافه کرده و سرخ کنید. | سیر رنده شده و زردچوبه را اضافه کنید و تفت دهید. | رب گوجه‌فرنگی را اضافه کرده و تفت دهید، سپس آب جوش بریزید تا گوشت بپزد. | بامیه‌ها را جداگانه کمی تفت دهید تا لیز نشوند. | پس از پخت گوشت، بامیه، شیره تمر هندی، نمک و فلفل قرمز را اضافه کنید. | اجازه دهید خورش با حرارت ملایم ۳۰ دقیقه جا بیفتد."
"dish-stew-16","خورش انار مسمای مجلسی","stew","خورش انار مسما یکی از اصیل‌ترین و لذیذترین غذاهای مجلسی گیلانی است که از ترکیب مرغ با رب انار و دانه‌های انار تهیه می‌شود و طعمی ملس و ظاهری بسیار اشتهاآور دارد.","balanced","معتدل","زعفران و گردو","480","90","متوسط","ایران","ران یا سینه مرغ:800:گرم | پیاز متوسط:2:عدد | رب انار:75:قاشق | دانه انار:150:گرم | زعفران دم‌کرده:1:به میزان لازم | نمک و فلفل سیاه و زرد چوبه:1:به میزان لازم | روغن و کره:50:گرم | شکر (اختیاری):15:به میزان لازم","تکه‌های مرغ را با نمک، فلفل سیاه و زردچوبه مزه‌دار کرده و در تابه‌ای با مخلوط روغن و کره تفت دهید تا دو طرف آن‌ها کاملاً طلایی شود، سپس مرغ‌ها را کنار بگذارید. | پیازها را به صورت نگینی خرد کرده و در همان تابه تفت دهید تا سبک و کاراملی شوند. | رب انار ملس را به پیازها اضافه کرده و حدود یک دقیقه تفت دهید تا بوی خامی آن گرفته شود؛ در صورت تمایل به طعم شیرین‌تر، شکر را در این مرحله اضافه کنید. | مرغ‌های سرخ شده را به سس پیاز و رب اضافه کرده و حدود ۲ لیوان آب جوش روی آن‌ها بریزید. درب قابلمه را گذاشته و اجازه دهید با حرارت ملایم بپزد. | در ۱۵ دقیقه آخر پخت، دانه‌های انار و زعفران دم‌کرده را به خورش اضافه کنید و اجازه دهید خورش کاملاً غلیظ شده و به روغن بیفتد."
"dish-stew-17","خورش انار و بادمجان","stew","یک خورش اصیل و لذیذ ایرانی با ترکیبی از طعم ملس آب انار و بادمجان سرخ شده که معمولاً با گوشت قلقلی تهیه شده و همراه با پلو سرو می‌شود.","balanced","معتدل","گوشت بره, روغن حیوانی, گلپر","530","60","متوسط","ایران","گوشت چرخ کرده:400:گرم | بادمجان قلمی:4:عدد | آب انار تازه:240:میلی‌لیتر | رب انار:40:قاشق | پیاز بزرگ:1:عدد | نمک و فلفل و زردچوبه:0:به میزان لازم | روغن سرخ‌کردنی:100:میلیلیتر","بادمجان‌ها را پوست گرفته، نمک بزنید و پس از ۳۰ دقیقه آن‌ها را شسته، خشک کرده و در روغن سرخ کنید. | پیاز را به صورت نگینی ریز خرد کرده و در روغن تفت دهید تا طلایی شود، سپس گوشت چرخ‌کرده را اضافه کرده و همراه با زردچوبه و فلفل تفت دهید تا رنگ آن تغییر کند. | رب انار را به مخلوط گوشت اضافه کرده و کمی تفت دهید تا بوی خامی آن گرفته شود، سپس آب انار تازه را اضافه کنید. | اجازه دهید سس به جوش بیاید و کمی غلیظ شود، سپس نمک خورش را اندازه کنید. | بادمجان‌های سرخ شده را به آرامی به خورش اضافه کرده و حرارت را ملایم کنید تا خورش به مدت ۲۰ دقیقه جا بیفتد و روغن بیندازد، مراقب باشید بادمجان‌ها له نشوند."
"dish-stew-18","خورش آلو اسفناج","stew","یکی از خورش‌های سنتی و بسیار مقوی ایرانی سرشار از آهن، با طعمی ملس.","cold","سرد و تر","فلفل، دارچین، زعفران","380","120","متوسط","ایران","گوشت خورشتی:500:گرم | اسفناج خرد شده:1:کیلوگرم | آلو بخارا:15:عدد | پیاز بزرگ:1:عدد | آبلیمو یا آبغوره:1:قاشق | نمک و فلفل سیاه و زرد چوبه:1:به میزان لازم | روغن مایع:0:به میزان لازم","پیاز را با گوشت تفت دهید، زردچوبه و فلفل را اضافه کنید. | آب جوش اضافه کنید و اجازه دهید گوشت نیم‌پز شود. | اسفناج خرد شده را جداگانه در تابه تفت دهید تا آب آن کشیده شود. | اسفناج سرخ شده و آلوها را به گوشت اضافه کنید. | در ۲۰ دقیقه آخر نمک و چاشنی ترش را اضافه کنید تا روغن بیفتد."
"dish-stew-19","خورش آلو با مرغ","stew","خورش آلو با مرغ یکی از اصیل‌ترین و لذیذترین خورش‌های ملس ایرانی است که از ترکیب تکه‌های مرغ، آلوی خورشتی و زعفران تهیه شده و همراه با پلو سرو می‌شود.","cold","سرد و تر","زعفران، زنجبیل، زیره","480","60","متوسط","ایران","ران یا سینه مرغ:800:گرم | آلو خورشتی:20:عدد | پیاز متوسط:2:عدد | رب گوجه فرنگی:30:قاشق | زعفران دم‌کرده:0:به میزان لازم | نمک و فلفل و زردچوبه:0:به میزان لازم | روغن و کره:60:گرم | آب:500:میلیلیتر","مرغ‌ها را با نمک و زردچوبه مزه‌دار کرده و در قابلمه با روغن و کره تفت دهید تا طلایی شوند، سپس آن‌ها را کنار بگذارید. | پیازها را نگینی خرد کرده و در همان روغن تفت دهید تا سبک و طلایی شوند. | رب گوجه‌فرنگی را به پیازها اضافه کرده و تفت دهید تا بوی خامی آن گرفته شود و رنگ رب باز شود. | آلوهای خورشتی را که از قبل خیسانده‌اید به پیاز و رب اضافه کرده و تفت کوتاهی دهید. | تکه‌های مرغ را به قابلمه برگردانده و حدود ۵۰۰ میلی‌لیتر آب به آن اضافه کنید. | درب قابلمه را ببندید و اجازه دهید خورش با حرارت ملایم به مدت ۶۰ دقیقه جا بیفتد؛ در پایان پخت زعفران را اضافه کنید تا عطر آن حفظ شود."
"dish-stew-2","خورش ناردون مازندرانی","stew","خورش پاییزی و محبوب مازندرانی که با دانه‌های انار تازه تهیه شده و طعمی ترش و شیرین دارد.","cold","سرد و خشک","گلپر، فلفل سیاه، زنجبیل","460","150","متوسط","ایران","مرغ یا غاز:4:تکه | انار دانه شده:2:پیمانه | رب انار:2:قاشق | پیاز بزرگ:2:عدد | سیر:2:حبه | آب انار:1:پیمانه | نمک و فلفل و زردچوبه:0:به میزان لازم","مرغ را با نمک و زردچوبه کاملاً سرخ کنید و از تابه خارج کنید | پیاز خرد شده را در همان روغن تفت دهید تا طلایی شود | سیر و رب انار را اضافه کرده و کمی تفت دهید | مرغ و آب انار را اضافه کرده و بگذارید با حرارت کم بپزد | نیم ساعت قبل از پایان پخت دانه‌های انار را اضافه کنید تا رنگشان تغییر نکند و خورش جا بیفتد"
"dish-stew-3","خورش هلو","stew","یک خورش تابستانی خاص و معطر که از ترکیب هلوهای سفت و ملس با گوشت مرغ یا گوسفند تهیه می‌شود.","cold","سرد و تر","دارچین، زنجبیل، عسل","390","120","متوسط","ایران","گوشت مرغ یا گوسفند:500:گرم | هلو سفت:4:عدد | پیاز:1:عدد | لپه:3:پیمانه | آبلیموی تازه:1:میلیلیتر | شکر:1:به میزان لازم | زعفران دم کرده:1:به میزان لازم | نمک و روغن:0:به میزان لازم","پیاز را تفت داده و گوشت را با لپه و زردچوبه سرخ کرده و با آب بپزید | هلوها را پوست گرفته، قاچ کنید و در مقداری روغن کمی تفت دهید تا در خورش له نشوند | وقتی گوشت پخت، زعفران و آبلیمو و شکر را اضافه کنید | هلوهای تفت داده شده را به خورش اضافه کنید | ده دقیقه صبر کنید تا خورش جا بیفتد و سپس سرو کنید"
"dish-stew-4","خورش هویج با آلو","stew","خورش اصیل آذری (تبریزی) با رنگ و لعاب عالی که ترکیب هویج خلالی و آلو طعمی ملس به آن می‌بخشد.","balanced","معتدل و تر","لیمو عمانی، فلفل قرمز","430","180","متوسط","ایران","گوشت گوسفندی:400:گرم | هویج:500:گرم | آلو بخارا:10:عدد | پیاز بزرگ:1:عدد | رب گوجه فرنگی:2:قاشق | زعفران دم کرده:1:به میزان لازم | ابلیموی ترش و تازه:1:قاشق | نمک و فلفل و زردچوبه:1:به میزان لازم","گوشت و پیاز را تفت داده و با ۳ لیوان آب بگذارید تا کاملاً بپزد | هویج‌ها را خلالی بسیار نازک خرد کرده و در روغن سرخ کنید تا سبک شوند | آلوهای خیس خورده را در نیم ساعت پایانی به گوشت اضافه کنید | رب گوجه فرنگی را تفت داده و همراه هویج و زعفران به دیگ بیفزایید | اجازه دهید خورش کاملاً غلیظ شده و روغن بیندازد"
"dish-stew-5","خورش هویج با مرغ ریش شده","stew","یک خورش اصیل و مجلسی ایرانی که با ترکیب هویج‌های خلالی، مرغ پخته و ریش شده و طعم ملس آلو بخارا تهیه می‌شود. این غذا انتخابی عالی برای مهمانی‌ها و وعده‌های خانوادگی است.","hot","گرم و تر","آبغوره یا زرشک","385","90","متوسط","ایران","سینه مرغ:500:گرم | هویج:500:گرم | پیاز:2:عدد | رب گوجه فرنگی:40:قاشق | آلو بخارا:10:عدد | آبغوره:45:قاشق | روغن زیتون:45:قاشق | زعفران دم‌کرده:0:به میزان لازم | نمک و فلفل و زردچوبه:1:به میزان لازم | نمک و فلفل و زردچوبه:1:به میزان لازم | نمک و فلفل و زردچوبه:1:به میزان لازم","پیازها را به صورت نگینی ریز خرد کرده و در قابلمه با نیمی از روغن زیتون تفت دهید تا سبک و طلایی شوند. | سینه مرغ را به همراه کمی زردچوبه به پیاز اضافه کرده و با ۲ لیوان آب روی حرارت ملایم قرار دهید تا کاملاً پخته شود. | پس از پخت، مرغ را از قابلمه خارج کرده و به صورت ریش‌ریش درآورید. آب مرغ باقی‌مانده را صاف کرده و برای مرحله پخت خورش نگه دارید. | هویج‌ها را به صورت خلالی نازک (کبریتی) برش زده و در تابه با باقیمانده روغن زیتون تفت دهید تا نرم و کمی طلایی شوند. | رب گوجه فرنگی را به تابه هویج اضافه کرده و تفت دهید تا بوی خامی آن گرفته شده و رنگ باز کند؛ سپس مرغ ریش شده را به آن اضافه کنید. | مخلوط هویج و مرغ را به همراه آب مرغ صاف شده، آلوهای بخارا و زعفران دم‌کرده در قابلمه بریزید و اجازه دهید خورش با حرارت ملایم جا بیفتد. | در ۱۰ دقیقه پایانی پخت، آبغوره، نمک و فلفل را برای تنظیم طعم نهایی اضافه کنید و وقتی خورش به غلظت مطلوب رسید، آن را سرو نمایید."
"dish-stew-6","خورشت بامیه","stew","خورشت بامیه یکی از غذاهای سنتی و اصیل ایرانی است که به دلیل خواص بامیه و طعم ملس و لذیذ آن بسیار محبوب است. این خورش معمولاً با گوشت گوسفندی و چاشنی‌های ترش مانند تمر هندی تهیه می‌شود.","cold","سرد و تر","سیر، زنجبیل یا فلفل سیاه","420","120","متوسط","ایران","گوشت گوسفندی:400:گرم | بامیه سبز:300:گرم | پیاز:1:عدد | سیر:3:حبه | رب گوجه فرنگی:40:قاشق | تمر هندی یا آبغوره:45:قاشق | نمک و فلفل و زردچوبه:0:به میزان لازم | روغن زیتون:30:قاشق","پیاز را نگینی خرد کرده و در روغن زیتون تفت دهید تا طلایی شود. سپس سیر خرد شده را اضافه کرده و تفت دهید تا عطر آن خارج شود. | گوشت گوسفندی را به قابلمه اضافه کرده و سرخ کنید تا تغییر رنگ دهد. سپس زردچوبه و فلفل را اضافه کنید. | آب کافی به قابلمه اضافه کرده و اجازه دهید گوشت با حرارت ملایم به طور کامل پخته شود. | بامیه‌ها را شسته و دم آن‌ها را کمی کوتاه کنید (مراقب باشید به بافت بامیه آسیب نرسد تا لیز نشود) و سپس در تابه با کمی روغن تفت دهید. | رب گوجه فرنگی را جداگانه در روغن تفت دهید تا خوش‌رنگ شود، سپس به همراه بامیه‌های تفت داده شده به گوشت پخته اضافه کنید. | در مرحله آخر، چاشنی تمر هندی یا آبغوره را به همراه نمک اضافه کرده و اجازه دهید خورش با شعله بسیار کم جا بیفتد و غلیظ شود."
"dish-stew-7","خورشت به آلو","stew","خورش پاییزی و معطر با ترکیب بی‌نظیر طعم شیرین به و ترشی آلو بخارا که بسیار مقوی است.","balanced","معتدل و تر","عسل یا دارچین","420","120","متوسط","ایران","گوشت گوسفندی یا گوساله:400:گرم | به بزرگ:2:عدد | آلو بخارا:12:عدد | پیاز:2:عدد | رب گوجه فرنگی:1:قاشق | شکر یا شیره انگور:1:پیمانه | زعفران دم‌کرده:1:به میزان لازم | نمک، فلفل و دارچین:0:به میزان لازم","پیاز را تفت داده و گوشت را با زردچوبه و فلفل سرخ می‌کنیم و با مقداری آب می‌پزیم | به را به صورت مکعبی خرد کرده و در روغن تفت می‌دهیم تا در حین پخت وا نرود | آلوها را از قبل خیس کرده و به همراه به به قابلمه گوشت نیم‌پز اضافه می‌کنیم | رب گوجه، زعفران و پودر دارچین را برای رنگ و بوی بهتر به خورش اضافه می‌کنیم | در اواخر پخت شکر یا شیره را برای ملس شدن طعم اضافه کرده و اجازه می‌دهیم خورش کاملاً غلیظ شود"
"dish-stew-8","خورشت تره سنندجی","stew","خورشت تره یکی از لذیذترین و اصیل‌ترین غذاهای استان کردستان و شهر سنندج است که شباهت ظاهری به قورمه‌سبزی دارد، اما به دلیل استفاده از تره فراوان و زرشک، طعمی منحصر‌به‌فرد و متفاوت دارد.","hot","گرم و خشک","گشنیز یا ماست","480","150","متوسط","ایران","گوشت گوسفندی:500:گرم | تره تازه ساطوری شده:500:گرم | لوبیا سفید یا قرمز:200:پیمانه | پیاز:1:عدد | پودر لیمو عمانی:10:به میزان لازم | زرشک:30:پیمانه | نمک و فلفل و زردچوبه:1:به میزان لازم | نمک و فلفل و زردچوبه:1:به میزان لازم | نمک و فلفل و زردچوبه:1:به میزان لازم | روغن زیتون:45:قاشق | آب:1000:میلیلیتر","لوبیا را از شب قبل خیس کرده و چند بار آب آن را عوض کنید تا نفخ آن گرفته شود. | پیاز را نگینی خرد کرده و در قابلمه با مقداری روغن تفت دهید تا سبک و طلایی شود، سپس گوشت را اضافه کرده و با فلفل و زردچوبه سرخ کنید. | لوبیا را به گوشت اضافه کرده و با افزودن آب کافی اجازه دهید با حرارت ملایم بپزند. | تره خرد شده را در مقداری روغن در یک تابه جداگانه تفت دهید تا رنگ آن کاملاً تغییر کند و عطر آن خارج شود، سپس آن را به قابلمه گوشت و لوبیا اضافه کنید. | در ۳۰ دقیقه پایانی پخت، پودر لیمو عمانی، نمک و زرشک تفت داده شده را برای ایجاد طعم ترش و جذاب به خورش اضافه کنید و اجازه دهید خورش کاملاً جا بیفتد و روغن بیندازد."
"dish-stew-9","خورشت کنگر مشهدی","stew","یک خورش اصیل و خوش‌طعم خراسانی که با گیاه فصلی کنگر، گوشت گوسفندی و سبزیجات معطر تهیه می‌شود و طعمی ملایم و ترش دارد.","hot","گرم و خشک","سرکه یا آبغوره","380","150","متوسط","ایران","گوشت گوسفندی:400:گرم | کنگر پاک شده:500:گرم | جعفری خرد شده:200:گرم | نعنا:50:میلیلیتر | پیاز:1:عدد | آبغوره یا لیمو عمانی:50:قاشق | زعفران دم‌کرده:0:به میزان لازم | نمک و فلفل و زردچوبه:0:به میزان لازم | روغن زیتون:45:قاشق","پیاز را نگینی خرد کرده و با روغن زیتون تفت دهید تا طلایی شود، سپس گوشت را به همراه زردچوبه و فلفل اضافه کرده و تفت دهید تا تغییر رنگ دهد. | به مقدار کافی آب به قابلمه اضافه کرده و حرارت را زیاد کنید تا به جوش آید، سپس حرارت را ملایم کرده و اجازه دهید گوشت بپزد. | کنگرها را به اندازه ۲ بند انگشت خرد کرده و در روغن تفت دهید تا کمی نرم شوند. | ترکیب نعنا و جعفری را نیز در تابه تفت داده و به همراه کنگرها به قابلمه گوشت نیم‌پز شده اضافه کنید. | اجازه دهید خورش با حرارت ملایم کاملاً جا بیفتد و گوشت و کنگرها نرم شوند. | در نیم ساعت پایانی پخت، نمک، زعفران دم‌کرده و چاشنی آبغوره را برای تعادل طعم و طبع به خورش اضافه کنید."
